# Blender v2.93.4 OBJ File: 'untitled2.blend'
# www.blender.org
mtllib pelmen1.mtl
o Retopo_Quad_Sphere_mesh
v 0.061435 10.819128 0.418079
v -1.038176 11.549456 -0.914521
v -1.105893 12.145198 -0.038300
v -1.164869 10.884288 0.658589
v 0.012605 10.803606 0.428680
v -0.038516 10.786705 0.468228
v 0.975714 9.535514 0.094423
v -0.637792 10.828688 0.356642
v 0.492216 10.738649 0.502827
v 0.581406 10.753334 -0.784139
v -0.583955 10.016686 0.588761
v -0.717021 10.039347 0.519417
v 0.663571 9.428017 0.137409
v -1.079008 10.059780 0.395562
v 0.281084 9.909167 -0.725151
v 0.885012 9.638621 0.136456
v 0.746635 9.780321 0.419259
v -0.221213 9.959806 -1.070347
v 0.680088 10.526049 0.577771
v -0.598758 10.727586 0.165396
v -1.622666 10.361698 -0.663718
v 0.184505 11.105444 0.648801
v -0.301005 10.876239 0.475132
v -1.212868 11.406650 0.566238
v -1.385292 11.484909 0.273266
v -0.943422 11.530357 0.590935
v -0.929062 11.948773 0.150603
v -0.762704 11.672017 0.381480
v 0.446552 9.383809 0.360190
v 1.307700 9.788685 0.076871
v 0.109996 9.028965 0.124580
v -0.013574 9.226362 -0.474903
v -0.211796 9.306316 -0.511833
v -0.666409 9.235686 0.299830
v -0.733331 9.323965 -0.519132
v -1.085229 9.123163 0.007521
v -1.069707 9.237288 -0.419530
v -1.195299 10.427217 0.631333
v -0.982318 10.595969 0.588977
v -0.345527 10.716827 0.417337
v -0.300183 9.277347 0.482979
v -0.808063 10.035405 0.542643
v -0.367700 11.147243 0.461835
v -0.165221 11.070120 0.550167
v -0.314986 10.480113 0.484555
v 0.336508 10.018481 0.488306
v -0.578804 10.512619 0.424453
v -1.039907 10.276126 0.465845
v -0.380576 10.967212 0.410930
v -0.385680 11.013516 0.367151
v 0.307259 10.905202 0.386092
v -0.618149 10.599012 0.175049
v 0.222128 10.257554 0.423635
v -0.404567 9.936505 0.386785
v -0.295645 9.766157 0.550585
v 0.391613 10.766971 0.371074
v -0.287641 10.993113 0.396789
v 0.083065 10.798391 0.385983
v 0.188270 10.845153 0.401624
v 0.176871 10.868539 0.431692
v -0.036582 10.762176 0.406284
v -0.023951 10.745483 0.372320
v -0.043641 10.768692 0.434992
v 0.074057 10.851893 0.473034
v 0.010874 10.819787 0.469650
v -0.971175 11.548649 -0.927048
v -0.999169 11.467179 -0.962819
v -1.081513 11.502354 -0.929421
v -1.062918 11.620029 -0.857195
v -0.968308 11.642818 -0.851470
v -1.146441 11.576506 -0.861994
v -1.319056 12.070396 -0.059878
v -1.308287 12.009545 0.039556
v -1.155438 12.056488 0.075264
v -0.946628 12.091538 0.063263
v -0.829399 12.147361 0.006972
v -0.926729 12.228678 -0.085137
v -1.154105 12.210480 -0.140116
v -1.333982 12.131897 -0.138923
v -0.983639 12.284082 -0.156026
v 0.135085 9.733043 -0.672480
v 0.042729 9.677492 -0.697953
v 0.059755 9.737873 -0.799635
v 0.197605 9.801144 -0.697777
v -1.094857 10.930239 0.590783
v -1.123181 10.962232 0.579505
v -1.183016 10.958652 0.634220
v -1.261679 10.954281 0.669437
v -1.266823 10.883161 0.688210
v -1.104501 10.823446 0.656028
v -1.051178 10.905522 0.609817
v -0.069093 10.785212 0.501335
v -0.093975 10.740591 0.471390
v -0.008261 10.837944 0.522237
v 1.054763 9.521018 0.081555
v 1.115697 9.658107 0.137482
v 0.988450 9.616331 0.126885
v 0.891261 9.501285 0.084693
v 0.941178 9.422357 0.067517
v 0.874204 9.578105 0.104797
v -0.618819 10.820623 0.430783
v -0.687533 10.842807 0.437689
v -0.686210 10.840256 0.337104
v -0.633527 10.815125 0.271079
v -0.583523 10.804141 0.325012
v -0.539894 10.787832 0.394168
v 0.537145 10.823784 0.478634
v 0.484153 10.800920 0.438141
v 0.434769 10.738323 0.463255
v 0.578780 10.774148 0.528303
v 0.585645 10.849590 0.518219
v 0.494591 10.672083 0.541100
v 0.573748 10.692690 0.550729
v 0.571704 10.688114 -0.793554
v 0.494051 10.740170 -0.842859
v 0.545133 10.813418 -0.806236
v 0.630921 10.859015 -0.729609
v 0.658814 10.765155 -0.716893
v 0.672568 10.663525 -0.706293
v -0.514791 9.941099 0.614675
v -0.469815 9.917616 0.538864
v -0.515898 10.000239 0.517751
v -0.611857 10.029131 0.508781
v -0.680513 10.039484 0.576259
v -0.623514 10.000627 0.667540
v -0.544514 9.941432 0.682449
v -0.703516 10.036386 0.469536
v -0.818628 10.051854 0.478428
v 0.648852 9.493455 0.170522
v 0.581240 9.401459 0.222214
v 0.633251 9.341705 0.149643
v 0.715608 9.308894 0.096862
v 0.719307 9.413964 0.102609
v 0.718264 9.510667 0.118496
v -1.091789 10.091293 0.368284
v -1.144355 10.093546 0.404068
v -1.108082 10.048920 0.430896
v -1.016412 10.036271 0.408875
v -1.008364 10.069729 0.368933
v -1.036533 10.004987 0.461330
v 0.223525 10.007431 -0.841859
v 0.337333 10.095538 -0.787899
v 0.418386 10.017688 -0.686145
v 0.404025 9.868251 -0.602524
v 0.308132 9.788923 -0.598991
v 0.498348 9.957277 -0.599154
v 0.832321 9.666317 0.165363
v 0.798010 9.583566 0.115632
v 0.975433 9.697053 0.175870
v 0.925773 9.752222 0.228972
v 0.834021 9.914897 0.425116
v 0.772792 9.955866 0.504071
v 0.698828 9.849964 0.522570
v 0.849555 9.778682 0.307982
v 0.921304 9.875946 0.349219
v 0.587752 9.752658 0.575747
v 0.601586 9.688549 0.498205
v 0.584121 9.592456 0.405595
v 0.699344 9.658986 0.324535
v 0.774915 9.684893 0.234130
v -0.147017 10.007451 -1.061399
v -0.096663 9.926624 -1.027876
v -0.206794 9.886440 -1.049314
v -0.282903 9.981373 -1.085926
v -0.207005 10.069042 -1.084638
v -0.302728 9.879342 -1.063908
v 0.618273 10.422698 0.514137
v 0.631523 10.391756 0.533397
v 0.690500 10.453215 0.596898
v 0.744134 10.465380 0.641900
v 0.751441 10.554587 0.635410
v 0.770966 10.648556 0.625737
v 0.709519 10.632718 0.599397
v 0.667133 10.622724 0.574816
v 0.641590 10.540383 0.549930
v 0.597178 10.437819 0.500954
v -0.560902 10.730284 0.192974
v -0.584831 10.772352 0.227094
v -0.629946 10.764565 0.192315
v -0.659733 10.747838 0.173264
v -0.610235 10.707097 0.147229
v -0.555942 10.694783 0.165671
v -1.664758 10.354275 -0.602650
v -1.679295 10.439332 -0.631371
v -1.617576 10.415548 -0.700803
v -1.562696 10.353362 -0.743147
v -1.588367 10.305141 -0.679890
v -1.631919 10.264503 -0.600363
v 0.069812 11.026716 0.617032
v 0.117649 10.979874 0.586623
v 0.224301 11.031640 0.607298
v 0.063068 11.157664 0.660896
v -0.006333 11.084176 0.626692
v 0.313943 11.063348 0.576628
v 0.308673 11.125911 0.606127
v 0.218200 11.203726 0.654505
v 0.107486 11.229853 0.672998
v 0.323150 11.190966 0.625890
v -0.978428 11.102222 0.638094
v -1.003358 11.122114 0.677219
v -1.078622 11.088532 0.643606
v -1.015118 11.079387 0.599341
v -0.316377 10.937456 0.426467
v -0.367859 10.937389 0.434296
v -0.364896 10.886454 0.468428
v -0.244778 10.927915 0.512525
v -0.268262 10.967271 0.447819
v -0.324648 10.779719 0.466696
v -0.263282 10.736079 0.468134
v -0.243815 10.809514 0.506602
v -0.198361 10.872064 0.546169
v -0.381791 10.813868 0.476039
v -1.178575 11.358494 0.614804
v -1.083528 11.437891 0.612886
v -1.148876 11.519008 0.534426
v -1.250978 11.458358 0.501464
v -1.316668 11.334067 0.536477
v -1.271823 11.273024 0.608500
v -1.328431 11.529313 0.332665
v -1.365186 11.648868 0.233754
v -1.428335 11.550575 0.183978
v -1.416522 11.405730 0.281502
v -1.348090 11.418598 0.399389
v -1.485318 11.458959 0.155919
v -0.920722 11.410237 0.667242
v -0.771197 11.433566 0.662610
v -0.773436 11.524508 0.614675
v -0.747109 11.599287 0.554135
v -0.875019 11.617927 0.517532
v -1.048232 11.354430 0.672460
v -0.960316 11.650754 0.457845
v -1.033326 11.601491 0.512518
v -0.856660 11.979254 0.115451
v -1.019040 12.019833 0.130775
v -0.944007 11.876750 0.191412
v -0.832848 11.876904 0.145384
v -1.069224 11.925910 0.212008
v -0.691104 11.672512 0.379274
v -0.699581 11.703227 0.289208
v -0.794198 11.694481 0.321392
v -0.808649 11.654625 0.437943
v -0.712004 11.646522 0.468293
v -0.877797 11.681209 0.383067
v 0.459848 9.523423 0.468771
v 0.359000 9.478249 0.524196
v 0.330632 9.375269 0.443724
v 0.280887 9.227055 0.369561
v 0.371337 9.202976 0.283294
v 0.565484 9.491643 0.315416
v 1.354420 9.734208 -0.025305
v 1.426654 9.922799 -0.035145
v 1.385051 9.982088 0.049841
v 1.314985 10.099991 0.152238
v 1.260292 9.964081 0.204899
v 1.189002 9.857160 0.222614
v 1.218296 9.710104 0.119358
v 0.215119 9.108809 0.265798
v 0.102462 9.134327 0.365900
v 0.008875 9.065528 0.270907
v 0.071570 8.932049 -0.025265
v 0.216005 8.919962 -0.049985
v 0.238883 9.004826 0.054007
v 0.297380 9.089499 0.173177
v -0.006396 9.133747 -0.440683
v -0.130716 9.146885 -0.452604
v -0.091901 9.253782 -0.485566
v 0.108797 9.257730 -0.477001
v 0.149357 9.139403 -0.429071
v 0.029010 9.352972 -0.496954
v -0.235726 9.165200 -0.466244
v -0.380474 9.188868 -0.491066
v -0.394089 9.294545 -0.544535
v -0.062234 9.416373 -0.523146
v -0.587009 9.116225 0.206102
v -0.496577 9.140934 0.270116
v -0.545571 9.253498 0.371747
v -0.750038 9.151134 0.176324
v -0.688038 9.078976 0.130137
v -0.806056 9.337213 0.318169
v -0.844207 9.253901 0.196867
v -0.668309 9.179685 -0.472594
v -0.793994 9.147367 -0.435230
v -0.861757 9.276917 -0.455653
v -0.557859 9.294003 -0.557235
v -0.538341 9.194294 -0.500705
v -0.723774 9.449397 -0.637516
v -0.575019 9.410168 -0.660156
v -1.168335 9.148327 0.001454
v -1.204937 9.064365 -0.021784
v -1.078838 9.053076 -0.010343
v -0.960462 9.066643 0.021678
v -1.008393 9.151268 0.039891
v -1.101055 9.229181 0.042692
v -1.153769 9.281049 -0.413513
v -1.072258 9.366751 -0.420025
v -0.980283 9.252473 -0.430195
v -1.066474 9.129968 -0.400927
v -1.193919 9.156851 -0.392663
v -0.928524 9.126614 -0.412955
v -1.270635 10.371713 0.648306
v -1.241724 10.347631 0.588067
v -1.187845 10.370019 0.574115
v -1.135119 10.367309 0.579969
v -1.116965 10.417813 0.608767
v -1.079579 10.509013 0.640068
v -1.140035 10.535868 0.664628
v -0.943157 10.621613 0.529727
v -0.956475 10.694439 0.534390
v -0.982979 10.713102 0.591451
v -1.014282 10.738189 0.635118
v -1.045350 10.623587 0.627287
v -1.012929 10.484345 0.613453
v -0.898677 10.519197 0.589038
v -0.876074 10.564831 0.541853
v -0.270708 10.683407 0.431495
v -0.323935 10.658024 0.372993
v -0.264044 10.638383 0.400224
v -0.400333 10.707991 0.357933
v -0.381854 10.666282 0.322247
v -0.409173 10.763955 0.448901
v -0.442974 10.745550 0.399080
v -0.369593 9.277949 0.462540
v -0.305422 9.168858 0.389636
v -0.220438 9.200709 0.443970
v -0.277715 9.328937 0.537701
v -0.376660 9.356218 0.552252
v -0.149558 9.257713 0.493952
v -0.853200 10.005498 0.611944
v -0.726049 10.021070 0.652106
v -0.937620 10.002007 0.499575
v -0.972982 9.988461 0.566519
v -0.926867 10.035149 0.445816
v -0.337669 11.130056 0.427565
v -0.282029 11.144020 0.484125
v -0.333388 11.160325 0.504837
v -0.399351 11.163546 0.518703
v -0.420292 11.147099 0.456229
v -0.419365 11.127892 0.403308
v -0.196307 11.134976 0.543398
v -0.243422 11.113005 0.470843
v -0.225853 11.064831 0.467279
v -0.089988 11.134933 0.612557
v -0.149715 11.179906 0.609376
v -0.082566 11.015563 0.597426
v -0.236741 11.014441 0.463359
v -0.198734 10.990988 0.535725
v -0.138219 10.942488 0.576815
v -0.385171 10.487421 0.416747
v -0.425579 10.485950 0.445921
v -0.398526 10.472537 0.509584
v -0.391622 10.449402 0.560951
v -0.302590 10.458570 0.549172
v -0.195956 10.492568 0.501085
v -0.192146 10.501233 0.459681
v -0.284935 10.488664 0.436458
v -0.357088 10.492271 0.385772
v -0.192321 10.475286 0.548385
v 0.275293 9.975743 0.452102
v 0.278662 9.960497 0.527973
v 0.360779 10.017746 0.541658
v 0.377065 10.063099 0.462220
v 0.289441 10.005000 0.391971
v 0.441142 10.082371 0.531284
v -0.528606 10.505914 0.400504
v -0.599342 10.526025 0.344646
v -0.639552 10.529107 0.396657
v -0.576802 10.503506 0.478999
v -0.495145 10.490996 0.469782
v -0.667516 10.528995 0.461937
v -1.061299 10.282586 0.492314
v -1.097669 10.296290 0.456523
v -1.056643 10.283625 0.426291
v -0.983849 10.259507 0.460613
v -0.987447 10.258519 0.494953
v -0.983956 10.261543 0.412971
v -0.339016 10.974953 0.384971
v -0.419084 10.995802 0.428278
v -0.419573 10.963494 0.474364
v -0.284097 11.025392 0.385500
v -0.289507 11.066201 0.383182
v -0.402646 11.062256 0.352178
v 0.314256 10.925193 0.418500
v 0.259328 10.909166 0.431651
v 0.268164 10.886324 0.390276
v 0.275776 10.863100 0.360117
v 0.327207 10.897726 0.361393
v 0.357678 10.928882 0.395357
v -0.645937 10.601164 0.187791
v -0.600338 10.558605 0.232135
v -0.573384 10.566730 0.209833
v -0.614300 10.617258 0.157453
v -0.654397 10.631456 0.167251
v -0.549648 10.581861 0.192809
v 0.245686 10.285360 0.464153
v 0.122024 10.227178 0.465339
v 0.112614 10.205180 0.418264
v 0.253648 10.260800 0.385363
v 0.323949 10.305250 0.451475
v -0.539518 10.024363 0.407726
v -0.564500 10.025052 0.448928
v -0.456389 9.972010 0.452428
v -0.301747 9.864211 0.280495
v -0.317926 9.914186 0.284571
v -0.413735 9.974907 0.358731
v -0.536187 10.030494 0.377128
v -0.429979 9.870477 0.466485
v -0.379073 9.818235 0.385057
v -0.349606 9.763766 0.524260
v -0.384235 9.797668 0.605911
v -0.303911 9.788019 0.612436
v -0.235488 9.764539 0.519123
v -0.277066 9.755174 0.454856
v -0.217554 9.787457 0.602510
v 0.353925 10.733331 0.382413
v 0.388944 10.731610 0.424594
v 0.432280 10.781445 0.398255
v 0.387094 10.791620 0.348796
v 0.332820 10.751470 0.347394
v 0.443206 10.829216 0.379767
v 0.496228 10.862181 0.429343
v 0.480772 10.911617 0.429121
v 0.434131 10.865901 0.373253
v 0.378186 10.822162 0.334983
v 0.415859 10.896355 0.372426
v 0.363098 10.853088 0.335558
v 0.299549 10.809990 0.328220
v 0.316032 10.778960 0.328449
v 0.228283 10.767288 0.360087
v 0.242739 10.739362 0.363961
v 0.262117 10.711799 0.379683
v 0.158001 10.700203 0.389289
v 0.174011 10.679519 0.412196
v 0.192404 10.661542 0.443060
v 0.287443 10.692049 0.410647
v 0.211934 10.644133 0.479803
v 0.313287 10.682223 0.452189
v 0.230612 10.627493 0.523183
v 0.340345 10.677427 0.497932
v 0.247643 10.606226 0.564415
v 0.368964 10.662500 0.535762
v 0.266185 10.568042 0.585740
v 0.381116 10.618129 0.560605
v 0.285229 10.519483 0.584907
v 0.397510 10.565881 0.559079
v 0.500570 10.605065 0.542996
v 0.572727 10.618403 0.549092
v 0.412946 10.508672 0.552453
v 0.502484 10.537504 0.530915
v 0.563504 10.548023 0.528561
v 0.608601 10.548007 0.536496
v 0.624081 10.620778 0.559196
v 0.491412 10.450616 0.513241
v 0.532121 10.453384 0.499885
v 0.568238 10.448423 0.495038
v 0.484181 10.359825 0.446685
v 0.511974 10.352366 0.431714
v 0.535339 10.338532 0.425694
v 0.426338 10.282057 0.347260
v 0.444244 10.262669 0.330655
v 0.455999 10.236271 0.331365
v 0.551184 10.319639 0.430774
v 0.461520 10.209745 0.342230
v 0.559952 10.294776 0.443015
v 0.460845 10.183370 0.357933
v 0.559186 10.266046 0.457647
v 0.631500 10.347413 0.550505
v 0.684497 10.376629 0.611085
v 0.549620 10.228889 0.475825
v 0.615343 10.286601 0.561379
v 0.658583 10.292225 0.614346
v 0.698368 10.278182 0.646215
v 0.728692 10.370813 0.644842
v 0.583918 10.214234 0.569253
v 0.617206 10.209826 0.615715
v 0.651165 10.190304 0.647610
v 0.692412 10.162994 0.658356
v 0.747037 10.256480 0.657081
v 0.560141 10.132537 0.617462
v 0.589883 10.110153 0.649864
v 0.625995 10.080770 0.662399
v 0.664002 10.049200 0.648472
v 0.733193 10.135201 0.642793
v 0.514659 10.039471 0.657822
v 0.548258 10.007538 0.673829
v 0.585724 9.971041 0.665598
v 0.621978 9.934445 0.636761
v 0.701045 10.018845 0.615219
v 0.462044 9.940874 0.692285
v 0.497214 9.898792 0.690389
v 0.530736 9.854376 0.669791
v 0.399226 9.834106 0.718140
v 0.429581 9.783031 0.707864
v 0.457217 9.728659 0.680010
v 0.562408 9.806721 0.633338
v 0.658315 9.896459 0.592322
v 0.734574 9.989231 0.565024
v 0.834148 10.076512 0.489429
v 0.799866 10.097101 0.551086
v 0.769195 10.112712 0.604147
v 0.859716 10.212038 0.544521
v 0.829412 10.218987 0.598610
v 0.791796 10.235154 0.639091
v 0.875518 10.334606 0.587962
v 0.834980 10.345089 0.631585
v 0.784715 10.357723 0.656785
v 0.862369 10.453839 0.616417
v 0.809230 10.460733 0.652191
v 0.876525 10.556580 0.593861
v 0.824569 10.559854 0.636399
v 0.876078 10.655496 0.564474
v 0.830765 10.654886 0.607091
v 0.860879 10.753684 0.534477
v 0.822950 10.750884 0.577559
v 0.773485 10.742744 0.604996
v 0.799990 10.843931 0.549030
v 0.758054 10.834345 0.577476
v 0.711146 10.818743 0.586921
v 0.719052 10.726059 0.598930
v 0.668273 10.801809 0.572458
v 0.673672 10.710941 0.578311
v 0.629423 10.788604 0.551069
v 0.629055 10.701650 0.562164
v 0.655668 10.885065 0.565211
v 0.621944 10.867929 0.546264
v 0.628521 10.962056 0.563886
v 0.598148 10.942951 0.549057
v 0.568456 10.922535 0.523774
v 0.558464 11.009862 0.555112
v 0.534052 10.986240 0.531269
v 0.510817 10.952570 0.487697
v 0.536281 10.894407 0.480780
v 0.488724 11.036826 0.537272
v 0.472265 10.993404 0.488270
v 0.453515 10.944441 0.428322
v 0.430281 11.011468 0.486806
v 0.418123 10.961573 0.430946
v 0.388914 10.918702 0.379757
v 0.370208 10.963637 0.445329
v 0.347008 10.880816 0.341921
v 0.286930 10.838400 0.340268
v 0.202373 10.822914 0.379281
v 0.215240 10.795174 0.364676
v 0.104463 10.778836 0.371660
v 0.125740 10.753678 0.366405
v 0.142638 10.726190 0.373323
v 0.018717 10.701913 0.353650
v 0.039192 10.677220 0.365389
v 0.057282 10.651765 0.387633
v -0.047341 10.620855 0.382783
v -0.029798 10.600682 0.401513
v -0.016389 10.585511 0.432180
v 0.071872 10.633837 0.418932
v -0.006426 10.574378 0.464457
v 0.088171 10.621530 0.455947
v 0.004662 10.561390 0.498120
v 0.103033 10.610054 0.494697
v 0.016602 10.543731 0.534240
v 0.117088 10.592085 0.535286
v 0.029362 10.515508 0.565875
v 0.131807 10.563128 0.570740
v 0.045980 10.476122 0.582203
v 0.149702 10.520937 0.587157
v 0.064347 10.429313 0.575141
v 0.169573 10.473802 0.586027
v 0.081902 10.379267 0.558055
v 0.190450 10.425584 0.568497
v 0.303775 10.468570 0.573516
v 0.212201 10.371537 0.545116
v 0.321785 10.409687 0.553002
v 0.422619 10.438221 0.536965
v 0.334938 10.348618 0.511883
v 0.407271 10.359879 0.491840
v 0.452083 10.362663 0.467320
v 0.362169 10.304784 0.424511
v 0.387799 10.299912 0.395942
v 0.408254 10.293736 0.370164
v 0.277137 10.247767 0.317399
v 0.289056 10.235889 0.290483
v 0.299933 10.216967 0.269573
v 0.138030 10.157839 0.238198
v 0.146098 10.138753 0.213631
v 0.155788 10.114901 0.194353
v 0.313626 10.190902 0.253349
v 0.164811 10.089454 0.184516
v 0.324096 10.162478 0.247581
v 0.171576 10.060830 0.184480
v 0.329963 10.131109 0.254211
v 0.175996 10.030185 0.195262
v 0.329114 10.104546 0.271318
v 0.178991 10.000870 0.218465
v 0.323386 10.082580 0.292988
v 0.451717 10.159108 0.378609
v 0.315327 10.059777 0.319304
v 0.435278 10.131782 0.401972
v 0.528132 10.183997 0.492487
v 0.411670 10.102215 0.427999
v 0.494651 10.137083 0.511213
v 0.537173 10.143233 0.575963
v 0.467314 10.076084 0.582390
v 0.488760 10.061354 0.623215
v 0.381693 10.011263 0.589385
v 0.403380 9.997812 0.634017
v 0.429685 9.974918 0.671156
v 0.313699 9.940795 0.643422
v 0.338853 9.917151 0.686492
v 0.368154 9.880631 0.712487
v 0.243696 9.869715 0.700631
v 0.268811 9.832267 0.733705
v 0.296224 9.782297 0.746309
v 0.166208 9.794393 0.747154
v 0.188602 9.745171 0.766109
v 0.208911 9.689391 0.765584
v 0.322699 9.727259 0.742552
v 0.225882 9.631560 0.744916
v 0.345340 9.669861 0.716887
v 0.238835 9.574919 0.707581
v 0.361486 9.614545 0.673130
v 0.475325 9.672354 0.630936
v 0.367622 9.553386 0.610449
v 0.478572 9.608265 0.560709
v 0.244336 9.517532 0.655922
v 0.236022 9.449216 0.585060
v 0.114190 9.497193 0.699575
v 0.101772 9.437771 0.639853
v 0.076422 9.367401 0.567230
v 0.211365 9.363964 0.511150
v 0.037792 9.279681 0.499103
v 0.168528 9.249233 0.441713
v -0.024442 9.185096 0.444345
v -0.099013 9.330003 0.553556
v -0.107057 9.112587 0.377411
v -0.214268 9.083298 0.307724
v -0.127239 9.036860 0.198731
v -0.077696 8.992535 0.078154
v -0.327530 9.077184 0.241156
v -0.267711 9.025684 0.142166
v -0.236216 8.972998 0.045603
v -0.234427 8.924331 -0.043973
v -0.090255 8.928566 -0.031352
v -0.389632 9.012942 0.093726
v -0.368534 8.958702 0.015658
v -0.365167 8.918277 -0.065102
v -0.369440 8.916175 -0.152952
v -0.243968 8.910190 -0.139394
v -0.489687 8.942809 -0.012685
v -0.487217 8.912976 -0.086423
v -0.489275 8.919152 -0.166362
v -0.492034 8.953995 -0.244889
v -0.375359 8.950953 -0.237154
v -0.611837 8.907245 -0.106159
v -0.610557 8.917288 -0.178354
v -0.610556 8.950763 -0.249418
v -0.614550 9.001737 -0.324687
v -0.497018 9.006989 -0.328985
v -0.742960 8.913600 -0.190882
v -0.742973 8.943979 -0.251921
v -0.748058 8.990014 -0.315545
v -0.763368 9.054911 -0.382509
v -0.630939 9.075500 -0.408987
v -0.896900 8.935888 -0.257301
v -0.899120 8.979565 -0.309486
v -0.908491 9.039557 -0.364851
v -1.060103 8.984024 -0.307744
v -1.060649 9.044025 -0.354217
v -1.221690 9.018082 -0.306068
v -1.210652 9.075307 -0.347115
v -1.374533 9.078323 -0.302393
v -1.352295 9.132964 -0.343010
v -1.319001 9.207225 -0.387824
v -1.485338 9.210331 -0.339446
v -1.440407 9.277319 -0.384521
v -1.363093 9.379613 -0.406130
v -1.256586 9.322557 -0.408460
v -1.291118 9.495774 -0.409748
v -1.178894 9.435637 -0.410611
v -1.235827 9.584920 -0.439501
v -1.117244 9.508101 -0.434710
v -0.984841 9.413887 -0.445339
v -1.059987 9.563811 -0.494119
v -0.913319 9.462981 -0.501913
v -1.008781 9.612523 -0.600005
v -0.876597 9.528624 -0.610785
v -0.964524 9.668992 -0.732456
v -0.853729 9.597126 -0.745708
v -0.719414 9.541570 -0.767603
v -0.827309 9.691144 -0.872294
v -0.706051 9.644206 -0.886262
v -0.573799 9.613992 -0.890788
v -0.581791 9.509825 -0.782972
v -0.435861 9.593602 -0.883765
v -0.441127 9.499677 -0.774023
v -0.426284 9.409903 -0.647770
v -0.302785 9.508081 -0.745275
v -0.278628 9.433908 -0.614138
v -0.161771 9.548763 -0.719275
v -0.134323 9.492579 -0.601456
v -0.049062 9.612629 -0.704088
v -0.010780 9.566186 -0.589680
v 0.064151 9.502646 -0.524532
v 0.095307 9.637492 -0.587673
v 0.179333 9.571363 -0.530016
v 0.274991 9.469391 -0.509864
v 0.158408 9.413448 -0.501992
v 0.367271 9.350657 -0.480986
v 0.242463 9.293964 -0.478784
v 0.436960 9.234196 -0.420365
v 0.297993 9.172921 -0.422405
v 0.485046 9.131530 -0.357448
v 0.329519 9.069109 -0.357083
v 0.167969 9.042411 -0.362016
v 0.347963 8.992336 -0.299565
v 0.177328 8.966486 -0.296132
v 0.015753 8.971771 -0.297811
v 0.008693 9.043633 -0.372295
v -0.127315 8.983227 -0.303317
v -0.130349 9.052981 -0.384891
v -0.257202 8.994663 -0.312814
v -0.254469 9.066143 -0.401757
v -0.382751 9.004099 -0.324163
v -0.385195 9.083613 -0.424151
v -0.513758 9.087112 -0.427915
v -0.252270 8.941895 -0.228655
v -0.121440 8.930648 -0.221927
v -0.110499 8.903345 -0.130203
v 0.024384 8.917717 -0.220846
v 0.039729 8.894282 -0.129908
v 0.187575 8.910624 -0.227288
v 0.200132 8.887563 -0.142683
v 0.362772 8.933800 -0.239646
v 0.373579 8.905687 -0.162868
v 0.377912 8.924659 -0.078323
v 0.552183 8.964961 -0.186024
v 0.554417 8.963983 -0.110231
v 0.545274 8.997216 -0.039111
v 0.376980 8.983638 0.000905
v 0.538184 9.056394 0.025303
v 0.389272 9.063543 0.087454
v 0.552413 9.132276 0.087753
v 0.451364 9.160763 0.174791
v 0.598338 9.232866 0.139198
v 0.521332 9.285713 0.233104
v 0.706539 9.142432 0.025272
v 0.707888 9.212667 0.070524
v 0.881903 9.209604 -0.016017
v 0.867711 9.247120 0.021985
v 0.843757 9.309286 0.057877
v 1.035758 9.350718 0.000112
v 0.998161 9.379580 0.036103
v 0.816457 9.395743 0.076203
v 0.797793 9.499557 0.088746
v 0.726926 9.595885 0.160811
v 0.655340 9.567834 0.236150
v 1.197088 9.530213 0.009608
v 1.141896 9.523913 0.045964
v 1.236405 9.504178 -0.045058
v 1.061072 9.325687 -0.040806
v 1.076449 9.306516 -0.085100
v 1.255445 9.482916 -0.093645
v 0.894559 9.181936 -0.059464
v 0.902917 9.165703 -0.111799
v 1.080397 9.297332 -0.135847
v 0.714540 9.092998 -0.022851
v 0.727153 9.060074 -0.078172
v 0.732231 9.049038 -0.143199
v 0.899690 9.167470 -0.168486
v 0.882955 9.188601 -0.221246
v 1.047412 9.326421 -0.233133
v 1.070712 9.303777 -0.187917
v 0.722658 9.064687 -0.206946
v 0.700452 9.102646 -0.259712
v 0.856464 9.223844 -0.266522
v 0.536728 9.001172 -0.251011
v 0.514445 9.057894 -0.303789
v 0.671024 9.154133 -0.307010
v 0.632611 9.220793 -0.358088
v 0.777259 9.330159 -0.358351
v 0.822400 9.270162 -0.309597
v 0.922639 9.457700 -0.356593
v 0.976827 9.400683 -0.310709
v 1.016026 9.358456 -0.272311
v 1.122718 9.554072 -0.312059
v 1.172240 9.517400 -0.277127
v 1.213926 9.489586 -0.241811
v 1.298314 9.696764 -0.279019
v 1.348073 9.677817 -0.243800
v 1.383077 9.668967 -0.199199
v 1.244781 9.472266 -0.198982
v 1.395391 9.674824 -0.142645
v 1.259473 9.469733 -0.147029
v 1.382326 9.697826 -0.085270
v 1.477338 9.876609 -0.150330
v 1.458253 9.894310 -0.093853
v 1.536146 10.077099 -0.174926
v 1.516161 10.089192 -0.121463
v 1.481969 10.108457 -0.070454
v 1.559565 10.305909 -0.154979
v 1.522731 10.320889 -0.106892
v 1.466850 10.347953 -0.056066
v 1.433442 10.150838 -0.005416
v 1.378677 10.397025 0.008260
v 1.358927 10.234806 0.072489
v 1.250471 10.438112 0.038684
v 1.229303 10.295999 0.111361
v 1.192081 10.183075 0.207342
v 1.117468 10.346243 0.173408
v 1.084882 10.233871 0.268180
v 1.037180 10.112762 0.326762
v 1.144663 10.059697 0.270822
v 0.982612 9.992211 0.354657
v 1.090261 9.944209 0.291717
v 1.017416 9.837662 0.274973
v 1.094140 9.773427 0.215697
v 0.944267 10.161548 0.384131
v 0.892565 10.039060 0.414552
v 0.890250 10.201428 0.469940
v 0.999613 10.278840 0.337418
v 0.939159 10.315087 0.437995
v 0.907529 10.328513 0.530273
v 0.980201 10.427174 0.396456
v 0.943613 10.439339 0.505185
v 0.904501 10.446677 0.570196
v 0.959358 10.545046 0.475676
v 0.917197 10.552359 0.544891
v 0.949009 10.648706 0.444070
v 0.912944 10.653949 0.515138
v 0.920691 10.749911 0.412629
v 0.892002 10.753756 0.483860
v 0.882034 10.848743 0.385968
v 0.858564 10.850240 0.454571
v 0.832801 10.848739 0.506387
v 0.819228 10.947415 0.433437
v 0.798032 10.942512 0.484261
v 0.769440 10.934026 0.526920
v 0.754107 11.034169 0.473222
v 0.729372 11.020161 0.515260
v 0.699337 11.003841 0.547792
v 0.734484 10.921040 0.556714
v 0.664594 10.983556 0.565285
v 0.694447 10.903830 0.571522
v 0.652340 11.080144 0.548338
v 0.620599 11.056139 0.567041
v 0.587914 11.032529 0.567605
v 0.569348 11.118821 0.579890
v 0.538813 11.089684 0.580292
v 0.510358 11.063645 0.565669
v 0.478071 11.138835 0.595761
v 0.453047 11.103818 0.574391
v 0.436329 11.065689 0.539803
v 0.387845 11.125207 0.582547
v 0.381231 11.074703 0.546305
v 0.378819 11.015233 0.498691
v 0.321711 11.003219 0.524705
v 0.318637 10.957280 0.468575
v 0.247065 10.979547 0.545587
v 0.252596 10.941277 0.484308
v 0.149114 10.939022 0.537406
v 0.166767 10.902317 0.480763
v 0.064696 10.881557 0.528333
v 0.035345 10.919341 0.572993
v -0.041852 10.865003 0.561869
v -0.012922 10.967072 0.596871
v -0.085471 10.901155 0.581342
v -0.151378 10.831389 0.551385
v -0.107760 10.804512 0.534532
v -0.191757 10.766637 0.513083
v -0.140816 10.745384 0.502498
v -0.209137 10.704969 0.477374
v -0.151163 10.692714 0.471157
v -0.096661 10.709688 0.440315
v -0.150816 10.657076 0.439846
v -0.093478 10.686589 0.410104
v -0.144180 10.631825 0.410284
v -0.083716 10.665071 0.385476
v -0.004856 10.726171 0.355527
v -0.066891 10.645084 0.375743
v -0.134411 10.607501 0.392117
v -0.119011 10.578176 0.392178
v -0.196623 10.595688 0.391226
v -0.185584 10.561940 0.383090
v -0.182554 10.531537 0.397843
v -0.107984 10.554686 0.408329
v -0.186181 10.513145 0.424271
v -0.102299 10.538828 0.437131
v -0.100465 10.531146 0.466783
v -0.095233 10.519850 0.506281
v -0.085946 10.504020 0.545065
v -0.181732 10.444158 0.580845
v -0.072657 10.476789 0.578224
v -0.167161 10.402095 0.597126
v -0.055797 10.434180 0.589866
v -0.152541 10.353568 0.597485
v -0.038894 10.385753 0.586033
v -0.140235 10.302707 0.587193
v -0.023130 10.333522 0.574546
v -0.131118 10.254468 0.569088
v -0.008685 10.277679 0.557735
v 0.099924 10.320885 0.539469
v -0.003014 10.223853 0.531454
v 0.115277 10.264941 0.510311
v 0.235390 10.319798 0.511437
v -0.008397 10.189760 0.484331
v -0.130807 10.213146 0.540096
v -0.133321 10.188040 0.495072
v -0.137222 10.178783 0.439762
v -0.018209 10.177760 0.427209
v -0.148578 10.171245 0.375782
v -0.025119 10.167325 0.355362
v 0.114305 10.192625 0.354976
v -0.025616 10.145861 0.294891
v 0.122627 10.182652 0.304893
v 0.265191 10.255543 0.348570
v 0.131145 10.171368 0.266796
v -0.023458 10.132004 0.251934
v -0.025106 10.119106 0.213567
v -0.172022 10.127082 0.281452
v -0.178106 10.107590 0.250304
v -0.187079 10.082368 0.224607
v -0.030375 10.100465 0.181574
v -0.195468 10.047421 0.207004
v -0.031984 10.073612 0.162270
v -0.197590 10.005384 0.203098
v -0.027703 10.041512 0.154677
v -0.193537 9.970308 0.204487
v -0.019798 10.008314 0.159583
v -0.183342 9.931008 0.208498
v -0.009813 9.978584 0.173178
v -0.157779 9.890305 0.219239
v 0.004401 9.949551 0.193892
v -0.122685 9.855875 0.248216
v 0.023060 9.921429 0.229713
v 0.180907 9.977980 0.250519
v 0.042830 9.896041 0.277301
v 0.182184 9.954221 0.292051
v 0.303968 10.034146 0.351066
v 0.182209 9.931770 0.347367
v 0.058379 9.876374 0.338700
v 0.071936 9.865529 0.415358
v 0.181798 9.916545 0.420355
v 0.089907 9.864891 0.516477
v 0.189532 9.908981 0.514647
v 0.108054 9.864425 0.599393
v 0.202235 9.904767 0.591377
v 0.293418 9.952314 0.589927
v 0.220840 9.894296 0.652229
v 0.126222 9.854042 0.660191
v 0.145395 9.830786 0.710194
v 0.028958 9.821232 0.671046
v 0.045399 9.803096 0.719337
v 0.062227 9.768883 0.756580
v -0.059756 9.792096 0.736763
v -0.045407 9.762357 0.774484
v -0.033870 9.719950 0.797985
v 0.078750 9.723209 0.779086
v -0.024854 9.670270 0.808543
v 0.093438 9.669868 0.784798
v -0.017886 9.614985 0.805364
v 0.106304 9.611740 0.771526
v -0.014291 9.556895 0.783343
v 0.113319 9.553747 0.741536
v -0.016448 9.499656 0.747044
v -0.150606 9.579337 0.825232
v -0.155623 9.523553 0.795570
v -0.167259 9.472915 0.749458
v -0.031414 9.446082 0.694369
v -0.192280 9.424936 0.687474
v -0.060477 9.392325 0.625025
v -0.231990 9.379899 0.610982
v -0.324754 9.453972 0.726496
v -0.351279 9.410125 0.648852
v -0.457601 9.473196 0.741705
v -0.470646 9.425226 0.654182
v -0.476120 9.363216 0.540550
v -0.587593 9.436182 0.644936
v -0.578358 9.365809 0.513058
v -0.453871 9.266190 0.420258
v -0.399866 9.154213 0.328717
v -0.434519 9.070119 0.181236
v -0.536507 9.051015 0.127541
v -0.504350 8.992030 0.054239
v -0.646769 9.018134 0.074386
v -0.623527 8.964298 0.018453
v -0.614472 8.925904 -0.039918
v -0.761421 8.939245 -0.020817
v -0.751919 8.911283 -0.069496
v -0.745908 8.901212 -0.127719
v -0.905018 8.898026 -0.101372
v -0.899979 8.891957 -0.151716
v -0.897291 8.905792 -0.205395
v -1.067362 8.891888 -0.171601
v -1.064567 8.907722 -0.219893
v -1.062056 8.940267 -0.265151
v -1.237894 8.939895 -0.225881
v -1.230790 8.973437 -0.267862
v -1.403794 9.002288 -0.225546
v -1.390999 9.035472 -0.265167
v -1.553662 9.086055 -0.222598
v -1.536348 9.118011 -0.260893
v -1.514560 9.158721 -0.298330
v -1.668782 9.209831 -0.258209
v -1.643778 9.249728 -0.295608
v -1.610155 9.300918 -0.337385
v -1.765607 9.344234 -0.294209
v -1.725855 9.393688 -0.334703
v -1.663707 9.458393 -0.382115
v -1.554586 9.365315 -0.382810
v -1.583822 9.537865 -0.416373
v -1.470949 9.452924 -0.408357
v -1.510529 9.627820 -0.440448
v -1.403288 9.556070 -0.420658
v -1.433807 9.722531 -0.484123
v -1.343158 9.656962 -0.459153
v -1.347182 9.797047 -0.554018
v -1.265104 9.724376 -0.528709
v -1.174520 9.646612 -0.503443
v -1.188756 9.774125 -0.625435
v -1.106192 9.692454 -0.609858
v -1.132621 9.838901 -0.731944
v -1.053878 9.753704 -0.731150
v -1.096155 9.910135 -0.854680
v -1.016006 9.831384 -0.858977
v -0.929025 9.755723 -0.862469
v -0.981866 9.915559 -0.986606
v -0.894465 9.845722 -0.987751
v -0.797155 9.787120 -0.988558
v -0.835887 9.947862 -1.084073
v -0.742466 9.893260 -1.075232
v -0.641036 9.847061 -1.064624
v -0.683665 9.742557 -0.988558
v -0.530233 9.810123 -1.051338
v -0.557936 9.709349 -0.982714
v -0.415010 9.785437 -1.036870
v -0.426966 9.686196 -0.972058
v -0.298462 9.776841 -1.022712
v -0.294503 9.680378 -0.956901
v -0.296622 9.587234 -0.866479
v -0.168861 9.699861 -0.938583
v -0.165202 9.608989 -0.845043
v -0.050698 9.744658 -0.917553
v -0.052664 9.664380 -0.828513
v 0.093180 9.818155 -0.858822
v -0.063802 9.835629 -0.979650
v 0.072008 9.912931 -0.928074
v 0.024577 9.999729 -0.984890
v 0.145040 10.095497 -0.920297
v -0.039891 10.080274 -1.031088
v 0.060426 10.171744 -0.982291
v 0.140373 10.262741 -0.939803
v 0.238056 10.184461 -0.872937
v 0.204548 10.351431 -0.913729
v 0.307826 10.270220 -0.848418
v 0.416430 10.186930 -0.767409
v 0.363166 10.360056 -0.839880
v 0.476147 10.286210 -0.762641
v 0.562759 10.234306 -0.654886
v 0.501576 10.121613 -0.668906
v 0.639421 10.176311 -0.545745
v 0.576646 10.061790 -0.578600
v 0.736889 10.117237 -0.467756
v 0.679068 9.993049 -0.503840
v 0.605566 9.885817 -0.532184
v 0.807069 9.934223 -0.457886
v 0.730794 9.810323 -0.487619
v 0.634230 9.703108 -0.503750
v 0.513845 9.792485 -0.540900
v 0.517419 9.612404 -0.512307
v 0.409729 9.712422 -0.539908
v 0.396551 9.536288 -0.515221
v 0.295116 9.638951 -0.535743
v 0.202366 9.710105 -0.591766
v 0.619186 9.514182 -0.470506
v 0.491917 9.424150 -0.478353
v 0.706575 9.418325 -0.416123
v 0.571304 9.318307 -0.419875
v 0.745388 9.617018 -0.461352
v 0.842714 9.534092 -0.410922
v 0.856288 9.738894 -0.450313
v 0.966074 9.669559 -0.408652
v 1.056309 9.604235 -0.355883
v 1.061818 9.820252 -0.406959
v 1.163583 9.763805 -0.355538
v 1.239079 9.724248 -0.313155
v 1.245847 9.929689 -0.362352
v 1.324730 9.902105 -0.323435
v 1.387084 9.884454 -0.291536
v 1.386914 10.088346 -0.347635
v 1.450365 10.077992 -0.316423
v 1.501224 10.071912 -0.278899
v 1.439530 9.872561 -0.254758
v 1.531027 10.071948 -0.230492
v 1.471950 9.869068 -0.207415
v 1.543836 10.285339 -0.313310
v 1.572917 10.289524 -0.263126
v 1.577374 10.296352 -0.206983
v 1.586333 10.513953 -0.294531
v 1.588575 10.522188 -0.234981
v 1.567170 10.530217 -0.179234
v 1.571215 10.735426 -0.255790
v 1.547149 10.739446 -0.196240
v 1.502328 10.742409 -0.144903
v 1.526363 10.539337 -0.128587
v 1.439831 10.748494 -0.097238
v 1.464546 10.553788 -0.080146
v 1.350772 10.755437 -0.050938
v 1.376225 10.576579 -0.023050
v 1.238488 10.758759 0.005378
v 1.259464 10.599708 0.027367
v 1.137794 10.759294 0.089396
v 1.151161 10.617609 0.098815
v 1.135147 10.475024 0.105548
v 1.063961 10.627283 0.206519
v 1.067595 10.509559 0.231775
v 1.045419 10.397890 0.277994
v 1.000863 10.531574 0.359770
v 0.991848 10.637353 0.329370
v 1.038036 10.750078 0.181477
v 0.960659 10.743689 0.296884
v 1.001123 10.873963 0.163451
v 0.920023 10.850674 0.272311
v 0.956566 10.992529 0.152033
v 0.876752 10.963165 0.257774
v 0.840048 10.952330 0.364094
v 0.824673 11.071245 0.245128
v 0.790323 11.056161 0.349112
v 0.771735 11.045271 0.421984
v 0.727546 11.154176 0.341436
v 0.714546 11.136868 0.422120
v 0.700964 11.120264 0.475068
v 0.650615 11.222646 0.431078
v 0.639963 11.201427 0.486078
v 0.621667 11.176952 0.528748
v 0.680154 11.101628 0.517233
v 0.597744 11.149200 0.560299
v 0.553203 11.247587 0.546096
v 0.532600 11.213471 0.581374
v 0.506100 11.175930 0.598815
v 0.453725 11.268948 0.603280
v 0.430059 11.223247 0.617710
v 0.406008 11.172338 0.608555
v 0.342335 11.254476 0.640038
v 0.363279 11.315044 0.628790
v 0.263383 11.351943 0.650550
v 0.242100 11.276883 0.662286
v 0.157140 11.382088 0.662237
v 0.136299 11.304047 0.677182
v 0.049546 11.406662 0.665553
v 0.030712 11.332526 0.680982
v 0.006394 11.264657 0.680843
v -0.075002 11.358734 0.682316
v -0.091424 11.295271 0.687760
v -0.114753 11.234159 0.663517
v -0.031463 11.200738 0.658919
v -0.186812 11.313326 0.689636
v -0.194265 11.257216 0.668226
v -0.209664 11.208866 0.618908
v -0.284066 11.261793 0.674021
v -0.283727 11.218488 0.634257
v -0.298791 11.184047 0.572188
v -0.238938 11.169546 0.554934
v -0.377773 11.216618 0.640447
v -0.378959 11.184914 0.587252
v -0.485471 11.216231 0.643496
v -0.481995 11.184447 0.593323
v -0.493988 11.161756 0.529313
v -0.604642 11.179453 0.607863
v -0.614509 11.161296 0.561116
v -0.632251 11.149914 0.519061
v -0.516966 11.147605 0.467679
v -0.651514 11.138844 0.488230
v -0.534638 11.135696 0.418422
v -0.666510 11.120051 0.462451
v -0.548809 11.114483 0.381655
v -0.413430 11.100547 0.365720
v -0.548467 11.066875 0.380461
v -0.308866 11.103540 0.399280
v -0.656117 11.091985 0.471790
v -0.634887 11.076114 0.503495
v -0.527219 11.045544 0.428513
v -0.620072 11.059999 0.546195
v -0.518203 11.030175 0.484048
v -0.620674 11.022861 0.598405
v -0.504897 10.989007 0.534328
v -0.632612 10.967211 0.619115
v -0.508841 10.935046 0.561720
v -0.424957 10.908204 0.504792
v -0.527384 10.877276 0.568963
v -0.447498 10.848743 0.510268
v -0.559492 10.830500 0.546099
v -0.477199 10.805001 0.485715
v -0.592008 10.815004 0.497271
v -0.507289 10.785454 0.446813
v -0.481228 10.751363 0.344687
v -0.532198 10.765586 0.285912
v -0.507482 10.726081 0.246158
v -0.450519 10.715375 0.300474
v -0.500275 10.689352 0.213538
v -0.440320 10.677845 0.265671
v -0.502506 10.654938 0.192291
v -0.439950 10.640947 0.241603
v -0.378120 10.626472 0.298951
v -0.314794 10.613667 0.346493
v -0.447479 10.605067 0.228139
v -0.382627 10.588171 0.284991
v -0.314437 10.572001 0.331106
v -0.248630 10.559881 0.360162
v -0.255455 10.599931 0.375922
v -0.394866 10.552925 0.284008
v -0.324094 10.534399 0.333428
v -0.251438 10.521615 0.367289
v -0.338224 10.506732 0.354607
v -0.263933 10.498940 0.396937
v -0.414268 10.524879 0.298367
v -0.435757 10.510546 0.319841
v -0.485559 10.550280 0.240013
v -0.509846 10.535267 0.259384
v -0.535677 10.528118 0.283464
v -0.460377 10.503570 0.345714
v -0.564736 10.525227 0.310407
v -0.489476 10.502717 0.373129
v -0.632090 10.553800 0.260515
v -0.670325 10.557559 0.303031
v -0.714224 10.563807 0.362949
v -0.676710 10.597054 0.222563
v -0.718121 10.597666 0.270111
v -0.766575 10.598819 0.329561
v -0.810804 10.594919 0.400204
v -0.750792 10.562293 0.430509
v -0.746869 10.637825 0.240982
v -0.800584 10.641922 0.302332
v -0.857513 10.635544 0.373975
v -0.901412 10.630333 0.454669
v -0.848926 10.586205 0.474251
v -0.815766 10.688841 0.286134
v -0.875048 10.692428 0.365615
v -0.921469 10.691566 0.452830
v -0.870350 10.746480 0.372269
v -0.912236 10.749996 0.463405
v -0.933646 10.762691 0.543513
v -0.951507 10.786136 0.593393
v -0.883536 10.801386 0.478890
v -0.892122 10.811113 0.550635
v -0.904236 10.837379 0.587992
v -0.923878 10.876047 0.604096
v -0.977070 10.825924 0.622163
v -0.828732 10.843808 0.561048
v -0.835133 10.878585 0.594797
v -0.847722 10.920685 0.605417
v -0.862545 10.962176 0.596204
v -0.946497 10.917983 0.597566
v -0.747960 10.909107 0.602347
v -0.749293 10.959148 0.614590
v -0.751142 11.010674 0.607679
v -0.753657 11.042183 0.578742
v -0.872924 10.993423 0.570140
v -0.878774 11.015878 0.539887
v -0.995323 10.964684 0.542504
v -0.970531 10.947607 0.572714
v -0.757973 11.062732 0.548037
v -0.762499 11.077517 0.528070
v -0.882333 11.033075 0.517640
v -0.890189 11.062850 0.509494
v -1.026613 11.014866 0.521950
v -1.016471 10.988947 0.522017
v -0.766474 11.102598 0.520425
v -0.764086 11.121767 0.538917
v -0.896914 11.081483 0.531804
v -0.897195 11.094435 0.560585
v -1.026591 11.062138 0.565327
v -1.030836 11.041213 0.537963
v -0.759444 11.130511 0.555824
v -0.751216 11.144152 0.592631
v -0.893872 11.106682 0.596688
v -0.885889 11.124098 0.641964
v -0.745015 11.161643 0.632151
v -0.741589 11.192335 0.672323
v -0.882064 11.158305 0.686508
v -0.607406 11.211984 0.649718
v -0.613663 11.259588 0.677487
v -0.745194 11.240907 0.694551
v -0.492650 11.263739 0.678864
v -0.499477 11.321372 0.693141
v -0.620728 11.315657 0.687481
v -0.382230 11.264455 0.675360
v -0.386254 11.321846 0.693292
v -0.389276 11.384204 0.690165
v -0.504302 11.384071 0.686548
v -0.283950 11.319261 0.690030
v -0.281824 11.380261 0.685148
v -0.279337 11.443297 0.663660
v -0.390680 11.449216 0.667491
v -0.178876 11.373777 0.683853
v -0.171247 11.437687 0.665067
v -0.163100 11.508158 0.630775
v -0.275752 11.512882 0.630564
v -0.061148 11.425840 0.663163
v -0.047509 11.499155 0.629306
v -0.031906 11.572381 0.567352
v -0.153054 11.582380 0.570071
v 0.066665 11.483309 0.627405
v 0.084766 11.550736 0.563172
v 0.095902 11.593756 0.473471
v -0.023720 11.620245 0.477991
v 0.176845 11.455625 0.622497
v 0.197968 11.514486 0.559963
v 0.211612 11.553490 0.473082
v 0.220747 11.584891 0.368193
v 0.100799 11.619113 0.368365
v 0.304882 11.467288 0.553189
v 0.316914 11.501477 0.468153
v 0.327531 11.533241 0.361906
v 0.341648 11.574004 0.243394
v 0.230289 11.624470 0.256489
v 0.413659 11.443535 0.460556
v 0.425030 11.474610 0.355417
v 0.445554 11.515131 0.233383
v 0.474264 11.563987 0.112960
v 0.358775 11.626060 0.126635
v 0.511533 11.403182 0.347722
v 0.537993 11.441911 0.224715
v 0.579404 11.490858 0.105406
v 0.635143 11.563787 0.013809
v 0.518802 11.638448 0.027875
v 0.614697 11.356196 0.217038
v 0.671271 11.405939 0.101209
v 0.737856 11.473221 0.002627
v 0.816447 11.570335 -0.057343
v 0.704044 11.664308 -0.038668
v 0.757709 11.312263 0.109561
v 0.832568 11.370840 0.010581
v 0.921851 11.463923 -0.051692
v 1.023504 11.556361 -0.086520
v 0.909171 11.680355 -0.087624
v 0.919089 11.263438 0.021249
v 1.018129 11.342966 -0.042416
v 1.123080 11.414165 -0.079057
v 1.209486 11.456794 -0.123629
v 1.106547 11.615695 -0.127719
v 1.098553 11.208611 -0.032327
v 1.205225 11.257870 -0.081686
v 1.294457 11.289293 -0.124970
v 1.359828 11.313274 -0.172577
v 1.272212 11.487779 -0.172461
v 1.260531 11.092052 -0.094416
v 1.359847 11.114906 -0.129439
v 1.423172 11.129601 -0.170937
v 1.466378 11.137246 -0.222206
v 1.406855 11.330071 -0.225880
v 1.408856 10.933860 -0.117339
v 1.468716 10.936685 -0.161008
v 1.511033 10.938921 -0.211660
v 1.536032 10.938684 -0.270766
v 1.493467 11.139544 -0.281956
v 1.496842 11.135383 -0.346782
v 1.441779 11.336153 -0.355971
v 1.436982 11.338295 -0.287588
v 1.536885 10.933554 -0.334482
v 1.511081 10.923694 -0.393145
v 1.470735 11.123877 -0.406752
v 1.571013 10.728703 -0.317981
v 1.544568 10.719623 -0.375593
v 1.495734 10.708878 -0.420963
v 1.463533 10.910475 -0.439612
v 1.559354 10.506219 -0.348695
v 1.510047 10.499261 -0.391959
v 1.444082 10.493322 -0.425752
v 1.431187 10.696878 -0.455581
v 1.495031 10.285087 -0.352447
v 1.430130 10.287180 -0.385341
v 1.353575 10.291862 -0.416068
v 1.365976 10.487143 -0.455576
v 1.309094 10.103796 -0.381423
v 1.195970 10.136684 -0.418730
v 1.242021 10.305757 -0.447268
v 1.134373 9.976316 -0.407780
v 1.000946 10.030445 -0.421408
v 1.056682 10.182709 -0.422873
v 0.936790 9.881422 -0.436179
v 0.863818 10.075724 -0.428417
v 0.791965 10.263572 -0.448726
v 0.916292 10.225598 -0.419131
v 0.836937 10.411182 -0.467543
v 0.959604 10.376594 -0.440565
v 1.097419 10.338097 -0.447265
v 0.990284 10.522101 -0.481944
v 1.122332 10.494290 -0.482308
v 1.256688 10.482652 -0.481327
v 1.128926 10.658950 -0.517151
v 1.252031 10.664683 -0.507795
v 1.353993 10.681719 -0.485206
v 1.230407 10.848465 -0.530448
v 1.326600 10.874055 -0.504348
v 1.400551 10.894378 -0.474645
v 1.289020 11.061553 -0.519397
v 1.361470 11.086895 -0.490041
v 1.423982 11.107508 -0.454317
v 1.310739 11.274247 -0.503674
v 1.371852 11.302013 -0.467263
v 1.417370 11.323178 -0.418868
v 1.288909 11.486561 -0.469175
v 1.331629 11.512978 -0.419426
v 1.353504 11.526984 -0.356041
v 1.220890 11.690418 -0.417177
v 1.240051 11.706466 -0.353528
v 1.234258 11.704134 -0.286223
v 1.348735 11.526384 -0.287873
v 1.207000 11.685923 -0.225434
v 1.319688 11.512384 -0.225526
v 1.163567 11.655596 -0.174596
v 1.072298 11.853599 -0.225152
v 1.033228 11.816325 -0.174948
v 0.983250 11.763333 -0.127893
v 0.877082 11.950173 -0.165287
v 0.836786 11.881842 -0.115895
v 0.782191 11.784098 -0.070097
v 0.675228 11.968065 -0.092463
v 0.639863 11.862510 -0.041990
v 0.580225 11.740338 -0.015721
v 0.485369 11.922263 -0.019432
v 0.441337 11.806892 0.003341
v 0.390852 11.705151 0.044899
v 0.296087 11.862833 0.036428
v 0.263612 11.761721 0.075871
v 0.242437 11.679156 0.152551
v 0.129910 11.797741 0.096277
v 0.118302 11.710852 0.164588
v 0.108510 11.652534 0.260180
v -0.010070 11.720430 0.159953
v -0.017691 11.661730 0.251987
v -0.024411 11.639423 0.366249
v -0.142975 11.671304 0.245019
v -0.142354 11.653362 0.365290
v -0.144707 11.633901 0.484204
v -0.257649 11.664063 0.366739
v -0.263549 11.641004 0.485016
v -0.271161 11.587371 0.571941
v -0.379376 11.646659 0.482669
v -0.387756 11.594547 0.574559
v -0.390085 11.518789 0.632413
v -0.503292 11.595555 0.569147
v -0.507761 11.519987 0.627260
v -0.507410 11.449005 0.661582
v -0.631068 11.521697 0.624135
v -0.632684 11.445559 0.660992
v -0.627579 11.377353 0.682231
v -0.762315 11.361048 0.689989
v -0.753263 11.298697 0.699447
v -0.903251 11.330778 0.702893
v -0.890989 11.266694 0.717965
v -0.883588 11.207246 0.712440
v -1.017768 11.225718 0.717071
v -1.010992 11.168229 0.707334
v -1.117122 11.180951 0.697838
v -1.102837 11.126092 0.683762
v -1.184133 11.128657 0.676076
v -1.152288 11.084622 0.658009
v -1.108825 11.061094 0.614906
v -1.126818 11.032441 0.590617
v -1.178908 11.044368 0.638808
v -1.189280 10.999289 0.630297
v -1.133293 10.995583 0.578883
v -1.226346 11.073062 0.659906
v -1.252639 11.013609 0.654793
v -1.271803 11.111261 0.658659
v -1.314446 11.036012 0.652607
v -1.340449 10.955959 0.655555
v -1.361593 10.877709 0.661237
v -1.373511 11.063127 0.630874
v -1.411406 10.975687 0.622971
v -1.447556 10.894135 0.622991
v -1.493873 10.806377 0.635215
v -1.403584 10.786063 0.672005
v -1.485524 11.009198 0.581622
v -1.531018 10.921514 0.575879
v -1.581654 10.829536 0.584885
v -1.627628 10.723265 0.597282
v -1.541403 10.706854 0.647330
v -1.595351 10.947045 0.499192
v -1.648540 10.846815 0.504749
v -1.696607 10.732748 0.517732
v -1.733776 10.606302 0.526562
v -1.666574 10.602633 0.607528
v -1.691865 10.856528 0.406819
v -1.741572 10.735975 0.423282
v -1.779333 10.606362 0.433532
v -1.803280 10.470725 0.423711
v -1.758766 10.472636 0.522197
v -1.788565 10.736670 0.330703
v -1.829950 10.605465 0.344518
v -1.846735 10.466539 0.331491
v -1.833898 10.324938 0.291006
v -1.793436 10.332886 0.393018
v -1.899024 10.605803 0.276376
v -1.913900 10.457314 0.262455
v -1.907100 10.307110 0.217887
v -1.886430 10.161224 0.184985
v -1.809481 10.188718 0.260320
v -2.003346 10.444345 0.215957
v -2.002837 10.285534 0.171495
v -1.988059 10.133124 0.134167
v -1.958912 9.981318 0.120726
v -1.854674 10.020458 0.178595
v -2.108414 10.277011 0.109978
v -2.091262 10.115395 0.063808
v -2.061286 9.947928 0.053794
v -1.995300 9.789839 0.064314
v -1.900867 9.838011 0.128175
v -2.187449 10.105406 0.000634
v -2.148607 9.920183 0.002648
v -2.074724 9.747146 0.016578
v -1.976429 9.595446 0.035765
v -1.905429 9.647399 0.082435
v -2.204952 9.899271 -0.033302
v -2.127469 9.715575 -0.018467
v -2.025299 9.554596 -0.001454
v -1.902382 9.424437 0.015391
v -1.858140 9.468031 0.054610
v -2.166568 9.689992 -0.055093
v -2.060332 9.523573 -0.040132
v -1.934551 9.389455 -0.026431
v -1.804191 9.282253 -0.022276
v -1.771783 9.316876 0.022881
v -2.082629 9.503639 -0.082823
v -1.955756 9.367188 -0.073648
v -1.824913 9.259497 -0.071219
v -1.695686 9.162735 -0.075631
v -1.676214 9.184831 -0.029465
v -1.965258 9.357262 -0.123990
v -1.833565 9.250439 -0.122565
v -1.703853 9.154076 -0.125168
v -1.565917 9.061181 -0.130313
v -1.558164 9.070227 -0.084603
v -1.830710 9.255038 -0.173258
v -1.701443 9.158786 -0.174875
v -1.564070 9.066585 -0.177988
v -1.410935 8.982751 -0.181395
v -1.411148 8.978804 -0.135041
v -1.688305 9.179171 -0.219554
v -1.816412 9.274753 -0.219137
v -1.794212 9.305445 -0.257396
v -1.945285 9.379112 -0.221092
v -1.918773 9.409016 -0.258788
v -1.884629 9.446805 -0.292551
v -2.039000 9.532789 -0.258521
v -1.998960 9.565201 -0.290153
v -1.949645 9.605554 -0.324426
v -1.840332 9.492723 -0.329969
v -1.877209 9.663034 -0.371300
v -1.774118 9.555340 -0.378015
v -1.789548 9.730765 -0.420605
v -1.692045 9.628950 -0.423989
v -1.697540 9.800718 -0.465286
v -1.608296 9.708344 -0.460967
v -1.603373 9.874690 -0.513490
v -1.520314 9.792334 -0.506719
v -1.517325 9.943798 -0.575859
v -1.433824 9.866650 -0.571907
v -1.445205 10.006544 -0.647761
v -1.358370 9.931372 -0.646145
v -1.271105 9.856222 -0.637647
v -1.297396 9.995912 -0.729877
v -1.211796 9.920446 -0.731699
v -1.256161 10.063301 -0.828620
v -1.176100 9.988763 -0.844108
v -1.219965 10.141433 -0.930039
v -1.142657 10.070368 -0.958134
v -1.063782 9.992832 -0.978139
v -1.097894 10.162760 -1.048736
v -1.013967 10.085659 -1.074209
v -0.926080 10.012886 -1.085404
v -0.946524 10.188110 -1.132058
v -0.853769 10.121877 -1.142406
v -0.762425 10.062428 -1.138151
v -0.779589 10.236540 -1.170423
v -0.686611 10.183336 -1.165326
v -0.598009 10.134264 -1.152988
v -0.672842 10.010111 -1.126257
v -0.513285 10.088863 -1.136348
v -0.582365 9.963972 -1.111292
v -0.431078 10.048055 -1.119463
v -0.488929 9.924525 -1.095718
v -0.352278 10.011781 -1.102723
v -0.394992 9.894651 -1.079425
v -0.356308 10.165299 -1.126236
v -0.277650 10.119197 -1.106498
v -0.278080 10.265413 -1.114006
v -0.194962 10.210796 -1.089907
v -0.115556 10.150459 -1.064104
v -0.114005 10.301506 -1.059170
v -0.026438 10.239709 -1.027246
v -0.039755 10.394451 -1.025252
v 0.048807 10.331562 -0.989330
v 0.026252 10.488801 -1.000953
v 0.113022 10.423198 -0.962977
v 0.087472 10.585472 -0.988051
v 0.170437 10.517031 -0.949572
v 0.259953 10.442372 -0.901384
v 0.222892 10.615128 -0.945103
v 0.307000 10.536674 -0.897881
v 0.406632 10.454763 -0.841444
v 0.348991 10.635768 -0.898263
v 0.440303 10.555662 -0.847098
v 0.550872 10.487226 -0.782943
v 0.518944 10.385790 -0.771140
v 0.647046 10.445621 -0.669455
v 0.611509 10.343038 -0.652844
v 0.735244 10.429296 -0.546521
v 0.694795 10.303554 -0.528145
v 0.669115 10.553617 -0.691103
v 0.754906 10.549937 -0.587204
v 0.863919 10.547210 -0.510943
v 0.762609 10.666695 -0.617411
v 0.872546 10.672441 -0.550159
v 1.001154 10.666612 -0.524027
v 0.863332 10.800853 -0.578835
v 0.988459 10.813655 -0.556287
v 1.115627 10.826159 -0.546651
v 0.956673 10.958640 -0.580216
v 1.080003 10.989232 -0.572252
v 1.194546 11.027032 -0.550368
v 1.031481 11.142920 -0.590229
v 1.144761 11.194977 -0.565478
v 1.238485 11.240297 -0.533687
v 1.076263 11.353169 -0.574743
v 1.165244 11.408907 -0.541030
v 1.232783 11.451575 -0.508646
v 1.070474 11.569657 -0.546267
v 1.131648 11.618953 -0.511675
v 1.183029 11.660289 -0.469603
v 1.014123 11.780619 -0.515786
v 1.060287 11.828808 -0.471937
v 1.091853 11.862693 -0.417260
v 0.912249 11.983292 -0.474744
v 0.936510 12.021205 -0.417745
v 0.944709 12.038141 -0.348867
v 1.106313 11.880264 -0.352349
v 0.934663 12.028802 -0.279733
v 1.098274 11.876005 -0.284915
v 0.909588 11.997135 -0.218249
v 0.747741 12.135716 -0.267285
v 0.727627 12.097725 -0.203854
v 0.702165 12.042120 -0.147434
v 0.546533 12.166835 -0.184730
v 0.525815 12.107418 -0.125395
v 0.507091 12.030333 -0.067741
v 0.354231 12.161383 -0.106958
v 0.338900 12.078061 -0.043608
v 0.324954 11.972248 0.008916
v 0.175195 12.122107 -0.030945
v 0.162702 12.016541 0.027477
v 0.145833 11.903595 0.060914
v 0.006391 12.051443 0.027886
v -0.002493 11.925928 0.062952
v -0.006703 11.811117 0.097898
v -0.137089 11.940630 0.062077
v -0.141981 11.816909 0.094305
v -0.143785 11.724483 0.153008
v -0.270429 11.833755 0.106611
v -0.273327 11.739632 0.163933
v -0.264802 11.685063 0.251831
v -0.389010 11.757153 0.181426
v -0.379678 11.700479 0.266205
v -0.371415 11.672334 0.370871
v -0.490737 11.708035 0.275629
v -0.486932 11.676432 0.374947
v -0.493884 11.648396 0.480508
v -0.595578 11.675972 0.377529
v -0.606417 11.647492 0.477949
v -0.621799 11.596458 0.563774
v -0.598147 11.708895 0.279569
v -0.603756 11.759179 0.198722
v -0.711034 11.745934 0.211011
v -0.497274 11.763575 0.191591
v -0.499351 11.853992 0.128395
v -0.609090 11.840769 0.137350
v -0.387799 11.850574 0.119673
v -0.387075 11.968159 0.075662
v -0.505794 11.965096 0.080442
v -0.262902 11.957560 0.068658
v -0.265865 12.096396 0.021726
v -0.396487 12.102294 0.020127
v -0.134070 12.077976 0.023656
v -0.131843 12.200947 -0.045781
v -0.275502 12.222003 -0.054912
v 0.018442 12.165810 -0.035636
v 0.034220 12.263353 -0.108231
v -0.122864 12.308153 -0.122050
v 0.192098 12.212132 -0.100535
v 0.212479 12.280354 -0.167235
v 0.053497 12.337930 -0.177854
v 0.374132 12.224528 -0.169857
v 0.392040 12.269857 -0.238201
v 0.230786 12.330101 -0.238123
v 0.563460 12.207890 -0.249973
v 0.572649 12.228196 -0.321736
v 0.402129 12.293383 -0.311827
v 0.757228 12.151327 -0.337655
v 0.753400 12.139115 -0.408876
v 0.570876 12.221241 -0.395719
v 0.557254 12.186755 -0.460916
v 0.388892 12.259342 -0.456026
v 0.401612 12.290449 -0.387674
v 0.736599 12.101383 -0.470037
v 0.709501 12.046609 -0.518668
v 0.534322 12.134101 -0.511707
v 0.874490 11.928366 -0.520990
v 0.825698 11.864197 -0.557098
v 0.671210 11.979670 -0.557747
v 0.957340 11.723472 -0.551629
v 0.882935 11.652790 -0.585740
v 0.759317 11.785611 -0.590428
v 0.988477 11.505901 -0.580565
v 0.889800 11.433292 -0.607493
v 0.792283 11.570982 -0.611560
v 0.968979 11.289652 -0.600286
v 0.854390 11.228292 -0.608268
v 0.784590 11.360628 -0.619067
v 0.911163 11.095484 -0.597099
v 0.790130 11.049769 -0.612009
v 0.739360 11.170490 -0.623440
v 0.833937 10.928150 -0.598756
v 0.722922 10.893997 -0.651461
v 0.681142 11.004022 -0.664770
v 0.751938 10.782157 -0.637085
v 0.592685 10.958100 -0.744127
v 0.548711 11.059035 -0.761667
v 0.634251 11.114936 -0.677361
v 0.497592 11.163138 -0.778573
v 0.579889 11.225823 -0.690800
v 0.678995 11.291876 -0.636233
v 0.511244 11.329263 -0.699915
v 0.601308 11.404778 -0.641902
v 0.695575 11.485806 -0.622657
v 0.507996 11.505129 -0.635278
v 0.591734 11.598215 -0.616520
v 0.677295 11.694549 -0.609524
v 0.471555 11.695561 -0.600358
v 0.545002 11.799362 -0.597904
v 0.615947 11.896498 -0.588129
v 0.394919 11.881591 -0.589551
v 0.455583 11.983409 -0.581671
v 0.502378 12.068550 -0.553477
v 0.290986 12.053314 -0.583629
v 0.335035 12.140695 -0.552022
v 0.365944 12.207172 -0.508790
v 0.175203 12.206895 -0.560363
v 0.205948 12.274984 -0.516209
v 0.228950 12.327231 -0.461064
v 0.046919 12.341887 -0.531032
v 0.068460 12.395098 -0.474825
v 0.079783 12.423947 -0.403060
v 0.241314 12.356705 -0.390767
v 0.079490 12.421764 -0.324548
v 0.241205 12.357021 -0.313270
v 0.070183 12.391708 -0.249502
v -0.094126 12.480206 -0.339760
v -0.099524 12.447386 -0.265364
v -0.110253 12.389399 -0.192945
v -0.281689 12.479749 -0.276303
v -0.281705 12.420227 -0.205563
v -0.280803 12.335285 -0.133615
v -0.457744 12.425270 -0.207511
v -0.440851 12.341952 -0.137246
v -0.418428 12.228676 -0.058439
v -0.601640 12.326424 -0.130142
v -0.559331 12.218405 -0.051864
v -0.524308 12.094324 0.024791
v -0.698536 12.192239 -0.031442
v -0.646932 12.071590 0.044060
v -0.620589 11.945227 0.091375
v -0.759599 12.031916 0.074852
v -0.729750 11.911886 0.111419
v -0.717833 11.817132 0.151445
v -0.831603 11.796612 0.184381
v -0.821976 11.731675 0.246035
v -0.955456 11.798658 0.243826
v -0.929333 11.725988 0.311218
v -1.024959 11.712379 0.371870
v -1.066404 11.811358 0.290497
v -1.158460 11.808335 0.306539
v -1.106554 11.685698 0.404482
v -1.176660 11.945878 0.199268
v -1.276584 11.917225 0.179172
v -1.232569 11.780981 0.301159
v -1.297362 11.731416 0.280112
v -1.249962 11.593841 0.390788
v -1.180935 11.643789 0.411809
v -1.360290 11.841695 0.161528
v -1.430159 11.732796 0.133264
v -1.426634 11.901154 0.038522
v -1.508551 11.795382 0.024694
v -1.592764 11.693571 -0.002213
v -1.501356 11.622713 0.090446
v -1.469113 11.967020 -0.063349
v -1.581092 11.869217 -0.072072
v -1.682134 11.777296 -0.083852
v -1.780831 11.675596 -0.099821
v -1.678182 11.595401 -0.028907
v -1.630497 11.958498 -0.142342
v -1.748563 11.860732 -0.145647
v -1.858370 11.745028 -0.152781
v -1.957966 11.613117 -0.157648
v -1.872186 11.560382 -0.111253
v -1.791099 11.915689 -0.197943
v -1.907913 11.787616 -0.198479
v -2.013378 11.646599 -0.198092
v -2.106827 11.496674 -0.193516
v -2.046758 11.472898 -0.152365
v -1.944160 11.814101 -0.248990
v -2.051883 11.668227 -0.247369
v -2.147083 11.513391 -0.242160
v -2.219838 11.349277 -0.231751
v -2.178092 11.337545 -0.183286
v -2.074623 11.678774 -0.304377
v -2.170228 11.522331 -0.298460
v -2.245639 11.357332 -0.288784
v -2.294887 11.190430 -0.274388
v -2.266042 11.183505 -0.218707
v -2.171968 11.520248 -0.360338
v -2.250675 11.357753 -0.352032
v -2.301130 11.191251 -0.336354
v -2.336922 11.030972 -0.318174
v -2.326870 11.028612 -0.257260
v -2.230857 11.348306 -0.410627
v -2.282852 11.184824 -0.395400
v -2.320765 11.027059 -0.377740
v -2.353671 10.875019 -0.360295
v -2.366528 10.876953 -0.299405
v -2.243938 11.172594 -0.443621
v -2.283001 11.018370 -0.427449
v -2.317909 10.868668 -0.410941
v -2.347392 10.720481 -0.390775
v -2.380090 10.725700 -0.339787
v -2.230017 11.005798 -0.465566
v -2.265575 10.859433 -0.449830
v -2.296579 10.713284 -0.430367
v -2.317919 10.559168 -0.404143
v -2.365728 10.566083 -0.366399
v -2.200642 10.845793 -0.480510
v -2.232879 10.701395 -0.459457
v -2.256468 10.551073 -0.431003
v -2.261148 10.392361 -0.398445
v -2.321907 10.396878 -0.374203
v -2.155078 10.683629 -0.481759
v -2.179924 10.539812 -0.449212
v -2.186904 10.389102 -0.412952
v -2.165502 10.233549 -0.381366
v -2.240394 10.225696 -0.365280
v -2.073769 10.531225 -0.464873
v -2.075595 10.394425 -0.425266
v -2.055963 10.254218 -0.395303
v -2.010081 10.111425 -0.384350
v -2.118589 10.075831 -0.362215
v -1.952393 10.413084 -0.447982
v -1.928751 10.285360 -0.419224
v -1.889834 10.152403 -0.412529
v -1.837540 10.023965 -0.427717
v -1.946065 9.974106 -0.392414
v -1.818350 10.315655 -0.461163
v -1.782223 10.191568 -0.455934
v -1.734639 10.072734 -0.473633
v -1.674260 9.969801 -0.498392
v -1.772050 9.907192 -0.449597
v -1.695806 10.228014 -0.519383
v -1.647905 10.125197 -0.538758
v -1.589155 10.031118 -0.562624
v -1.584661 10.175709 -0.618146
v -1.522438 10.087548 -0.638091
v -1.537750 10.223589 -0.699543
v -1.469754 10.141516 -0.718174
v -1.386761 10.067191 -0.727224
v -1.426242 10.201682 -0.798384
v -1.340097 10.131660 -0.813618
v -1.388757 10.274068 -0.873177
v -1.301503 10.208265 -0.899837
v -1.351057 10.357669 -0.933804
v -1.264585 10.297942 -0.973083
v -1.180232 10.235250 -1.013572
v -1.218162 10.392508 -1.024905
v -1.128737 10.329487 -1.068510
v -1.038198 10.258951 -1.106114
v -1.064975 10.423787 -1.099176
v -0.971531 10.358414 -1.135880
v -0.875595 10.294765 -1.161628
v -0.898589 10.460444 -1.143377
v -0.803543 10.404444 -1.168329
v -0.707307 10.352525 -1.178209
v -0.725658 10.514142 -1.150088
v -0.632514 10.467332 -1.166348
v -0.538825 10.419309 -1.169726
v -0.613035 10.303683 -1.177666
v -0.448037 10.369356 -1.159088
v -0.523202 10.256224 -1.164995
v -0.362050 10.317719 -1.138854
v -0.438000 10.210167 -1.146686
v -0.371104 10.471995 -1.122689
v -0.285512 10.415951 -1.105056
v -0.200534 10.359341 -1.083738
v -0.211962 10.511455 -1.066633
v -0.126654 10.453879 -1.049743
v -0.142773 10.610259 -1.041292
v -0.058425 10.550608 -1.026643
v -0.075880 10.712627 -1.033380
v 0.006245 10.650074 -1.016449
v -0.010248 10.821855 -1.036444
v 0.069006 10.756273 -1.016043
v 0.145768 10.687786 -0.985157
v 0.133576 10.871088 -1.016355
v 0.205556 10.796926 -0.983934
v 0.275241 10.718345 -0.944139
v 0.272736 10.905317 -0.973174
v 0.333099 10.818625 -0.936903
v 0.392757 10.731465 -0.895896
v 0.400276 10.911840 -0.908546
v 0.444254 10.820576 -0.876182
v 0.466611 10.652697 -0.850255
v 0.568228 10.590458 -0.790260
v 0.471912 10.994818 -0.845165
v 0.512236 10.900843 -0.822069
v 0.348877 11.005821 -0.940375
v 0.424936 11.093367 -0.871382
v 0.286539 11.097399 -0.964799
v 0.366390 11.191649 -0.890545
v 0.436505 11.263491 -0.791750
v 0.293212 11.284158 -0.900542
v 0.358783 11.357814 -0.795561
v 0.426273 11.423669 -0.698657
v 0.265349 11.438678 -0.788656
v 0.327679 11.505243 -0.685383
v 0.400839 11.592388 -0.617767
v 0.216559 11.575362 -0.670993
v 0.276038 11.666457 -0.603786
v 0.333474 11.773440 -0.588463
v 0.137735 11.726434 -0.601957
v 0.184133 11.836034 -0.589693
v 0.236444 11.947567 -0.592557
v 0.031835 11.885535 -0.596369
v 0.080789 12.005964 -0.604370
v 0.133194 12.117946 -0.595052
v -0.066940 12.059706 -0.619924
v -0.019088 12.179911 -0.611247
v 0.017911 12.271179 -0.575201
v -0.173266 12.229972 -0.623784
v -0.144971 12.326748 -0.590114
v -0.121566 12.401772 -0.547321
v -0.318202 12.362879 -0.596565
v -0.305204 12.438451 -0.554774
v -0.294476 12.494788 -0.497974
v -0.104328 12.456099 -0.490784
v -0.287234 12.520816 -0.425442
v -0.094813 12.484615 -0.418378
v -0.283450 12.513419 -0.348842
v -0.488256 12.524387 -0.420663
v -0.480347 12.515905 -0.346011
v -0.470468 12.482357 -0.275194
v -0.676083 12.486425 -0.329122
v -0.659746 12.456059 -0.262713
v -0.635765 12.403876 -0.198031
v -0.842799 12.399180 -0.240592
v -0.811872 12.354415 -0.179935
v -0.762813 12.287983 -0.113255
v -1.015964 12.326179 -0.216235
v -1.035542 12.354558 -0.278951
v -1.199356 12.285642 -0.262169
v -1.180315 12.253697 -0.198707
v -0.862076 12.426733 -0.304199
v -0.874247 12.435381 -0.373020
v -1.046814 12.365188 -0.346720
v -0.687518 12.495064 -0.401399
v -0.692197 12.474679 -0.471248
v -0.877707 12.419027 -0.441060
v -0.494019 12.500858 -0.491906
v -0.497334 12.447459 -0.549148
v -0.689392 12.427387 -0.528498
v -0.681922 12.362862 -0.572129
v -0.859331 12.323210 -0.543108
v -0.871931 12.379219 -0.498772
v -0.498967 12.375511 -0.591646
v -0.499891 12.283258 -0.622728
v -0.670065 12.280215 -0.605538
v -0.333420 12.265163 -0.628394
v -0.354216 12.137467 -0.644991
v -0.504249 12.159740 -0.642094
v -0.208581 12.103415 -0.633895
v -0.249988 11.966784 -0.625191
v -0.386477 11.998928 -0.639337
v -0.114016 11.927781 -0.608682
v -0.152499 11.808371 -0.614069
v -0.289407 11.843472 -0.631745
v -0.007653 11.771564 -0.604914
v -0.041820 11.673235 -0.661122
v -0.179849 11.706271 -0.666504
v 0.092224 11.632673 -0.664216
v 0.047777 11.556343 -0.773045
v -0.073913 11.593060 -0.765130
v 0.161368 11.504506 -0.778923
v 0.107571 11.429626 -0.899757
v -0.001416 11.478471 -0.893147
v 0.206063 11.364415 -0.903402
v 0.131087 11.256591 -0.985557
v 0.039630 11.320420 -0.984943
v 0.213619 11.181840 -0.979593
v 0.131051 11.063962 -1.021838
v 0.049765 11.133339 -1.031364
v 0.205832 10.988007 -1.002688
v 0.056518 10.940636 -1.037737
v -0.092902 10.885281 -1.043923
v -0.026137 11.006312 -1.046399
v -0.178394 10.945697 -1.039117
v -0.112388 11.067958 -1.043698
v -0.037478 11.195842 -1.030597
v -0.200966 11.125221 -1.031332
v -0.130696 11.251746 -1.021767
v -0.061659 11.373370 -0.977911
v -0.230983 11.301964 -1.006726
v -0.172525 11.418226 -0.966383
v -0.118236 11.514925 -0.883580
v -0.289220 11.459284 -0.953482
v -0.237517 11.547905 -0.872081
v -0.198402 11.622997 -0.762157
v -0.363587 11.584686 -0.861766
v -0.330844 11.656134 -0.767589
v -0.314712 11.738437 -0.681386
v -0.468786 11.685685 -0.771344
v -0.448583 11.766825 -0.694576
v -0.422074 11.872513 -0.646470
v -0.583904 11.785835 -0.695516
v -0.555931 11.891712 -0.649314
v -0.524376 12.021015 -0.640183
v -0.689946 11.904224 -0.641070
v -0.660441 12.033705 -0.627767
v -0.654524 12.168793 -0.625506
v -0.800592 12.038220 -0.613871
v -0.810166 12.157174 -0.604202
v -0.840201 12.253717 -0.579941
v -0.977417 12.125369 -0.585825
v -1.007955 12.206154 -0.556421
v -1.029302 12.267659 -0.518498
v -1.173324 12.149385 -0.543868
v -1.193186 12.208235 -0.504697
v -1.206784 12.257397 -0.457095
v -1.043069 12.318063 -0.472514
v -1.212915 12.289192 -0.396886
v -1.049443 12.352633 -0.413845
v -1.210387 12.298845 -0.329611
v -1.374741 12.228091 -0.389431
v -1.372548 12.234669 -0.322355
v -1.362335 12.219046 -0.256857
v -1.525966 12.147947 -0.257363
v -1.511365 12.109723 -0.199016
v -1.347645 12.182053 -0.195874
v -1.537016 12.165838 -0.321267
v -1.698568 12.079062 -0.319099
v -1.682620 12.061070 -0.255984
v -1.538942 12.161090 -0.387265
v -1.701093 12.074591 -0.384356
v -1.845944 11.957196 -0.377541
v -1.842698 11.962502 -0.313545
v -1.530202 12.132870 -0.447365
v -1.689716 12.047608 -0.443881
v -1.831967 11.932837 -0.435228
v -1.949989 11.797523 -0.427041
v -1.967923 11.820127 -0.370016
v -1.668380 12.004781 -0.491437
v -1.804970 11.894038 -0.483194
v -1.919466 11.764009 -0.475266
v -2.021426 11.626696 -0.469534
v -2.056232 11.655797 -0.422360
v -1.767920 11.843441 -0.521253
v -1.877256 11.719899 -0.513539
v -1.975770 11.589256 -0.507935
v -2.064414 11.452117 -0.501576
v -2.113315 11.482542 -0.464437
v -1.826829 11.667314 -0.546179
v -1.921085 11.544003 -0.539497
v -2.004954 11.414337 -0.532177
v -2.074177 11.277598 -0.524080
v -2.137066 11.306660 -0.494110
v -1.838535 11.478124 -0.574797
v -1.917161 11.359353 -0.566492
v -1.984658 11.235470 -0.556341
v -2.038895 11.105321 -0.541524
v -2.125824 11.134796 -0.510781
v -1.811546 11.296093 -0.602574
v -1.874499 11.183083 -0.591135
v -1.929813 11.064892 -0.576426
v -1.978787 10.939944 -0.559791
v -2.084205 10.968678 -0.526267
v -1.764061 11.129653 -0.628682
v -1.818854 11.022449 -0.613652
v -1.869811 10.909107 -0.597827
v -1.913185 10.788799 -0.575182
v -2.020981 10.807372 -0.537704
v -1.711205 10.976604 -0.669410
v -1.763155 10.874411 -0.651110
v -1.808633 10.766881 -0.627359
v -1.839007 10.655928 -0.588260
v -1.944026 10.663424 -0.538507
v -1.665799 10.834630 -0.725729
v -1.711325 10.738064 -0.694972
v -1.741720 10.638170 -0.653203
v -1.754900 10.541772 -0.605178
v -1.849133 10.546328 -0.539308
v -1.625484 10.697719 -0.774099
v -1.659845 10.608389 -0.726968
v -1.676600 10.519754 -0.675836
v -1.751460 10.443893 -0.557917
v -1.587680 10.556395 -0.797483
v -1.609638 10.480437 -0.744402
v -1.514813 10.490321 -0.855553
v -1.542273 10.415743 -0.802553
v -1.435830 10.422667 -0.898483
v -1.471536 10.344375 -0.844241
v -1.501987 10.277931 -0.776020
v -1.465813 10.575811 -0.898593
v -1.384959 10.510519 -0.939531
v -1.304233 10.450049 -0.980145
v -1.319469 10.602833 -0.968833
v -1.239185 10.544764 -1.010121
v -1.154969 10.486394 -1.055523
v -1.159596 10.636243 -1.023395
v -1.076231 10.578303 -1.065202
v -0.989465 10.519259 -1.106837
v -0.988186 10.669942 -1.058071
v -0.903649 10.615173 -1.093797
v -0.816479 10.563507 -1.126260
v -0.813618 10.713585 -1.065709
v -0.727539 10.664007 -1.088400
v -0.640257 10.618156 -1.107512
v -0.644802 10.764474 -1.044714
v -0.558693 10.718359 -1.058583
v -0.471662 10.671361 -1.071204
v -0.550480 10.572770 -1.122602
v -0.383665 10.621960 -1.080393
v -0.460101 10.524693 -1.129068
v -0.297134 10.568279 -1.078805
v -0.311969 10.723041 -1.047960
v -0.227109 10.668224 -1.050071
v -0.244439 10.830854 -1.036348
v -0.159327 10.773226 -1.040683
v -0.397801 10.774172 -1.035666
v -0.329559 10.884437 -1.020810
v -0.265616 11.001717 -1.024520
v -0.416865 10.934884 -1.004051
v -0.354610 11.053763 -1.008122
v -0.293236 11.178000 -1.015364
v -0.446612 11.101562 -0.993988
v -0.392020 11.224460 -0.999936
v -0.339007 11.347461 -0.990535
v -0.494099 11.264295 -0.989692
v -0.450100 11.386513 -0.979557
v -0.409471 11.497022 -0.939458
v -0.563204 11.415407 -0.973667
v -0.530797 11.525159 -0.932142
v -0.495887 11.613796 -0.854879
v -0.653096 11.540442 -0.928672
v -0.628873 11.627958 -0.850423
v -0.606323 11.702715 -0.768270
v -0.752653 11.635976 -0.848166
v -0.736283 11.714872 -0.762873
v -0.717723 11.799231 -0.688161
v -0.857935 11.723857 -0.762486
v -0.850369 11.811131 -0.685166
v -0.828164 11.916282 -0.633882
v -0.977496 11.813801 -0.692749
v -0.966924 11.921416 -0.635386
v -0.962280 12.029218 -0.606543
v -1.114029 11.895454 -0.646424
v -1.127767 11.993479 -0.608435
v -1.149193 12.081716 -0.576445
v -1.313823 12.027273 -0.570630
v -1.335363 12.092478 -0.539095
v -1.285006 11.939508 -0.607126
v -1.427475 11.871639 -0.603423
v -1.467021 11.964695 -0.567104
v -1.252816 11.840862 -0.651306
v -1.375115 11.772903 -0.647942
v -1.482098 11.694368 -0.639964
v -1.549762 11.791665 -0.597313
v -1.221120 11.747623 -0.709769
v -1.325618 11.681533 -0.706444
v -1.417653 11.604342 -0.697376
v -1.498707 11.519032 -0.685083
v -1.576163 11.605822 -0.629771
v -1.278919 11.597464 -0.780892
v -1.356825 11.522893 -0.773547
v -1.425102 11.440821 -0.761835
v -1.488636 11.353640 -0.746291
v -1.572912 11.427908 -0.671935
v -1.288416 11.446651 -0.858311
v -1.349282 11.368044 -0.846907
v -1.406201 11.284534 -0.830988
v -1.460427 11.197733 -0.812676
v -1.548015 11.262648 -0.727622
v -1.257913 11.296460 -0.921759
v -1.311384 11.216048 -0.907301
v -1.364458 11.133116 -0.892328
v -1.416976 11.048695 -0.877388
v -1.512484 11.108500 -0.792788
v -1.197491 11.151306 -0.960905
v -1.250188 11.070250 -0.947624
v -1.304062 10.987805 -0.934550
v -1.360656 10.902904 -0.921267
v -1.468908 10.962148 -0.859420
v -1.129825 11.012657 -0.977901
v -1.189019 10.928892 -0.970488
v -1.254008 10.843453 -0.961336
v -1.327119 10.754675 -0.949080
v -1.422122 10.815919 -0.904226
v -1.086013 10.871865 -0.993995
v -1.160730 10.784311 -0.992048
v -1.242136 10.694733 -0.985361
v -1.401283 10.664648 -0.927842
v -1.073113 10.726082 -1.023255
v -0.991125 10.817409 -1.016058
v -0.901362 10.765017 -1.040380
v -0.917361 10.909492 -1.003736
v -0.822678 10.860336 -1.016994
v -0.732541 10.812042 -1.031071
v -0.754406 10.961109 -0.996105
v -0.661612 10.915887 -1.001658
v -0.572334 10.870059 -1.010229
v -0.599938 11.026701 -0.987011
v -0.507173 10.982329 -0.993326
v -0.484300 10.822798 -1.021749
v -0.542768 11.143697 -0.986592
v -0.695586 11.068193 -0.986334
v -0.643337 11.180548 -0.986190
v -0.599231 11.297432 -0.986009
v -0.747489 11.212499 -0.990322
v -0.708630 11.323374 -0.989329
v -0.679262 11.435110 -0.973447
v -0.821803 11.342404 -0.993818
v -0.795303 11.447146 -0.976375
v -0.772674 11.549253 -0.928691
v -0.903136 11.454778 -0.975033
v -0.878651 11.554310 -0.928553
v -0.864129 11.644224 -0.847596
v -0.974307 11.723468 -0.770131
v -1.086117 11.704927 -0.778852
v -1.100955 11.794242 -0.705997
v -1.188844 11.660358 -0.783037
v -1.220922 11.517461 -0.862752
v -1.141530 11.445772 -0.933880
v -1.202314 11.373681 -0.931462
v -1.042922 11.391785 -0.976724
v -1.092826 11.312963 -0.979288
v -1.144998 11.232243 -0.973087
v -0.975633 11.271846 -0.996386
v -1.022739 11.183104 -0.992597
v -1.074560 11.096766 -0.985033
v -0.905853 11.143729 -0.993569
v -0.960157 11.050361 -0.991774
v -1.019369 10.960017 -0.993246
v -0.853224 11.005826 -0.993250
v -0.796803 11.106598 -0.989706
v -0.859933 11.240947 -0.996401
v -0.935173 11.362512 -0.992886
v -1.545233 10.639592 -0.845419
v -1.487222 10.727051 -0.879261
v -1.576941 10.786003 -0.810109
v -1.522296 10.874663 -0.837424
v -1.614948 10.927633 -0.750337
v -1.563359 11.018559 -0.771997
v -1.657734 11.074176 -0.687457
v -1.603750 11.168937 -0.707058
v -1.705252 11.232388 -0.644232
v -1.641527 11.331989 -0.658685
v -1.740745 11.404633 -0.611812
v -1.662381 11.508487 -0.620671
v -1.750650 11.591557 -0.582289
v -1.654765 11.697663 -0.589418
v -1.723071 11.783016 -0.553558
v -1.604322 11.884454 -0.561572
v -1.639930 11.950681 -0.529743
v -1.492646 12.031326 -0.534838
v -1.513767 12.088004 -0.495801
v -1.353737 12.150708 -0.499049
v -1.367790 12.198262 -0.449910
v -1.730283 10.338121 -0.525322
v -1.840769 10.435008 -0.493794
v -1.958805 10.536324 -0.490299
v -2.053829 10.669176 -0.505379
v -2.122478 10.827636 -0.507659
v -2.165590 10.990171 -0.496436
v -2.190412 11.155932 -0.481187
v -2.190677 11.330292 -0.457859
v -2.151908 11.506785 -0.418076
v -2.075949 11.674412 -0.365356
v -1.964914 11.825156 -0.308055
v -1.822603 11.947830 -0.252272
v -1.659332 12.023664 -0.199421
v -1.496616 12.046808 -0.140695
v -1.874469 9.846264 -0.407321
v -1.973071 9.785375 -0.362306
v -2.054039 9.923449 -0.356822
v -2.047071 9.737849 -0.320904
v -2.128647 9.889794 -0.324679
v -2.194213 10.055182 -0.339413
v -2.184549 9.869222 -0.295996
v -2.251075 10.045019 -0.314097
v -2.298724 10.223751 -0.342437
v -2.294973 10.040588 -0.285715
v -2.342226 10.225940 -0.311022
v -2.365671 10.402810 -0.338695
v -2.372983 10.232450 -0.272524
v -2.394065 10.411031 -0.294559
v -2.395077 10.573150 -0.317144
v -2.405776 10.421518 -0.242917
v -2.403731 10.580959 -0.261020
v -2.390604 10.728449 -0.280018
v -2.389260 10.588574 -0.200984
v -2.375777 10.728553 -0.217883
v -2.354491 10.874314 -0.237705
v -2.337487 10.727217 -0.157639
v -2.319909 10.869677 -0.179360
v -2.297177 11.023163 -0.200433
v -2.269994 10.867158 -0.121913
v -2.249779 11.019495 -0.148454
v -2.222114 11.176583 -0.168520
v -2.184471 11.022960 -0.090219
v -2.155687 11.173534 -0.117285
v -2.113291 11.324883 -0.136723
v -2.061408 11.171008 -0.055516
v -2.013587 11.305779 -0.086285
v -1.950415 11.434875 -0.105615
v -1.891333 11.273092 -0.023986
v -1.826680 11.383310 -0.041699
v -1.756037 11.493290 -0.043905
v -1.707573 11.331267 0.034175
v -1.641471 11.430355 0.037471
v -1.572417 11.524818 0.056413
v -1.542937 11.373602 0.140540
v -1.603072 11.285432 0.133597
v -1.522404 11.249396 0.265177
v -1.465339 11.327838 0.273778
v -1.467445 11.236076 0.416460
v -1.402396 11.325478 0.421234
v -1.414037 11.218900 0.533783
v -1.485518 11.129414 0.517769
v -1.432648 11.095520 0.590948
v -1.362530 11.185595 0.601789
v -1.527598 11.150661 0.405271
v -1.584421 11.061173 0.396928
v -1.542017 11.039370 0.503240
v -1.579066 11.166691 0.261635
v -1.634298 11.073552 0.266250
v -1.688179 10.972135 0.280937
v -1.638948 10.965695 0.396200
v -1.660094 11.191340 0.138574
v -1.713158 11.089736 0.154756
v -1.763305 10.981535 0.179503
v -1.810455 10.865398 0.212460
v -1.739518 10.859513 0.305461
v -1.820373 11.123028 0.074670
v -1.866979 11.011098 0.108810
v -1.907724 10.887794 0.149513
v -1.949966 10.755448 0.198451
v -1.858514 10.741480 0.251124
v -1.983161 11.034582 0.052597
v -2.013888 10.909430 0.101004
v -2.049155 10.770211 0.159074
v -2.082811 10.612490 0.191683
v -1.987506 10.607489 0.230885
v -2.118805 10.902279 0.036917
v -2.142593 10.768948 0.097520
v -2.171963 10.614480 0.123891
v -2.185561 10.449900 0.099404
v -2.101961 10.440187 0.173996
v -2.218664 10.744150 0.001514
v -2.238750 10.609971 0.025073
v -2.253688 10.459861 0.013115
v -2.265422 10.289419 -0.027945
v -2.195116 10.285756 0.035755
v -2.301332 10.601401 -0.069689
v -2.315020 10.458099 -0.068061
v -2.318162 10.282522 -0.081991
v -2.297205 10.083651 -0.081488
v -2.251829 10.096036 -0.042865
v -2.360714 10.447100 -0.132222
v -2.356807 10.269749 -0.130077
v -2.327740 10.070083 -0.120480
v -2.272415 9.865345 -0.107946
v -2.245378 9.880679 -0.069489
v -2.380643 10.256130 -0.176529
v -2.344739 10.057524 -0.162831
v -2.286139 9.854111 -0.149674
v -2.202765 9.661469 -0.139297
v -2.190950 9.672355 -0.095426
v -2.345729 10.047657 -0.207418
v -2.284690 9.848236 -0.193441
v -2.199037 9.659699 -0.184524
v -2.088803 9.494358 -0.179445
v -2.093058 9.493004 -0.130089
v -2.263972 9.849518 -0.233256
v -2.177627 9.668255 -0.224862
v -2.069783 9.508411 -0.222266
v -1.961711 9.360879 -0.175451
v -2.144886 9.683599 -0.258713
v -2.230382 9.855899 -0.268206
v -2.100103 9.706991 -0.289130
v -2.328443 10.041529 -0.250017
v -2.386837 10.243192 -0.225036
v -2.392922 10.434072 -0.187792
v -2.350523 10.594806 -0.140404
v -2.284795 10.729671 -0.090293
v -2.202944 10.876045 -0.047731
v -2.095685 11.034299 -0.016415
v -1.941432 11.153887 0.012703
v -1.767361 11.229126 0.047359
v -1.316408 11.149787 0.637975
v -1.238559 11.227420 0.644814
v -1.211264 11.179416 0.669278
v -1.131482 11.238269 0.688046
v -1.149284 11.295651 0.662029
v -1.029233 11.286773 0.704752
v -1.242490 8.920734 -0.134344
v -1.239058 8.936429 -0.092452
v -1.404193 8.990626 -0.091844
v -1.242353 8.920862 -0.180601
v -1.069979 8.893998 -0.124265
v -0.912220 8.920409 -0.057852
v -1.071947 8.914028 -0.083246
v -0.922517 8.957086 -0.024480
v -1.073764 8.948872 -0.051743
v -1.231643 8.967672 -0.060319
v -1.075407 8.995211 -0.028115
v -1.219719 9.011128 -0.038024
v -1.369550 9.056049 -0.030442
v -1.390058 9.017517 -0.056450
v -1.512052 9.129144 -0.010552
v -1.540521 9.093645 -0.043800
v -1.643656 9.219711 0.012865
v -1.471194 9.175883 0.015347
v -1.597103 9.264037 0.048276
v -1.727364 9.359476 0.063392
v -1.534349 9.319890 0.086316
v -1.666036 9.413157 0.110965
v -1.794092 9.522341 0.102730
v -1.592922 9.479541 0.155567
v -1.713739 9.585227 0.154337
v -1.816146 9.706515 0.140721
v -1.635139 9.646899 0.212274
v -1.730536 9.763084 0.198189
v -1.803998 9.888263 0.184990
v -1.659223 9.813231 0.272598
v -1.726730 9.933533 0.261452
v -1.776948 10.056614 0.255875
v -1.674832 9.970567 0.358252
v -1.727695 10.088035 0.356785
v -1.765317 10.206843 0.365656
v -1.690508 10.107242 0.465285
v -1.732674 10.216745 0.481055
v -1.759392 10.337095 0.502329
v -1.681203 10.229686 0.570906
v -1.695600 10.347229 0.588989
v -1.688624 10.474157 0.602615
v -1.625232 10.354549 0.654100
v -1.610630 10.475193 0.666178
v -1.582844 10.594976 0.664025
v -1.529413 10.471760 0.706111
v -1.492875 10.584103 0.696249
v -1.451513 10.689127 0.684254
v -1.410078 10.566981 0.706657
v -1.361133 10.664264 0.698923
v -1.307443 10.762268 0.693892
v -1.279316 10.627301 0.687101
v -1.223151 10.736638 0.679108
v -1.209645 10.582904 0.676946
v -1.154858 10.690617 0.660291
v -1.097573 10.653296 0.648703
v -1.055439 10.774497 0.657841
v -1.010643 10.872282 0.624690
v -1.272642 10.492864 0.686175
v -1.336485 10.536278 0.701476
v -1.387554 10.443385 0.718473
v -1.327559 10.415297 0.698860
v -1.455060 10.462534 0.721873
v -1.488347 10.354878 0.717798
v -1.424360 10.346877 0.725372
v -1.553674 10.356766 0.694850
v -1.559336 10.250557 0.672838
v -1.500209 10.255376 0.694121
v -1.621546 10.242229 0.634166
v -1.599488 10.135422 0.614804
v -1.548375 10.150224 0.652837
v -1.648648 10.120239 0.552448
v -1.601897 10.015274 0.536946
v -1.560778 10.034761 0.598683
v -1.638791 9.996639 0.455506
v -1.575461 9.885854 0.452506
v -1.540846 9.916119 0.532966
v -1.607805 9.855146 0.362769
v -1.521055 9.745710 0.366271
v -1.491745 9.781673 0.454724
v -1.569308 9.700503 0.283144
v -1.455650 9.604467 0.280076
v -1.409027 9.651155 0.364099
v -1.519521 9.547163 0.208336
v -1.396411 9.476173 0.177132
v -1.332340 9.537088 0.255071
v -1.463420 9.396780 0.128457
v -1.338727 9.336144 0.084332
v -1.277290 9.424973 0.135747
v -1.410399 9.244040 0.043068
v -1.288211 9.190166 0.011316
v -1.218297 9.286788 0.052280
v -1.338744 9.108012 -0.011280
v -1.023843 9.290007 0.103093
v -1.150303 9.368013 0.106329
v -0.960112 9.349236 0.184935
v -1.092376 9.429529 0.183895
v -1.216465 9.486872 0.214519
v -1.053159 9.475730 0.299078
v -1.162645 9.522381 0.321140
v -1.284944 9.578170 0.350905
v -1.146022 9.557144 0.459436
v -1.260509 9.615151 0.459464
v -1.382428 9.690703 0.454031
v -1.259817 9.675972 0.562607
v -1.367664 9.741268 0.543447
v -1.462679 9.823194 0.536339
v -1.346739 9.792059 0.606634
v -1.433365 9.862304 0.592010
v -1.505580 9.944487 0.590689
v -1.406240 9.897807 0.633554
v -1.471003 9.973416 0.632143
v -1.518104 10.057104 0.641021
v -1.435056 10.001539 0.658242
v -1.474329 10.079151 0.662721
v -1.496401 10.162083 0.671565
v -1.432985 10.099106 0.667225
v -1.448412 10.172787 0.675945
v -1.446686 10.257030 0.700659
v -1.400340 10.183282 0.667931
v -1.393030 10.254406 0.690745
v -1.364991 10.333662 0.709244
v -1.340836 10.252283 0.659974
v -1.312575 10.317716 0.666369
v -1.304775 10.252903 0.608852
v -1.279057 10.303275 0.604685
v -1.278794 10.255285 0.545316
v -1.258302 10.296407 0.542273
v -1.226294 10.327574 0.536416
v -1.238614 10.289046 0.477764
v -1.210679 10.313557 0.483115
v -1.173734 10.324977 0.494639
v -1.184060 10.342904 0.537580
v -1.133159 10.318878 0.516775
v -1.139297 10.339099 0.551093
v -1.078067 10.301870 0.540485
v -1.075513 10.323422 0.569681
v -1.061302 10.358399 0.591918
v -0.974136 10.340700 0.596040
v -0.954813 10.388871 0.599697
v -1.041261 10.408071 0.603396
v -0.986959 10.301982 0.580300
v -0.880744 10.277353 0.598425
v -0.873102 10.316042 0.613444
v -0.991881 10.276279 0.555484
v -0.884016 10.248797 0.570970
v -0.765808 10.215087 0.595445
v -0.762787 10.249179 0.628560
v -0.991422 10.262194 0.525618
v -0.885287 10.230777 0.537256
v -0.765228 10.198231 0.552887
v -0.640866 10.170431 0.556720
v -0.637409 10.193296 0.607297
v -0.883681 10.228724 0.499215
v -0.763592 10.194764 0.506954
v -0.645408 10.163110 0.502885
v -0.524055 10.158020 0.489829
v -0.515822 10.170000 0.543760
v -0.763694 10.196054 0.469854
v -0.647918 10.164476 0.466361
v -0.528340 10.157749 0.451897
v -0.403109 10.149090 0.433657
v -0.397756 10.150386 0.473151
v -0.650980 10.165108 0.434518
v -0.529739 10.158315 0.419335
v -0.405432 10.146602 0.400948
v -0.283273 10.145534 0.367238
v -0.271013 10.159392 0.406048
v -0.529846 10.153241 0.389224
v -0.407654 10.137310 0.367507
v -0.293595 10.127485 0.330708
v -0.162908 10.147700 0.318658
v -0.412096 10.120615 0.337051
v -0.300838 10.106404 0.300179
v -0.417294 10.098381 0.314288
v -0.307368 10.080041 0.278082
v -0.422570 10.068136 0.304510
v -0.314055 10.043640 0.264397
v -0.425335 10.036594 0.309760
v -0.323857 10.002314 0.266726
v -0.422448 10.003027 0.330952
v -0.323922 9.961550 0.276460
v -0.540780 10.068296 0.335394
v -0.539978 10.045262 0.352971
v -0.674809 10.091453 0.352378
v -0.678813 10.068930 0.370418
v -0.682926 10.052732 0.396459
v -0.802930 10.097844 0.377754
v -0.807564 10.079555 0.402645
v -0.813443 10.064590 0.435906
v -0.690557 10.041827 0.428096
v -0.911947 10.091571 0.376001
v -0.918449 10.065188 0.405660
v -1.003910 10.102564 0.340780
v -0.905223 10.118040 0.353065
v -1.000458 10.134545 0.320191
v -1.094867 10.156003 0.328862
v -1.093616 10.122377 0.345532
v -1.169059 10.167966 0.366221
v -1.160551 10.130365 0.382487
v -1.222412 10.173375 0.418516
v -1.208272 10.131055 0.433662
v -1.179384 10.086402 0.457357
v -1.135528 10.035201 0.485529
v -1.243005 10.125936 0.494077
v -1.209111 10.077235 0.513803
v -1.162416 10.028362 0.541537
v -1.095411 10.000205 0.584470
v -1.064859 9.991887 0.524896
v -1.238474 10.065214 0.572711
v -1.190662 10.022902 0.598957
v -1.122940 10.004753 0.637649
v -1.027112 10.003662 0.681684
v -1.004467 10.000069 0.629255
v -1.216591 10.009025 0.643590
v -1.145465 9.992685 0.681741
v -1.046168 9.988383 0.725479
v -0.926227 9.975395 0.765977
v -0.906037 9.998659 0.723415
v -1.164553 9.962324 0.715044
v -1.063036 9.951244 0.755507
v -0.945672 9.937173 0.792455
v -0.824455 9.923935 0.843199
v -0.800245 9.968315 0.811135
v -1.077825 9.902073 0.768546
v -0.961470 9.886860 0.800743
v -0.845338 9.868155 0.844873
v -0.736117 9.829477 0.862758
v -0.709536 9.882380 0.855237
v -0.975242 9.829709 0.791682
v -0.864837 9.805095 0.828815
v -0.761326 9.768893 0.850595
v -0.658982 9.720751 0.861379
v -0.635128 9.776808 0.866841
v -0.883907 9.738717 0.800595
v -0.784134 9.700890 0.826086
v -0.682092 9.656337 0.839483
v -0.566473 9.611197 0.847124
v -0.550177 9.671197 0.866316
v -0.804995 9.623521 0.782982
v -0.698043 9.585814 0.798020
v -0.578846 9.549284 0.807346
v -0.447880 9.520396 0.805395
v -0.438496 9.575834 0.845655
v -0.703348 9.518104 0.728402
v -0.584868 9.493228 0.739452
v -0.702403 9.452756 0.627792
v -0.815160 9.548923 0.712930
v -0.819469 9.481283 0.611661
v -0.814512 9.419591 0.473292
v -0.686479 9.376054 0.482135
v -0.931833 9.521672 0.599445
v -0.934701 9.468791 0.459007
v -0.932844 9.413423 0.304569
v -1.040610 9.513220 0.454189
v -1.039392 9.567028 0.592785
v -1.149181 9.618036 0.583139
v -1.026645 9.629295 0.679997
v -1.136189 9.677488 0.659510
v -1.246145 9.732507 0.631898
v -1.118770 9.736393 0.710185
v -1.227020 9.780804 0.676897
v -1.324588 9.834074 0.649142
v -1.210391 9.826542 0.707232
v -1.304096 9.873409 0.678255
v -1.379946 9.931261 0.662364
v -1.283672 9.912376 0.694935
v -1.352142 9.966238 0.678567
v -1.400578 10.028904 0.669638
v -1.323152 9.999297 0.677486
v -1.365538 10.056070 0.665076
v -1.391265 10.118132 0.658608
v -1.332568 10.078348 0.643190
v -1.353627 10.134216 0.638287
v -1.356579 10.192503 0.645118
v -1.318161 10.148847 0.603338
v -1.319106 10.201381 0.604696
v -1.288448 10.163472 0.547691
v -1.289295 10.211175 0.545701
v -1.260544 10.172869 0.482100
v -1.264026 10.215827 0.475854
v -1.255656 10.255946 0.475667
v -1.225174 10.213821 0.411672
v -1.220848 10.251603 0.409471
v -1.207514 10.283663 0.414607
v -1.166645 10.238953 0.355444
v -1.154804 10.267844 0.365445
v -1.136682 10.288958 0.386202
v -1.182302 10.303702 0.429363
v -1.118302 10.299934 0.415798
v -1.152203 10.310840 0.452355
v -1.119053 10.305927 0.482737
v -1.072000 10.288373 0.512779
v -1.071947 10.270769 0.353438
v -1.063581 10.282269 0.386109
v -0.983448 10.245471 0.343618
v -0.983357 10.256614 0.375935
v -0.883552 10.225593 0.397090
v -0.886538 10.231549 0.427894
v -0.882510 10.213953 0.370336
v -0.775150 10.183405 0.386832
v -0.770275 10.191369 0.413385
v -0.983901 10.227959 0.317460
v -0.884643 10.195279 0.349624
v -0.781622 10.167035 0.365614
v -0.666360 10.140558 0.357963
v -0.659841 10.155532 0.378986
v -0.889829 10.170527 0.339815
v -0.789093 10.144451 0.355944
v -0.672392 10.116903 0.345497
v -0.539549 10.095776 0.329870
v -0.535437 10.122508 0.339433
v -0.796583 10.120633 0.361020
v -0.897198 10.144152 0.339997
v -0.989170 10.197510 0.300372
v -0.996211 10.165041 0.306143
v -1.089884 10.222382 0.318587
v -1.094314 10.189371 0.318323
v -1.171145 10.204462 0.357211
v -1.081347 10.251025 0.330582
v -0.531338 10.141146 0.361786
v -0.654674 10.162234 0.404679
v -0.766273 10.195240 0.441990
v -0.885350 10.231046 0.462407
v -1.271825 10.113725 0.554942
v -1.300518 10.097497 0.609065
v -1.266999 10.048851 0.622512
v -1.294688 10.027174 0.657250
v -1.240286 9.983916 0.677111
v -1.262626 9.951198 0.697026
v -1.180387 9.920068 0.730993
v -1.194762 9.873221 0.725443
v -1.090265 9.848230 0.759734
v -1.103805 9.792928 0.740415
v -0.990224 9.767698 0.769026
v -1.008507 9.699279 0.737350
v -0.905060 9.661921 0.762363
v -0.920329 9.586459 0.696456
v -0.297479 9.548161 0.831473
v -0.292459 9.603178 0.855323
v -0.427921 9.631467 0.865024
v -0.307452 9.498320 0.787596
v -0.288117 9.656577 0.867106
v -0.417011 9.686129 0.869966
v -0.531761 9.727343 0.872247
v -0.406736 9.736547 0.862856
v -0.513159 9.778974 0.862916
v -0.611339 9.829770 0.857757
v -0.496976 9.825125 0.840994
v -0.590594 9.875930 0.831861
v -0.686296 9.928968 0.825824
v -0.573727 9.908326 0.791582
v -0.666382 9.961519 0.781493
v -0.778563 9.994639 0.761899
v -0.648143 9.981138 0.727351
v -0.755703 10.008163 0.706680
v -0.886987 10.004747 0.671228
v -0.559149 9.928008 0.740769
v -0.476254 9.879812 0.759820
v -0.472008 9.883433 0.707166
v -0.484757 9.861656 0.807112
v -0.389999 9.816157 0.812174
v -0.387406 9.836986 0.773455
v -0.397333 9.781711 0.843211
v -0.282053 9.754076 0.844438
v -0.282599 9.789174 0.813436
v -0.283668 9.708913 0.864247
v -0.150119 9.687304 0.845504
v -0.153551 9.737128 0.832744
v -0.149333 9.632858 0.840832
v -0.160874 9.775860 0.803423
v -0.171489 9.800876 0.762407
v -0.285825 9.813470 0.772963
v -0.184433 9.811222 0.714175
v -0.292268 9.821108 0.727162
v -0.387772 9.843539 0.725755
v -0.299328 9.814097 0.674586
v -0.391691 9.831585 0.669051
v -0.466939 9.870109 0.643753
v -0.449920 9.833223 0.574605
v -0.404766 9.790729 0.495827
v -0.328862 9.763376 0.412949
v -0.220013 9.774534 0.340944
v -0.263235 9.798468 0.293409
v -0.183797 9.772719 0.399795
v -0.066254 9.818190 0.355880
v -0.091971 9.833216 0.295560
v -0.147515 9.776372 0.479278
v -0.040365 9.813915 0.434632
v -0.113147 9.796014 0.571876
v -0.010324 9.822024 0.535420
v -0.092090 9.808977 0.638490
v 0.011814 9.827395 0.614611
v -0.075370 9.807356 0.690687
v -0.200369 9.807230 0.664615
v -0.262522 10.165891 0.452798
v -0.259031 10.175941 0.503690
v -0.386489 10.159498 0.526280
v -0.254166 10.199438 0.550899
v -0.378694 10.184513 0.573935
v -0.507881 10.194442 0.590243
v -0.373782 10.221650 0.608977
v -0.500817 10.228896 0.625135
v -0.632785 10.229181 0.644528
v -0.494753 10.269654 0.646917
v -0.626990 10.274769 0.665811
v -0.757248 10.292241 0.645344
v -0.619626 10.322642 0.675483
v -0.747761 10.339801 0.649638
v -0.857575 10.363317 0.616633
v -0.733711 10.391221 0.642215
v -0.838553 10.415906 0.613032
v -0.930299 10.447704 0.599448
v -0.815913 10.477014 0.599985
v -0.718018 10.443387 0.617944
v -0.699956 10.489405 0.579279
v -0.794936 10.526029 0.560448
v -0.683955 10.517271 0.524668
v -0.777321 10.552213 0.500863
v -0.584626 10.485258 0.536288
v -0.594105 10.456923 0.586489
v -0.486129 10.446145 0.577660
v -0.485443 10.473524 0.528816
v -0.602398 10.420669 0.628392
v -0.488180 10.409064 0.616468
v -0.384938 10.412867 0.597387
v -0.611316 10.373629 0.660283
v -0.489686 10.364895 0.644354
v -0.379213 10.367152 0.618031
v -0.276653 10.379889 0.601957
v -0.289993 10.423901 0.583402
v -0.491118 10.316770 0.653741
v -0.374660 10.320386 0.627303
v -0.265754 10.332754 0.605719
v -0.371514 10.269909 0.626704
v -0.258834 10.283297 0.598425
v -0.254440 10.235443 0.581196
v -0.918066 9.192183 0.105679
v -0.848769 9.103210 0.085398
v -0.804607 9.036335 0.054818
v -0.937588 9.005084 0.000858
v -0.777381 8.981855 0.019847
v 1.309216 10.924577 -0.083885
v 1.155145 11.063470 -0.033686
v 1.196557 10.911702 -0.028047
v 1.060864 11.032727 0.062143
v 1.104184 10.899457 0.072019
v 0.996273 11.153314 0.040944
v 0.899020 11.104358 0.136620
v 0.834491 11.209020 0.122550
v 0.758449 11.172427 0.231479
v 0.687135 11.265476 0.218983
v 0.657104 11.241854 0.339278
v 0.586557 11.323122 0.342244
v 0.579394 11.301134 0.441066
v 0.500166 11.374071 0.450145
v 0.491510 11.349183 0.519014
v 0.569875 11.277822 0.501561
v 0.474432 11.312325 0.569002
v 0.403303 11.412160 0.537373
v 0.385360 11.368311 0.594194
v 0.284188 11.416614 0.612273
v -0.645311 10.909436 0.609255
v -0.750486 10.866711 0.567971
v -0.658284 10.864552 0.573956
v -0.755330 10.849335 0.511995
v -0.675647 10.843603 0.518264
v -0.756902 10.850462 0.426683
v -0.823931 10.832842 0.498239
v -0.811265 10.832735 0.405986
v -0.768776 10.816077 0.304507
v -0.730461 10.838374 0.321782
v -0.711928 10.787990 0.223409
v -0.675947 10.808846 0.240666
v -0.798148 10.782765 0.289777
v -0.738256 10.756960 0.214023
v -0.680929 10.723478 0.166886
v -0.754681 10.719668 0.212981
v -0.694775 10.695306 0.169327
v -0.641536 10.671563 0.145664
v -0.627216 10.690731 0.142056
v -0.576135 10.645884 0.145339
v -0.562526 10.668461 0.151414
v -0.512503 10.624724 0.181971
v -0.594829 10.628918 0.148273
v -0.530043 10.599822 0.184008
v -0.463376 10.572802 0.227550
v -0.651325 10.652183 0.153301
v -0.700646 10.665723 0.178738
v -0.695723 10.633657 0.197287
v -0.758487 10.678704 0.221726
v -0.814574 10.738368 0.283334
v -0.849514 10.795005 0.387068
v -0.206191 10.626819 0.414167
v -0.212126 10.658589 0.444976
v -0.182003 9.792644 -1.004989
v 0.056287 10.578892 0.357536
v -0.013551 10.840320 0.413909
v -0.118117 10.757663 0.476513
v -0.103721 10.615153 0.470277
v -0.080272 10.590076 0.366935
v 0.046895 10.604506 0.512471
v 0.062859 10.796248 0.341338
v -0.103226 10.790231 0.393855
v 0.078274 10.610719 0.337458
v 0.122768 10.620397 0.394957
v 0.075653 10.570131 0.402604
v 0.012960 10.568430 0.353721
v 0.019075 10.604472 0.315821
v 0.013783 10.550936 0.403337
v -0.043718 10.834349 0.417372
v -0.020122 10.833580 0.477016
v 0.027680 10.837088 0.460504
v -0.009196 10.834281 0.384825
v -0.047543 10.823591 0.379281
v 0.059248 10.830824 0.427499
v -0.094495 10.772274 0.499578
v -0.100922 10.794801 0.464020
v -0.126539 10.760762 0.446611
v -0.124184 10.723255 0.479750
v -0.090042 10.724118 0.512461
v -0.136699 10.722389 0.436820
v -0.081430 10.598297 0.482093
v -0.080610 10.630953 0.502117
v -0.113001 10.641610 0.473777
v -0.130011 10.647793 0.426683
v -0.116917 10.613163 0.432035
v -0.088218 10.580307 0.440727
v -0.091419 10.613297 0.345691
v -0.039906 10.604910 0.320159
v -0.042743 10.572705 0.358771
v -0.045030 10.556841 0.401463
v -0.089072 10.582460 0.397404
v -0.113552 10.615895 0.387154
v 0.071028 10.652357 0.529312
v 0.014627 10.661013 0.537771
v 0.005851 10.605685 0.513383
v 0.064585 10.582879 0.491619
v 0.113892 10.639056 0.504382
v 0.006428 10.568842 0.484283
v 0.113168 10.752723 0.354621
v 0.070583 10.734435 0.305463
v 0.022981 10.789456 0.318570
v 0.001220 10.819706 0.351973
v 0.068675 10.816750 0.382646
v -0.081340 10.807495 0.385881
v -0.077562 10.789574 0.350882
v -0.109153 10.770974 0.372703
v -0.124743 10.761803 0.407121
v -0.105573 10.795118 0.422787
v -0.076623 10.819769 0.425304
v -0.065914 10.818254 0.475350
v -0.050769 10.783986 0.518731
v 0.005127 10.793343 0.526132
v 0.017212 10.728034 0.544072
v 0.079844 10.722278 0.528542
v 0.064684 10.791779 0.509518
v -0.043705 10.725902 0.536244
v -0.040093 10.668709 0.528955
v -0.085944 10.673973 0.509622
v -0.040747 10.618463 0.512095
v -0.123408 10.677854 0.477542
v -0.137977 10.682568 0.429414
v -0.132049 10.725312 0.388608
v -0.130938 10.688362 0.375027
v -0.123795 10.653071 0.376358
v -0.096132 10.694926 0.320443
v -0.092145 10.652704 0.325111
v -0.038850 10.702449 0.288634
v -0.035211 10.650629 0.293657
v 0.017759 10.717319 0.283418
v 0.027058 10.654822 0.289941
v 0.090329 10.667215 0.316535
v 0.136797 10.686145 0.375600
v 0.128270 10.773565 0.417988
v 0.148205 10.703227 0.444207
v 0.131237 10.629105 0.455597
v 0.077127 10.571036 0.453999
v 0.128299 10.714940 0.497759
v 0.111697 10.786603 0.474767
v 0.011680 10.551333 0.448351
v -0.045386 10.557262 0.444559
v -0.044704 10.577927 0.484274
v -0.060590 10.755224 0.310540
v -0.016990 10.773719 0.306654
v -0.039285 10.807384 0.344677
v -0.103082 10.736652 0.337333
v -0.552320 10.830803 0.340209
v -0.713041 10.555795 0.221845
v -0.653800 10.904839 0.523006
v -0.935375 10.591868 0.557745
v -0.741585 10.855118 0.235651
v -0.972036 10.708692 0.333384
v -0.860745 10.703652 0.651589
v -0.537883 10.775192 0.310502
v -0.582004 10.801582 0.267440
v -0.585973 10.859652 0.322545
v -0.542738 10.834541 0.380954
v -0.511925 10.754582 0.371254
v -0.587963 10.883921 0.374445
v -0.703309 10.511685 0.263669
v -0.785405 10.513435 0.263149
v -0.765944 10.572857 0.210532
v -0.673216 10.591239 0.210561
v -0.627915 10.544217 0.263340
v -0.732257 10.632968 0.184897
v -0.619547 10.878836 0.543350
v -0.594077 10.883334 0.495341
v -0.649077 10.916339 0.485898
v -0.694896 10.911184 0.534019
v -0.669696 10.878924 0.576417
v -0.706090 10.932040 0.481545
v -0.946681 10.572534 0.506732
v -0.889863 10.512056 0.509885
v -0.892466 10.554311 0.577781
v -0.897040 10.606693 0.616554
v -0.945040 10.633882 0.569614
v -0.969839 10.633192 0.509374
v -0.755293 10.888753 0.271645
v -0.697322 10.892884 0.282015
v -0.698782 10.844565 0.232125
v -0.770412 10.827050 0.216502
v -0.809067 10.865654 0.258389
v -0.719024 10.792981 0.197721
v -0.985875 10.705250 0.380792
v -0.975823 10.764289 0.385515
v -0.960165 10.748730 0.320762
v -0.959477 10.664426 0.309951
v -0.977295 10.637608 0.368825
v -0.934911 10.709676 0.270121
v -0.847392 10.658615 0.652008
v -0.801493 10.666140 0.663588
v -0.836826 10.727409 0.658105
v -0.894125 10.720013 0.632854
v -0.899493 10.666517 0.630075
v -0.875262 10.765321 0.636698
v -0.700307 10.747331 0.657740
v -0.717701 10.792321 0.651499
v -0.769391 10.781960 0.656972
v -0.727341 10.724144 0.663532
v -0.805018 10.755493 0.660059
v -0.759815 10.689985 0.666536
v -0.702862 10.612044 0.650338
v -0.660253 10.656672 0.648202
v -0.637007 10.713124 0.643397
v -0.591751 10.598547 0.602795
v -0.561401 10.677297 0.599223
v -0.560677 10.754273 0.587370
v -0.633822 10.774894 0.633860
v -0.582718 10.824505 0.569153
v -0.643649 10.832073 0.611328
v -0.728352 10.840944 0.631760
v -0.795692 10.829466 0.634518
v -0.745088 10.880526 0.592359
v -0.817091 10.868135 0.592509
v -0.871808 10.836808 0.590737
v -0.841604 10.801547 0.637157
v -0.761588 10.913110 0.539658
v -0.833251 10.897977 0.535372
v -0.893667 10.863336 0.529454
v -0.936893 10.813128 0.525056
v -0.910359 10.792279 0.587985
v -0.843060 10.914920 0.468914
v -0.904020 10.876563 0.461042
v -0.949415 10.823988 0.457014
v -0.977623 10.762942 0.454540
v -0.962545 10.754420 0.521026
v -0.904171 10.876429 0.387473
v -0.948451 10.823307 0.385259
v -0.889498 10.857217 0.312008
v -0.932422 10.803777 0.311405
v -0.859323 10.822072 0.247217
v -0.902039 10.767080 0.249409
v -0.813993 10.779286 0.202960
v -0.856654 10.720557 0.206360
v -0.894376 10.656283 0.233321
v -0.923582 10.601031 0.284315
v -0.799124 10.674802 0.184034
v -0.836661 10.606957 0.213109
v -0.863191 10.546499 0.268701
v -0.879498 10.506306 0.343259
v -0.942434 10.567021 0.354046
v -0.795632 10.470160 0.338096
v -0.802365 10.455622 0.426541
v -0.887676 10.494193 0.427709
v -0.699953 10.467970 0.338114
v -0.703517 10.451266 0.427600
v -0.713327 10.464825 0.518523
v -0.808089 10.472539 0.514569
v -0.609602 10.507149 0.342506
v -0.609874 10.488175 0.430640
v -0.622699 10.500181 0.521064
v -0.649782 10.538291 0.603773
v -0.729955 10.505717 0.601855
v -0.540150 10.563575 0.432843
v -0.554440 10.569197 0.522568
v -0.504296 10.654237 0.437622
v -0.518462 10.656833 0.522463
v -0.505670 10.746619 0.440603
v -0.517702 10.745429 0.516236
v -0.537517 10.829261 0.440605
v -0.546097 10.822977 0.507649
v -0.586860 10.889174 0.434227
v -0.643748 10.913659 0.360907
v -0.644814 10.923733 0.426406
v -0.708107 10.939730 0.417020
v -0.705436 10.927167 0.347893
v -0.769536 10.923461 0.335056
v -0.775073 10.938410 0.407194
v -0.638473 10.881481 0.298392
v -0.638499 10.826253 0.241330
v -0.592526 10.726771 0.227924
v -0.655712 10.760342 0.201393
v -0.624628 10.652107 0.209616
v -0.689743 10.693753 0.182196
v -0.756130 10.735804 0.180077
v -0.568729 10.610886 0.265675
v -0.539930 10.693431 0.279750
v -0.511695 10.665630 0.356389
v -0.545773 10.579338 0.346885
v -0.844617 10.916915 0.396303
v -0.771844 10.933447 0.477127
v -0.834266 10.899295 0.321450
v -0.760277 10.584472 0.648323
v -0.828510 10.583046 0.638742
v -0.817037 10.515468 0.591086
v -0.949706 10.556893 0.432019
v -0.981946 10.628876 0.440037
v -0.972839 10.693531 0.515592
v -0.988461 10.697849 0.448891
v -0.944319 10.684896 0.578081
v -0.933509 10.739842 0.584303
vt 0.195790 0.703961
vt 0.198233 0.704871
vt 0.196854 0.711717
vt 0.194466 0.711415
vt 0.197454 0.697794
vt 0.199446 0.698403
vt 0.195459 0.700969
vt 0.195898 0.697223
vt 0.192092 0.705040
vt 0.192900 0.700903
vt 0.598797 0.237153
vt 0.598801 0.231860
vt 0.605778 0.233399
vt 0.602928 0.240127
vt 0.591975 0.240081
vt 0.589305 0.232715
vt 0.596023 0.246467
vt 0.046258 0.639298
vt 0.048486 0.616800
vt 0.059927 0.618420
vt 0.059948 0.634015
vt 0.058296 0.653958
vt 0.052169 0.665966
vt 0.039110 0.658084
vt 0.033932 0.635094
vt 0.038291 0.615504
vt 0.029533 0.653466
vt 0.745615 0.137608
vt 0.749049 0.146000
vt 0.739797 0.147914
vt 0.738973 0.133195
vt 0.178364 0.626394
vt 0.174900 0.634070
vt 0.171772 0.633028
vt 0.171635 0.626619
vt 0.171199 0.619115
vt 0.177335 0.617657
vt 0.184017 0.630512
vt 0.178100 0.636530
vt 0.193731 0.697512
vt 0.192014 0.695487
vt 0.194886 0.693382
vt 0.189569 0.699819
vt 0.333515 0.777405
vt 0.334597 0.784404
vt 0.321157 0.788497
vt 0.325963 0.777880
vt 0.336902 0.770406
vt 0.343701 0.774832
vt 0.330464 0.768726
vt 0.192068 0.663309
vt 0.189412 0.664019
vt 0.189337 0.661135
vt 0.192820 0.661740
vt 0.194677 0.663522
vt 0.193287 0.665188
vt 0.191115 0.667303
vt 0.213235 0.728828
vt 0.206799 0.732964
vt 0.206761 0.727897
vt 0.210994 0.724273
vt 0.212287 0.736514
vt 0.206178 0.738340
vt 0.219087 0.728059
vt 0.219125 0.734769
vt 0.657619 0.104242
vt 0.663046 0.105395
vt 0.658713 0.112959
vt 0.652621 0.107815
vt 0.648535 0.098147
vt 0.656650 0.095535
vt 0.665413 0.094240
vt 0.265324 0.652283
vt 0.269586 0.656620
vt 0.267116 0.661116
vt 0.263130 0.657462
vt 0.260358 0.652356
vt 0.262678 0.647244
vt 0.269036 0.648794
vt 0.272629 0.653454
vt 0.258842 0.646245
vt 0.258606 0.640634
vt 0.256258 0.648002
vt 0.254572 0.641121
vt 0.341124 0.750427
vt 0.335128 0.749237
vt 0.340335 0.740169
vt 0.347788 0.746054
vt 0.352423 0.754103
vt 0.343361 0.755602
vt 0.335446 0.756217
vt 0.246742 0.628719
vt 0.244821 0.628834
vt 0.244716 0.625958
vt 0.247702 0.626688
vt 0.248868 0.631092
vt 0.246653 0.632164
vt 0.251368 0.629179
vt 0.729043 0.127036
vt 0.718175 0.135049
vt 0.712142 0.123988
vt 0.720543 0.114284
vt 0.735581 0.113026
vt 0.742976 0.121114
vt 0.727393 0.104816
vt 0.324866 0.769085
vt 0.322267 0.764408
vt 0.330121 0.762640
vt 0.318004 0.775804
vt 0.312086 0.770510
vt 0.302910 0.749582
vt 0.291640 0.757919
vt 0.286006 0.750305
vt 0.294052 0.742648
vt 0.307127 0.761973
vt 0.297128 0.767347
vt 0.299981 0.731269
vt 0.307442 0.734585
vt 0.318384 0.735807
vt 0.316327 0.748489
vt 0.318376 0.758114
vt 0.717303 0.172629
vt 0.714149 0.167245
vt 0.720253 0.163529
vt 0.722639 0.171558
vt 0.715620 0.177023
vt 0.709550 0.171565
vt 0.722926 0.178350
vt 0.234980 0.739953
vt 0.241586 0.731052
vt 0.244410 0.732337
vt 0.241145 0.740266
vt 0.241379 0.745931
vt 0.234534 0.747685
vt 0.227454 0.750717
vt 0.227238 0.745111
vt 0.226964 0.740964
vt 0.232925 0.736457
vt 0.239959 0.729388
vt 0.197909 0.664438
vt 0.197511 0.665397
vt 0.196176 0.664875
vt 0.196937 0.663746
vt 0.197552 0.663143
vt 0.198446 0.664200
vt 0.198534 0.665383
vt 0.697134 0.286714
vt 0.698895 0.292514
vt 0.691453 0.292732
vt 0.692118 0.284951
vt 0.696262 0.278717
vt 0.701339 0.283125
vt 0.706180 0.289629
vt 0.174572 0.716202
vt 0.177834 0.707613
vt 0.182109 0.709696
vt 0.180444 0.717130
vt 0.168980 0.709598
vt 0.172887 0.703705
vt 0.181614 0.723603
vt 0.176945 0.724806
vt 0.169194 0.720430
vt 0.165148 0.713824
vt 0.172664 0.727217
vt 0.159727 0.643119
vt 0.156938 0.641282
vt 0.160419 0.636084
vt 0.162828 0.640923
vt 0.183077 0.681455
vt 0.178499 0.680224
vt 0.178670 0.677490
vt 0.182272 0.677333
vt 0.180614 0.686094
vt 0.177459 0.683165
vt 0.189239 0.679338
vt 0.192433 0.682819
vt 0.187731 0.685139
vt 0.184220 0.689076
vt 0.186732 0.675934
vt 0.131757 0.625476
vt 0.137024 0.628564
vt 0.131758 0.636578
vt 0.122820 0.631535
vt 0.135748 0.615557
vt 0.142951 0.620335
vt 0.125284 0.621660
vt 0.111980 0.602551
vt 0.111700 0.610930
vt 0.097584 0.607964
vt 0.102515 0.597445
vt 0.118295 0.598231
vt 0.123175 0.609298
vt 0.108121 0.588938
vt 0.125776 0.648010
vt 0.136392 0.648597
vt 0.136282 0.659445
vt 0.128835 0.660466
vt 0.122054 0.663591
vt 0.117584 0.654259
vt 0.139478 0.639025
vt 0.111439 0.647985
vt 0.116945 0.641544
vt 0.073937 0.654314
vt 0.070476 0.661320
vt 0.066903 0.646379
vt 0.081221 0.652588
vt 0.080011 0.662987
vt 0.077834 0.641028
vt 0.107394 0.664812
vt 0.108249 0.670451
vt 0.100658 0.671228
vt 0.101885 0.663239
vt 0.111435 0.660414
vt 0.115110 0.667517
vt 0.105696 0.655600
vt 0.336157 0.723996
vt 0.321347 0.723434
vt 0.322323 0.713476
vt 0.333225 0.712259
vt 0.347149 0.707878
vt 0.353181 0.717168
vt 0.329724 0.736616
vt 0.311662 0.807510
vt 0.319513 0.815395
vt 0.303553 0.824737
vt 0.296079 0.817794
vt 0.283524 0.809162
vt 0.293806 0.800504
vt 0.301994 0.793131
vt 0.316920 0.797709
vt 0.377256 0.694852
vt 0.361199 0.702935
vt 0.353539 0.692115
vt 0.364022 0.684476
vt 0.395517 0.692163
vt 0.396813 0.707476
vt 0.383023 0.708239
vt 0.368304 0.712004
vt 0.793850 0.147494
vt 0.802611 0.146712
vt 0.801329 0.157901
vt 0.791279 0.154470
vt 0.791021 0.136709
vt 0.802165 0.132860
vt 0.782536 0.143739
vt 0.786041 0.165174
vt 0.799408 0.167445
vt 0.796487 0.180664
vt 0.785725 0.181901
vt 0.776590 0.151738
vt 0.345170 0.624695
vt 0.360457 0.629165
vt 0.356188 0.638922
vt 0.342074 0.636901
vt 0.356458 0.613377
vt 0.365910 0.617532
vt 0.334306 0.613607
vt 0.345543 0.605776
vt 0.784651 0.213316
vt 0.798155 0.206987
vt 0.802435 0.218534
vt 0.790939 0.225223
vt 0.785171 0.196853
vt 0.795635 0.195056
vt 0.769611 0.211366
vt 0.771283 0.198045
vt 0.358709 0.576583
vt 0.354534 0.569165
vt 0.361863 0.563325
vt 0.365887 0.575531
vt 0.366361 0.588014
vt 0.357036 0.585007
vt 0.347979 0.577773
vt 0.795725 0.243407
vt 0.792311 0.250764
vt 0.784778 0.244220
vt 0.794004 0.235681
vt 0.805125 0.242903
vt 0.803093 0.253970
vt 0.805039 0.230709
vt 0.216723 0.620760
vt 0.220785 0.613582
vt 0.224904 0.617958
vt 0.223316 0.622687
vt 0.222399 0.626891
vt 0.217596 0.627573
vt 0.209648 0.630196
vt 0.207063 0.625090
vt 0.203527 0.639656
vt 0.201737 0.645122
vt 0.196596 0.644848
vt 0.194397 0.640606
vt 0.191700 0.636953
vt 0.200668 0.634015
vt 0.212023 0.635682
vt 0.210589 0.644556
vt 0.207109 0.647658
vt 0.193730 0.677069
vt 0.196083 0.681387
vt 0.198085 0.677013
vt 0.199363 0.680780
vt 0.195380 0.673104
vt 0.198120 0.673107
vt 0.189933 0.674093
vt 0.192258 0.671809
vt 0.337197 0.659164
vt 0.337706 0.653241
vt 0.349080 0.657741
vt 0.344546 0.665400
vt 0.331362 0.661592
vt 0.328147 0.654101
vt 0.338602 0.671502
vt 0.262142 0.636716
vt 0.266217 0.643439
vt 0.254779 0.633553
vt 0.257845 0.630536
vt 0.251679 0.635171
vt 0.166838 0.679946
vt 0.168897 0.680581
vt 0.167725 0.684189
vt 0.165408 0.682300
vt 0.163667 0.679316
vt 0.166413 0.677593
vt 0.168703 0.677079
vt 0.172438 0.691933
vt 0.168176 0.690161
vt 0.170079 0.685419
vt 0.172718 0.685984
vt 0.168526 0.698662
vt 0.164772 0.695240
vt 0.176508 0.697720
vt 0.175290 0.685227
vt 0.177241 0.689451
vt 0.180547 0.693506
vt 0.213912 0.675757
vt 0.210276 0.672210
vt 0.211561 0.670156
vt 0.214926 0.671185
vt 0.217929 0.671138
vt 0.217791 0.676156
vt 0.214862 0.682695
vt 0.212312 0.682927
vt 0.211232 0.677413
vt 0.208704 0.673569
vt 0.217888 0.682698
vt 0.268236 0.708008
vt 0.268308 0.703121
vt 0.272678 0.704550
vt 0.270786 0.710724
vt 0.264951 0.710303
vt 0.264607 0.703105
vt 0.266578 0.716286
vt 0.209333 0.663455
vt 0.208897 0.665758
vt 0.206111 0.663500
vt 0.207415 0.661429
vt 0.211684 0.662930
vt 0.212172 0.666711
vt 0.209457 0.659266
vt 0.231760 0.633514
vt 0.230123 0.632581
vt 0.231796 0.630232
vt 0.233570 0.632252
vt 0.232778 0.636417
vt 0.230941 0.636786
vt 0.235050 0.635697
vt 0.176751 0.677137
vt 0.175967 0.679094
vt 0.175862 0.675067
vt 0.178218 0.674039
vt 0.174152 0.677401
vt 0.174147 0.681366
vt 0.172563 0.681288
vt 0.172128 0.676973
vt 0.175506 0.681282
vt 0.196524 0.719240
vt 0.194605 0.720068
vt 0.193793 0.716804
vt 0.196512 0.716916
vt 0.198554 0.716988
vt 0.197971 0.719995
vt 0.196260 0.722234
vt 0.200795 0.664016
vt 0.200886 0.663337
vt 0.202527 0.664234
vt 0.201960 0.665010
vt 0.200269 0.664132
vt 0.200063 0.663261
vt 0.201365 0.665615
vt 0.241426 0.701425
vt 0.239143 0.703336
vt 0.239068 0.696011
vt 0.241616 0.695164
vt 0.243557 0.702867
vt 0.240456 0.707781
vt 0.260411 0.667206
vt 0.256330 0.658733
vt 0.258059 0.656326
vt 0.261568 0.662381
vt 0.261410 0.674924
vt 0.259397 0.673833
vt 0.257800 0.667131
vt 0.254637 0.659665
vt 0.265850 0.665901
vt 0.265110 0.670790
vt 0.273730 0.671830
vt 0.271640 0.670094
vt 0.274339 0.666543
vt 0.276465 0.670120
vt 0.273346 0.674946
vt 0.270078 0.674094
vt 0.277687 0.674497
vt 0.205714 0.721025
vt 0.207087 0.718761
vt 0.209193 0.720936
vt 0.206221 0.723712
vt 0.204077 0.720951
vt 0.205039 0.717931
vt 0.203468 0.724661
vt 0.202858 0.729375
vt 0.199497 0.729325
vt 0.201390 0.724676
vt 0.202456 0.720875
vt 0.199553 0.724241
vt 0.200891 0.720716
vt 0.201770 0.717347
vt 0.203355 0.717608
vt 0.202724 0.712772
vt 0.204545 0.713116
vt 0.206606 0.713704
vt 0.205884 0.707408
vt 0.207975 0.707922
vt 0.210357 0.708600
vt 0.208943 0.714678
vt 0.213014 0.709356
vt 0.211581 0.715941
vt 0.215990 0.710050
vt 0.214470 0.717541
vt 0.218949 0.710542
vt 0.217347 0.719067
vt 0.221801 0.710792
vt 0.220868 0.718899
vt 0.224937 0.710900
vt 0.224624 0.718897
vt 0.224311 0.727092
vt 0.225024 0.732997
vt 0.228692 0.718517
vt 0.229424 0.725506
vt 0.230414 0.730281
vt 0.231564 0.733806
vt 0.226080 0.737229
vt 0.235279 0.722080
vt 0.236793 0.725001
vt 0.238419 0.727411
vt 0.242547 0.718353
vt 0.244413 0.719702
vt 0.246095 0.720724
vt 0.248027 0.711556
vt 0.249746 0.711826
vt 0.251334 0.712112
vt 0.247660 0.721557
vt 0.252948 0.712423
vt 0.249590 0.722239
vt 0.254676 0.712616
vt 0.251833 0.722511
vt 0.248196 0.732578
vt 0.247392 0.739413
vt 0.254806 0.722354
vt 0.253086 0.731287
vt 0.254023 0.736716
vt 0.255875 0.740605
vt 0.248647 0.743729
vt 0.258730 0.728642
vt 0.260479 0.732877
vt 0.262839 0.736280
vt 0.265355 0.739616
vt 0.257976 0.744478
vt 0.266468 0.727890
vt 0.269209 0.730849
vt 0.271953 0.733777
vt 0.274811 0.736992
vt 0.267893 0.743052
vt 0.274723 0.724444
vt 0.277719 0.727019
vt 0.280876 0.729963
vt 0.284343 0.733341
vt 0.277959 0.740753
vt 0.282651 0.719774
vt 0.286114 0.722232
vt 0.289897 0.724910
vt 0.290370 0.714105
vt 0.294376 0.716101
vt 0.298867 0.718280
vt 0.294311 0.727914
vt 0.288398 0.737318
vt 0.281623 0.745105
vt 0.276349 0.757112
vt 0.273102 0.751694
vt 0.270502 0.747044
vt 0.263719 0.757213
vt 0.262015 0.752385
vt 0.260019 0.748198
vt 0.253130 0.756911
vt 0.251676 0.752384
vt 0.250207 0.748107
vt 0.243608 0.755760
vt 0.242536 0.750923
vt 0.235906 0.758513
vt 0.235191 0.753372
vt 0.228089 0.760723
vt 0.227789 0.755762
vt 0.219777 0.762154
vt 0.219825 0.757425
vt 0.219862 0.752734
vt 0.211485 0.758123
vt 0.211770 0.753717
vt 0.212135 0.749411
vt 0.219972 0.747987
vt 0.212399 0.745280
vt 0.219988 0.743610
vt 0.212398 0.741333
vt 0.219633 0.739539
vt 0.205086 0.746133
vt 0.205646 0.742489
vt 0.197910 0.745646
vt 0.198854 0.742417
vt 0.199959 0.738873
vt 0.192405 0.740774
vt 0.194091 0.737777
vt 0.196767 0.733953
vt 0.201570 0.734342
vt 0.189185 0.735366
vt 0.193079 0.732025
vt 0.196984 0.728267
vt 0.190931 0.729525
vt 0.195117 0.726623
vt 0.197830 0.723411
vt 0.193189 0.724144
vt 0.199415 0.720503
vt 0.200210 0.717180
vt 0.198884 0.712188
vt 0.200898 0.712473
vt 0.199957 0.705744
vt 0.201826 0.706521
vt 0.203796 0.707010
vt 0.202610 0.699722
vt 0.204385 0.700266
vt 0.206504 0.700700
vt 0.205555 0.694198
vt 0.207541 0.694638
vt 0.209801 0.695046
vt 0.208747 0.701142
vt 0.211989 0.695392
vt 0.211170 0.701828
vt 0.214298 0.695790
vt 0.213672 0.702454
vt 0.216877 0.696150
vt 0.216399 0.702907
vt 0.219623 0.696345
vt 0.219209 0.703193
vt 0.222444 0.696558
vt 0.222065 0.703350
vt 0.225516 0.696726
vt 0.225073 0.703504
vt 0.228788 0.696770
vt 0.228324 0.703656
vt 0.228289 0.710891
vt 0.232004 0.703669
vt 0.232200 0.710556
vt 0.233419 0.717183
vt 0.236560 0.709709
vt 0.238433 0.713977
vt 0.240537 0.716606
vt 0.242432 0.709602
vt 0.244445 0.710592
vt 0.246276 0.711207
vt 0.247246 0.703286
vt 0.248802 0.703407
vt 0.250266 0.703411
vt 0.250626 0.695248
vt 0.252058 0.695247
vt 0.253459 0.695281
vt 0.251882 0.703481
vt 0.254686 0.695327
vt 0.253354 0.703512
vt 0.255927 0.695323
vt 0.254911 0.703532
vt 0.257286 0.695300
vt 0.256439 0.703564
vt 0.258839 0.695358
vt 0.257975 0.703559
vt 0.256570 0.712645
vt 0.259752 0.703521
vt 0.258834 0.712330
vt 0.258313 0.721289
vt 0.261445 0.711629
vt 0.262142 0.719507
vt 0.264147 0.724844
vt 0.269140 0.719499
vt 0.271826 0.721975
vt 0.273442 0.713094
vt 0.276355 0.715325
vt 0.279438 0.717520
vt 0.279773 0.708487
vt 0.283211 0.710396
vt 0.286670 0.712220
vt 0.285884 0.703249
vt 0.289552 0.704624
vt 0.293429 0.706055
vt 0.291316 0.697060
vt 0.295231 0.698063
vt 0.299329 0.699048
vt 0.297519 0.707547
vt 0.303776 0.700089
vt 0.302027 0.709175
vt 0.308673 0.701200
vt 0.307041 0.710868
vt 0.304206 0.720508
vt 0.313469 0.712419
vt 0.311272 0.722485
vt 0.314354 0.702128
vt 0.321934 0.702402
vt 0.313998 0.691795
vt 0.320366 0.691272
vt 0.328311 0.689736
vt 0.331027 0.701138
vt 0.337236 0.686731
vt 0.342062 0.697677
vt 0.345989 0.681485
vt 0.331227 0.675807
vt 0.354034 0.674494
vt 0.359824 0.664862
vt 0.371061 0.671995
vt 0.383571 0.676539
vt 0.364175 0.653817
vt 0.375375 0.658146
vt 0.386638 0.660301
vt 0.397290 0.659654
vt 0.396639 0.675091
vt 0.378629 0.645516
vt 0.388536 0.646339
vt 0.398071 0.645424
vt 0.407540 0.643654
vt 0.407703 0.657727
vt 0.389893 0.633264
vt 0.398308 0.632019
vt 0.406917 0.630281
vt 0.836545 0.190517
vt 0.828464 0.190806
vt 0.829151 0.179847
vt 0.837724 0.179182
vt 0.397821 0.618365
vt 0.405630 0.616883
vt 0.835572 0.201974
vt 0.828201 0.201925
vt 0.819720 0.202194
vt 0.819189 0.191272
vt 0.834486 0.214439
vt 0.828118 0.214316
vt 0.820823 0.214596
vt 0.812195 0.215791
vt 0.809344 0.203564
vt 0.827648 0.228585
vt 0.821406 0.228492
vt 0.813980 0.229049
vt 0.820412 0.242962
vt 0.813691 0.242626
vt 0.817049 0.257052
vt 0.811045 0.255703
vt 0.811994 0.270294
vt 0.806299 0.267949
vt 0.799046 0.264745
vt 0.799934 0.279554
vt 0.793286 0.275202
vt 0.784400 0.268648
vt 0.789075 0.259578
vt 0.774687 0.262664
vt 0.779490 0.253357
vt 0.767082 0.258021
vt 0.773246 0.248352
vt 0.780249 0.236958
vt 0.767244 0.242975
vt 0.774673 0.230354
vt 0.759243 0.236533
vt 0.765020 0.225195
vt 0.749323 0.229957
vt 0.753647 0.220562
vt 0.756609 0.209380
vt 0.742065 0.216801
vt 0.744650 0.207377
vt 0.746444 0.197354
vt 0.758064 0.198167
vt 0.747793 0.186936
vt 0.759070 0.186884
vt 0.772006 0.185039
vt 0.759633 0.175463
vt 0.771876 0.171660
vt 0.757655 0.163561
vt 0.767740 0.158823
vt 0.753696 0.153817
vt 0.762431 0.147792
vt 0.769409 0.140669
vt 0.756708 0.138736
vt 0.763388 0.130903
vt 0.772170 0.122449
vt 0.777233 0.132488
vt 0.782654 0.114197
vt 0.787723 0.125043
vt 0.793856 0.107493
vt 0.799243 0.119742
vt 0.804232 0.102576
vt 0.809875 0.116319
vt 0.812501 0.130612
vt 0.818242 0.114049
vt 0.821384 0.129100
vt 0.822027 0.143702
vt 0.812689 0.144912
vt 0.821681 0.156899
vt 0.811841 0.157588
vt 0.820767 0.168980
vt 0.810231 0.169006
vt 0.819642 0.180662
vt 0.807875 0.181031
vt 0.807456 0.192788
vt 0.830022 0.168265
vt 0.830657 0.155958
vt 0.839625 0.154649
vt 0.838925 0.167297
vt 0.830598 0.142333
vt 0.839301 0.140431
vt 0.407701 0.672684
vt 0.407703 0.689460
vt 0.829245 0.127448
vt 0.837170 0.125445
vt 0.407542 0.707282
vt 0.825571 0.111984
vt 0.832712 0.109770
vt 0.405330 0.726233
vt 0.396404 0.724378
vt 0.400310 0.745648
vt 0.393191 0.742542
vt 0.385926 0.739659
vt 0.386597 0.722647
vt 0.377675 0.737622
vt 0.374993 0.722264
vt 0.368179 0.737833
vt 0.361931 0.726599
vt 0.357298 0.741569
vt 0.349085 0.732602
vt 0.369351 0.753537
vt 0.361552 0.753027
vt 0.364594 0.770742
vt 0.359987 0.768634
vt 0.353633 0.766106
vt 0.351351 0.784219
vt 0.347937 0.780189
vt 0.345785 0.763964
vt 0.337041 0.762779
vt 0.328086 0.756428
vt 0.327229 0.748037
vt 0.335472 0.798517
vt 0.334996 0.792673
vt 0.339404 0.803530
vt 0.354850 0.787575
vt 0.358341 0.790541
vt 0.343030 0.806995
vt 0.368882 0.773164
vt 0.373255 0.776046
vt 0.362063 0.793498
vt 0.375665 0.755271
vt 0.381302 0.757984
vt 0.386890 0.761201
vt 0.377759 0.779187
vt 0.382530 0.782607
vt 0.370141 0.799982
vt 0.365975 0.796618
vt 0.392590 0.764646
vt 0.815032 0.078531
vt 0.809541 0.081738
vt 0.798345 0.067417
vt 0.803043 0.063906
vt 0.825303 0.093865
vt 0.818868 0.096603
vt 0.812133 0.099326
vt 0.803536 0.085176
vt 0.796323 0.089355
vt 0.786522 0.076255
vt 0.793030 0.071340
vt 0.774965 0.063016
vt 0.780989 0.057246
vt 0.785655 0.052881
vt 0.766793 0.043933
vt 0.770701 0.038684
vt 0.773938 0.033992
vt 0.789637 0.049026
vt 0.754022 0.027107
vt 0.756297 0.021621
vt 0.354754 0.816830
vt 0.337481 0.831472
vt 0.332971 0.828034
vt 0.350679 0.813400
vt 0.328968 0.824064
vt 0.346841 0.810217
vt 0.324661 0.820005
vt 0.311273 0.834861
vt 0.307812 0.830009
vt 0.293330 0.844678
vt 0.290808 0.839592
vt 0.287767 0.834260
vt 0.271299 0.848558
vt 0.268855 0.843080
vt 0.265039 0.836445
vt 0.282333 0.827579
vt 0.258595 0.827131
vt 0.272867 0.819140
vt 0.251813 0.816391
vt 0.264150 0.808855
vt 0.273820 0.799078
vt 0.257471 0.798464
vt 0.267197 0.788961
vt 0.277208 0.780722
vt 0.283670 0.790602
vt 0.287081 0.773579
vt 0.292964 0.783939
vt 0.302543 0.777399
vt 0.309335 0.785105
vt 0.271367 0.771700
vt 0.281356 0.764671
vt 0.266274 0.763601
vt 0.261837 0.779619
vt 0.257205 0.769841
vt 0.254507 0.762048
vt 0.248118 0.775891
vt 0.245927 0.766473
vt 0.244685 0.760535
vt 0.237629 0.769935
vt 0.236613 0.763469
vt 0.228936 0.772256
vt 0.228423 0.765681
vt 0.219736 0.773619
vt 0.219748 0.767097
vt 0.210253 0.773972
vt 0.210746 0.767686
vt 0.211140 0.762728
vt 0.201463 0.767271
vt 0.202300 0.762520
vt 0.203042 0.758048
vt 0.193532 0.761072
vt 0.194784 0.756848
vt 0.195865 0.752883
vt 0.203738 0.753924
vt 0.196915 0.749190
vt 0.204439 0.749924
vt 0.188442 0.750593
vt 0.189812 0.747064
vt 0.191070 0.743831
vt 0.183562 0.744083
vt 0.185252 0.741058
vt 0.186950 0.738157
vt 0.180048 0.737326
vt 0.182610 0.734587
vt 0.185927 0.732059
vt 0.179516 0.730272
vt 0.183787 0.728455
vt 0.188838 0.726442
vt 0.186888 0.722570
vt 0.191283 0.721173
vt 0.185687 0.717503
vt 0.190134 0.717066
vt 0.186468 0.710882
vt 0.190774 0.711340
vt 0.188265 0.704786
vt 0.184407 0.703621
vt 0.186455 0.698225
vt 0.180434 0.701477
vt 0.183498 0.696227
vt 0.186998 0.691438
vt 0.189428 0.693515
vt 0.190740 0.687998
vt 0.192877 0.690627
vt 0.194637 0.685948
vt 0.196308 0.689112
vt 0.197497 0.692844
vt 0.199180 0.688482
vt 0.199844 0.692867
vt 0.201785 0.688399
vt 0.201946 0.693223
vt 0.200975 0.699037
vt 0.203604 0.693756
vt 0.204002 0.688473
vt 0.206287 0.688691
vt 0.203314 0.684085
vt 0.205772 0.683957
vt 0.207993 0.683640
vt 0.208338 0.688827
vt 0.210019 0.683298
vt 0.210486 0.688894
vt 0.212424 0.688925
vt 0.214997 0.689086
vt 0.217616 0.689374
vt 0.220627 0.682908
vt 0.220309 0.689680
vt 0.223389 0.683190
vt 0.223095 0.689957
vt 0.226282 0.683416
vt 0.226071 0.690162
vt 0.229263 0.683525
vt 0.229210 0.690248
vt 0.232120 0.683538
vt 0.232453 0.690211
vt 0.232417 0.696629
vt 0.235490 0.689805
vt 0.235969 0.696358
vt 0.235816 0.703712
vt 0.238297 0.689206
vt 0.234814 0.683230
vt 0.237518 0.682970
vt 0.240392 0.682772
vt 0.241089 0.688616
vt 0.243589 0.682284
vt 0.244532 0.688202
vt 0.244767 0.694974
vt 0.247477 0.688058
vt 0.247244 0.695114
vt 0.245538 0.703096
vt 0.249144 0.695231
vt 0.249470 0.688085
vt 0.251173 0.687957
vt 0.248599 0.681375
vt 0.250298 0.681220
vt 0.251939 0.680922
vt 0.252627 0.687646
vt 0.253647 0.680546
vt 0.253890 0.687431
vt 0.255430 0.680262
vt 0.255164 0.687388
vt 0.256918 0.680237
vt 0.256484 0.687446
vt 0.258583 0.680442
vt 0.257803 0.687601
vt 0.260424 0.681171
vt 0.259270 0.687946
vt 0.262476 0.682196
vt 0.261155 0.688524
vt 0.260491 0.695550
vt 0.263425 0.689242
vt 0.262557 0.695804
vt 0.261893 0.703363
vt 0.265246 0.696181
vt 0.266238 0.689958
vt 0.269849 0.690836
vt 0.268860 0.696895
vt 0.275058 0.692305
vt 0.273835 0.698408
vt 0.279831 0.693776
vt 0.278281 0.700046
vt 0.276337 0.706464
vt 0.282157 0.701718
vt 0.283756 0.695014
vt 0.287552 0.696079
vt 0.284713 0.688235
vt 0.288328 0.688882
vt 0.292035 0.689456
vt 0.288372 0.681516
vt 0.291784 0.681746
vt 0.295241 0.681923
vt 0.295822 0.690022
vt 0.298837 0.682046
vt 0.299779 0.690559
vt 0.302724 0.682144
vt 0.304123 0.691162
vt 0.307071 0.682191
vt 0.308847 0.691599
vt 0.311854 0.681963
vt 0.304105 0.672838
vt 0.308301 0.672254
vt 0.312961 0.671257
vt 0.317295 0.680963
vt 0.318428 0.669217
vt 0.323892 0.678895
vt 0.324771 0.665805
vt 0.314115 0.660161
vt 0.320206 0.657362
vt 0.310998 0.651381
vt 0.317670 0.648926
vt 0.327124 0.646299
vt 0.315637 0.640577
vt 0.326783 0.637898
vt 0.339853 0.645588
vt 0.352856 0.648658
vt 0.367769 0.642781
vt 0.371197 0.631906
vt 0.381122 0.633307
vt 0.374913 0.619725
vt 0.383218 0.620331
vt 0.390573 0.619666
vt 0.384526 0.605209
vt 0.390513 0.604680
vt 0.396801 0.603731
vt 0.403681 0.602415
vt 0.389646 0.588063
vt 0.394979 0.587064
vt 0.400817 0.585753
vt 0.833195 0.228880
vt 0.391776 0.569223
vt 0.397138 0.567942
vt 0.830940 0.244304
vt 0.825874 0.243564
vt 0.826633 0.259518
vt 0.822057 0.258286
vt 0.821051 0.273936
vt 0.816746 0.272182
vt 0.814050 0.287324
vt 0.809963 0.285086
vt 0.805386 0.282623
vt 0.802156 0.296970
vt 0.797684 0.294101
vt 0.792280 0.290506
vt 0.789415 0.304852
vt 0.784289 0.300677
vt 0.777880 0.294597
vt 0.785887 0.285114
vt 0.770664 0.287392
vt 0.778163 0.277805
vt 0.762841 0.280847
vt 0.769456 0.271952
vt 0.754278 0.273846
vt 0.760613 0.266593
vt 0.746526 0.265609
vt 0.753388 0.259252
vt 0.760485 0.252238
vt 0.746169 0.251132
vt 0.752884 0.244463
vt 0.737560 0.244454
vt 0.743571 0.237654
vt 0.727976 0.238561
vt 0.733237 0.231975
vt 0.738174 0.224927
vt 0.723091 0.226801
vt 0.727653 0.220343
vt 0.731465 0.213278
vt 0.718355 0.215377
vt 0.722135 0.208961
vt 0.725368 0.201916
vt 0.734409 0.205110
vt 0.728066 0.194167
vt 0.736722 0.196077
vt 0.729919 0.186056
vt 0.738363 0.186633
vt 0.730639 0.177832
vt 0.738887 0.177069
vt 0.748371 0.176409
vt 0.737857 0.167910
vt 0.747268 0.166392
vt 0.735218 0.159083
vt 0.743895 0.157550
vt 0.731789 0.146798
vt 0.727422 0.160764
vt 0.723212 0.149574
vt 0.715917 0.153798
vt 0.709961 0.142690
vt 0.709458 0.158944
vt 0.703348 0.150146
vt 0.696826 0.142707
vt 0.703736 0.133816
vt 0.690091 0.136920
vt 0.697154 0.127467
vt 0.704834 0.116851
vt 0.689905 0.122822
vt 0.696548 0.111898
vt 0.702441 0.101001
vt 0.711823 0.106712
vt 0.708860 0.090437
vt 0.718353 0.097271
vt 0.714508 0.080077
vt 0.725141 0.086412
vt 0.734529 0.093831
vt 0.730730 0.074409
vt 0.741682 0.082001
vt 0.751162 0.090953
vt 0.742971 0.102152
vt 0.759254 0.101385
vt 0.750392 0.111249
vt 0.766095 0.111963
vt 0.757214 0.121087
vt 0.750294 0.129865
vt 0.768316 0.091914
vt 0.776201 0.103266
vt 0.777594 0.083438
vt 0.786438 0.095582
vt 0.759211 0.080526
vt 0.767242 0.071100
vt 0.748387 0.070333
vt 0.754990 0.059905
vt 0.761586 0.050819
vt 0.741358 0.051123
vt 0.746994 0.040989
vt 0.751089 0.033260
vt 0.731688 0.033686
vt 0.734529 0.025732
vt 0.736424 0.019360
vt 0.717080 0.020853
vt 0.718227 0.014416
vt 0.719220 0.008659
vt 0.737981 0.013549
vt 0.720157 0.003474
vt 0.739329 0.008375
vt 0.758057 0.016554
vt 0.314529 0.839551
vt 0.295735 0.849760
vt 0.699221 0.005987
vt 0.699592 0.000671
vt 0.275162 0.858903
vt 0.273231 0.853643
vt 0.253433 0.865893
vt 0.251886 0.860077
vt 0.250325 0.854384
vt 0.230966 0.863635
vt 0.230040 0.857346
vt 0.228875 0.850799
vt 0.248498 0.848311
vt 0.227083 0.843389
vt 0.245849 0.841141
vt 0.224649 0.834026
vt 0.241942 0.831686
vt 0.222160 0.822238
vt 0.237411 0.820301
vt 0.220537 0.809853
vt 0.233921 0.808460
vt 0.246565 0.805379
vt 0.231599 0.795724
vt 0.242229 0.792998
vt 0.251903 0.787536
vt 0.239331 0.780294
vt 0.229902 0.782840
vt 0.219799 0.797091
vt 0.219689 0.784387
vt 0.207681 0.797085
vt 0.209157 0.784569
vt 0.195910 0.795866
vt 0.198178 0.783532
vt 0.200211 0.773547
vt 0.187288 0.781634
vt 0.190007 0.772026
vt 0.192044 0.765648
vt 0.180103 0.769217
vt 0.183193 0.762671
vt 0.185300 0.758277
vt 0.175052 0.758726
vt 0.177655 0.754530
vt 0.179801 0.750816
vt 0.186984 0.754325
vt 0.181728 0.747373
vt 0.173083 0.746555
vt 0.175517 0.743220
vt 0.177784 0.740161
vt 0.169902 0.738259
vt 0.172682 0.735407
vt 0.175973 0.732670
vt 0.168568 0.729770
vt 0.164906 0.732560
vt 0.160481 0.726480
vt 0.164909 0.723455
vt 0.156376 0.720190
vt 0.160979 0.717145
vt 0.152528 0.713784
vt 0.156991 0.710939
vt 0.160887 0.707981
vt 0.153095 0.704631
vt 0.156892 0.702233
vt 0.160712 0.699351
vt 0.164558 0.704176
vt 0.153754 0.696414
vt 0.157482 0.694660
vt 0.161512 0.692047
vt 0.155129 0.689119
vt 0.158722 0.687960
vt 0.162478 0.685587
vt 0.165159 0.688404
vt 0.156751 0.682447
vt 0.160258 0.681399
vt 0.155223 0.676054
vt 0.158738 0.675729
vt 0.162323 0.674668
vt 0.157675 0.668328
vt 0.160780 0.667869
vt 0.163445 0.667182
vt 0.165284 0.673399
vt 0.165452 0.666448
vt 0.167476 0.672652
vt 0.167298 0.665981
vt 0.169070 0.672182
vt 0.170522 0.676867
vt 0.170687 0.671925
vt 0.170825 0.681053
vt 0.168947 0.665848
vt 0.171033 0.665656
vt 0.172693 0.671396
vt 0.173253 0.665051
vt 0.174669 0.670173
vt 0.175759 0.663861
vt 0.177329 0.669321
vt 0.178081 0.662857
vt 0.179812 0.668455
vt 0.181210 0.673189
vt 0.182211 0.667406
vt 0.184297 0.671904
vt 0.184509 0.666285
vt 0.186963 0.670484
vt 0.186759 0.665123
vt 0.189076 0.669028
vt 0.193845 0.669319
vt 0.195043 0.666799
vt 0.196853 0.667296
vt 0.196274 0.669924
vt 0.198290 0.667186
vt 0.198195 0.669740
vt 0.199364 0.666895
vt 0.199679 0.669320
vt 0.200179 0.672653
vt 0.200931 0.676569
vt 0.200877 0.668805
vt 0.201871 0.672002
vt 0.203238 0.675888
vt 0.204685 0.679781
vt 0.202128 0.680305
vt 0.203314 0.671295
vt 0.205127 0.675115
vt 0.206837 0.679178
vt 0.206931 0.674412
vt 0.208933 0.678483
vt 0.204677 0.670568
vt 0.205831 0.669800
vt 0.202783 0.667607
vt 0.203634 0.666890
vt 0.204452 0.666035
vt 0.206985 0.668827
vt 0.205239 0.664955
vt 0.208038 0.667549
vt 0.203095 0.663201
vt 0.203809 0.661632
vt 0.204815 0.659265
vt 0.201378 0.662325
vt 0.201874 0.660712
vt 0.202428 0.658331
vt 0.203352 0.655270
vt 0.206262 0.656582
vt 0.200297 0.660459
vt 0.200368 0.658067
vt 0.200635 0.654752
vt 0.201112 0.650382
vt 0.204742 0.651542
vt 0.198725 0.658174
vt 0.198250 0.654706
vt 0.197672 0.650164
vt 0.196099 0.654985
vt 0.194506 0.650618
vt 0.191787 0.646237
vt 0.188882 0.643190
vt 0.191487 0.651829
vt 0.188145 0.648788
vt 0.185223 0.647026
vt 0.182068 0.645543
vt 0.185377 0.640819
vt 0.185278 0.652592
vt 0.182273 0.651853
vt 0.179430 0.651184
vt 0.176594 0.650534
vt 0.178709 0.644320
vt 0.180569 0.657149
vt 0.177772 0.657274
vt 0.174951 0.657593
vt 0.172483 0.657825
vt 0.173954 0.650030
vt 0.171582 0.649705
vt 0.173283 0.641876
vt 0.175740 0.643131
vt 0.170152 0.657975
vt 0.168438 0.658047
vt 0.169825 0.649527
vt 0.167897 0.649346
vt 0.169446 0.640738
vt 0.171111 0.641066
vt 0.166499 0.658214
vt 0.164581 0.658342
vt 0.166131 0.649019
vt 0.164136 0.648918
vt 0.165362 0.640509
vt 0.167534 0.640483
vt 0.163246 0.658521
vt 0.160469 0.658752
vt 0.161673 0.648944
vt 0.158508 0.649217
vt 0.157484 0.658899
vt 0.154019 0.659055
vt 0.154854 0.649389
vt 0.154248 0.668294
vt 0.150513 0.668307
vt 0.150343 0.659123
vt 0.151501 0.676280
vt 0.147636 0.676627
vt 0.146555 0.668455
vt 0.153137 0.683125
vt 0.149336 0.683855
vt 0.145305 0.684705
vt 0.143444 0.677196
vt 0.151379 0.690288
vt 0.147479 0.691611
vt 0.143165 0.693091
vt 0.140789 0.685802
vt 0.149969 0.698177
vt 0.145780 0.700072
vt 0.140794 0.702305
vt 0.138096 0.694881
vt 0.148855 0.707041
vt 0.143889 0.709754
vt 0.137981 0.713145
vt 0.134626 0.705182
vt 0.147432 0.716884
vt 0.141930 0.720548
vt 0.135890 0.724577
vt 0.131484 0.716637
vt 0.151567 0.723502
vt 0.146797 0.727390
vt 0.141419 0.731837
vt 0.134721 0.737216
vt 0.128864 0.729056
vt 0.152188 0.733703
vt 0.147294 0.738420
vt 0.141047 0.744435
vt 0.133348 0.751713
vt 0.126798 0.743279
vt 0.153546 0.744316
vt 0.147756 0.750861
vt 0.140595 0.759210
vt 0.132936 0.768270
vt 0.124904 0.759402
vt 0.155069 0.756590
vt 0.148621 0.765761
vt 0.141840 0.775859
vt 0.134815 0.785496
vt 0.125550 0.776615
vt 0.157166 0.771248
vt 0.151354 0.782148
vt 0.145084 0.792894
vt 0.137699 0.803192
vt 0.126935 0.794910
vt 0.161860 0.787121
vt 0.156588 0.798576
vt 0.149753 0.809925
vt 0.143651 0.821570
vt 0.129854 0.814233
vt 0.168498 0.803423
vt 0.163050 0.815555
vt 0.158780 0.827117
vt 0.156505 0.836699
vt 0.139909 0.831047
vt 0.177329 0.819621
vt 0.174761 0.831405
vt 0.173439 0.841114
vt 0.172189 0.848919
vt 0.154596 0.844380
vt 0.191157 0.833937
vt 0.190838 0.844229
vt 0.190448 0.851633
vt 0.190171 0.858174
vt 0.171051 0.855685
vt 0.208919 0.844946
vt 0.209690 0.852108
vt 0.210118 0.858574
vt 0.210394 0.864955
vt 0.189923 0.864636
vt 0.189654 0.871190
vt 0.169170 0.868700
vt 0.170097 0.862158
vt 0.210671 0.871419
vt 0.639489 0.005319
vt 0.640727 0.011194
vt 0.622222 0.015295
vt 0.620703 0.009297
vt 0.231845 0.869880
vt 0.658601 0.001953
vt 0.659424 0.007842
vt 0.660318 0.013914
vt 0.642054 0.017276
vt 0.678641 0.000200
vt 0.678892 0.005799
vt 0.679227 0.011750
vt 0.679659 0.018389
vt 0.661371 0.020502
vt 0.698857 0.011677
vt 0.698507 0.018246
vt 0.698029 0.025656
vt 0.680217 0.025838
vt 0.715500 0.028550
vt 0.712472 0.039343
vt 0.696900 0.036023
vt 0.727172 0.044543
vt 0.722372 0.056641
vt 0.708795 0.051908
vt 0.735689 0.062683
vt 0.718301 0.068694
vt 0.702355 0.074825
vt 0.705474 0.064118
vt 0.689742 0.071871
vt 0.692337 0.061137
vt 0.694809 0.048970
vt 0.679035 0.059524
vt 0.680567 0.047700
vt 0.680845 0.035778
vt 0.665572 0.048168
vt 0.664529 0.037171
vt 0.662781 0.027885
vt 0.648033 0.039942
vt 0.645533 0.031002
vt 0.643591 0.023819
vt 0.628642 0.035000
vt 0.626153 0.027948
vt 0.624064 0.021404
vt 0.609266 0.033264
vt 0.606390 0.026914
vt 0.603814 0.020998
vt 0.589567 0.034690
vt 0.586195 0.029081
vt 0.168197 0.875446
vt 0.147661 0.870525
vt 0.149389 0.863902
vt 0.188959 0.877870
vt 0.127568 0.863397
vt 0.129904 0.856948
vt 0.132208 0.850802
vt 0.151060 0.857535
vt 0.134560 0.844692
vt 0.152754 0.851150
vt 0.137072 0.838304
vt 0.116364 0.836238
vt 0.119664 0.830229
vt 0.123844 0.823378
vt 0.104100 0.819270
vt 0.109905 0.812859
vt 0.117790 0.804899
vt 0.098479 0.800072
vt 0.107716 0.793439
vt 0.117472 0.785114
vt 0.098921 0.780621
vt 0.108483 0.773904
vt 0.116823 0.766499
vt 0.100500 0.761404
vt 0.109366 0.755534
vt 0.118211 0.749525
vt 0.103038 0.744022
vt 0.112184 0.739300
vt 0.120836 0.734172
vt 0.107114 0.728965
vt 0.115459 0.724869
vt 0.123769 0.720385
vt 0.110842 0.715706
vt 0.119723 0.712053
vt 0.128041 0.708325
vt 0.116375 0.703682
vt 0.124838 0.700103
vt 0.131753 0.697193
vt 0.121859 0.691970
vt 0.129128 0.689199
vt 0.135596 0.687232
vt 0.126689 0.681169
vt 0.133321 0.679243
vt 0.138726 0.678011
vt 0.131233 0.670625
vt 0.137184 0.669337
vt 0.142212 0.668753
vt 0.141824 0.659185
vt 0.146286 0.659123
vt 0.142650 0.649140
vt 0.147211 0.649440
vt 0.151217 0.649508
vt 0.149229 0.640687
vt 0.153216 0.640881
vt 0.152101 0.633361
vt 0.156382 0.634213
vt 0.156105 0.627750
vt 0.160169 0.630215
vt 0.163557 0.634136
vt 0.166482 0.633205
vt 0.164004 0.627946
vt 0.168015 0.626759
vt 0.169279 0.632764
vt 0.160800 0.623754
vt 0.165903 0.620794
vt 0.157100 0.620079
vt 0.163185 0.615553
vt 0.169819 0.612214
vt 0.176303 0.609374
vt 0.159953 0.610511
vt 0.166820 0.605832
vt 0.173381 0.601619
vt 0.180692 0.596999
vt 0.183772 0.604951
vt 0.162462 0.599159
vt 0.169355 0.593822
vt 0.177114 0.588777
vt 0.186034 0.584198
vt 0.188888 0.592284
vt 0.164520 0.585994
vt 0.172991 0.580416
vt 0.182900 0.575604
vt 0.193671 0.571314
vt 0.195953 0.580038
vt 0.168372 0.571892
vt 0.179384 0.566761
vt 0.191189 0.562231
vt 0.203364 0.557683
vt 0.204884 0.567396
vt 0.175963 0.557504
vt 0.188745 0.552591
vt 0.202099 0.547804
vt 0.216142 0.543272
vt 0.216158 0.553842
vt 0.186569 0.542986
vt 0.201209 0.538010
vt 0.216250 0.532902
vt 0.230951 0.529953
vt 0.229776 0.540795
vt 0.200264 0.527733
vt 0.215850 0.522032
vt 0.231333 0.518205
vt 0.247094 0.517187
vt 0.245377 0.529798
vt 0.214038 0.509734
vt 0.230779 0.505286
vt 0.248310 0.504250
vt 0.265606 0.507770
vt 0.262634 0.520103
vt 0.229612 0.493357
vt 0.249292 0.493464
vt 0.268305 0.497642
vt 0.285591 0.504613
vt 0.281800 0.514077
vt 0.250265 0.486262
vt 0.270464 0.490682
vt 0.288768 0.497763
vt 0.304563 0.507107
vt 0.300964 0.513685
vt 0.272399 0.484857
vt 0.291445 0.492123
vt 0.307852 0.501513
vt 0.322220 0.511300
vt 0.318699 0.517051
vt 0.293653 0.487185
vt 0.310706 0.496408
vt 0.325497 0.506217
vt 0.339285 0.516186
vt 0.335892 0.520818
vt 0.313384 0.491569
vt 0.328623 0.501525
vt 0.342643 0.511876
vt 0.356208 0.523498
vt 0.352819 0.527161
vt 0.813688 0.304723
vt 0.804898 0.316781
vt 0.801221 0.313901
vt 0.809925 0.302143
vt 0.817936 0.289511
vt 0.821783 0.291676
vt 0.825045 0.275598
vt 0.828945 0.277225
vt 0.806116 0.299569
vt 0.797508 0.311022
vt 0.793679 0.308109
vt 0.787850 0.322172
vt 0.784285 0.318886
vt 0.780357 0.315247
vt 0.773403 0.329312
vt 0.770069 0.325243
vt 0.766055 0.320402
vt 0.775734 0.310742
vt 0.760400 0.313402
vt 0.769560 0.304258
vt 0.753888 0.305154
vt 0.762594 0.296600
vt 0.747269 0.296686
vt 0.755347 0.289003
vt 0.740190 0.287953
vt 0.747534 0.280872
vt 0.733177 0.279490
vt 0.739959 0.272491
vt 0.726471 0.271844
vt 0.732936 0.264788
vt 0.739398 0.257828
vt 0.725677 0.258002
vt 0.731562 0.251078
vt 0.717632 0.252085
vt 0.722724 0.245287
vt 0.709121 0.246589
vt 0.713462 0.239794
vt 0.718204 0.233178
vt 0.704979 0.234781
vt 0.709608 0.228071
vt 0.714107 0.221648
vt 0.701780 0.223127
vt 0.705899 0.216581
vt 0.709794 0.210321
vt 0.697854 0.211717
vt 0.701306 0.205325
vt 0.704619 0.199200
vt 0.713389 0.204178
vt 0.707789 0.193286
vt 0.716643 0.197925
vt 0.710700 0.187509
vt 0.719477 0.191417
vt 0.713341 0.181947
vt 0.721696 0.184840
vt 0.702461 0.182323
vt 0.705820 0.176669
vt 0.695399 0.176641
vt 0.699435 0.170486
vt 0.704012 0.164613
vt 0.692961 0.163987
vt 0.697798 0.157204
vt 0.686075 0.157728
vt 0.691090 0.150527
vt 0.678875 0.152222
vt 0.684130 0.144920
vt 0.671335 0.147336
vt 0.676792 0.140204
vt 0.682915 0.132268
vt 0.668978 0.136167
vt 0.675327 0.128582
vt 0.682118 0.119490
vt 0.667289 0.125469
vt 0.673818 0.117089
vt 0.679580 0.106820
vt 0.688093 0.108861
vt 0.684248 0.094953
vt 0.693232 0.096963
vt 0.687427 0.082571
vt 0.698364 0.085062
vt 0.674843 0.094113
vt 0.676361 0.082654
vt 0.677272 0.071032
vt 0.665697 0.083179
vt 0.665519 0.071569
vt 0.665581 0.059685
vt 0.653626 0.073317
vt 0.652078 0.061787
vt 0.650405 0.050315
vt 0.638926 0.065393
vt 0.635716 0.054339
vt 0.631996 0.043918
vt 0.621992 0.059341
vt 0.616990 0.049039
vt 0.612607 0.040239
vt 0.602909 0.055676
vt 0.597520 0.047285
vt 0.593293 0.040686
vt 0.583156 0.056229
vt 0.578208 0.050183
vt 0.573707 0.044593
vt 0.563814 0.061286
vt 0.558550 0.056255
vt 0.553809 0.051624
vt 0.569653 0.039368
vt 0.544890 0.070098
vt 0.539395 0.066310
vt 0.107631 0.854181
vt 0.088242 0.842407
vt 0.092012 0.836305
vt 0.110526 0.847935
vt 0.095726 0.830636
vt 0.113407 0.842020
vt 0.099673 0.824980
vt 0.080783 0.816613
vt 0.085794 0.811217
vt 0.091481 0.805751
vt 0.074543 0.796219
vt 0.081125 0.791057
vt 0.088977 0.786011
vt 0.072021 0.776275
vt 0.080901 0.771438
vt 0.091053 0.766780
vt 0.073146 0.757431
vt 0.083529 0.752981
vt 0.093578 0.748480
vt 0.076607 0.739932
vt 0.087840 0.735955
vt 0.098076 0.732466
vt 0.083324 0.724637
vt 0.093988 0.721363
vt 0.102709 0.718560
vt 0.090299 0.710873
vt 0.099240 0.708359
vt 0.107501 0.706400
vt 0.096628 0.698757
vt 0.105093 0.697176
vt 0.113620 0.695165
vt 0.103086 0.688172
vt 0.111317 0.686332
vt 0.119381 0.683697
vt 0.109524 0.677922
vt 0.117309 0.675385
vt 0.124449 0.672704
vt 0.101370 0.679497
vt 0.093548 0.680627
vt 0.093402 0.671645
vt 0.094710 0.689632
vt 0.085301 0.691375
vt 0.084915 0.681752
vt 0.087223 0.701001
vt 0.076348 0.703321
vt 0.074668 0.692802
vt 0.079403 0.714030
vt 0.066446 0.716772
vt 0.063276 0.705202
vt 0.070913 0.728107
vt 0.058313 0.731631
vt 0.052962 0.719073
vt 0.065257 0.744352
vt 0.054635 0.749060
vt 0.046488 0.735644
vt 0.063415 0.762367
vt 0.055326 0.767344
vt 0.045731 0.753762
vt 0.064703 0.781314
vt 0.058076 0.786418
vt 0.047983 0.772269
vt 0.068683 0.801348
vt 0.063072 0.806476
vt 0.051815 0.791358
vt 0.076041 0.821981
vt 0.071252 0.827642
vt 0.057406 0.811778
vt 0.519300 0.099313
vt 0.525689 0.101954
vt 0.518833 0.117412
vt 0.512287 0.114781
vt 0.045512 0.796344
vt 0.527959 0.082896
vt 0.534037 0.085869
vt 0.540336 0.089073
vt 0.532127 0.104757
vt 0.550902 0.074276
vt 0.557234 0.079013
vt 0.547072 0.092904
vt 0.569531 0.066849
vt 0.576340 0.073821
vt 0.564682 0.085151
vt 0.589332 0.063966
vt 0.596204 0.072967
vt 0.583998 0.082038
vt 0.608948 0.065436
vt 0.614796 0.075623
vt 0.603019 0.082363
vt 0.626640 0.070046
vt 0.631079 0.080926
vt 0.620321 0.085912
vt 0.642020 0.076571
vt 0.645233 0.087613
vt 0.635478 0.091637
vt 0.655264 0.084715
vt 0.640067 0.101809
vt 0.631594 0.106227
vt 0.625776 0.096248
vt 0.623005 0.111387
vt 0.616139 0.101706
vt 0.609529 0.091895
vt 0.607151 0.108336
vt 0.599424 0.099298
vt 0.591852 0.090695
vt 0.590249 0.107817
vt 0.581714 0.100151
vt 0.573009 0.092480
vt 0.572813 0.110896
vt 0.563578 0.104323
vt 0.554870 0.098001
vt 0.556241 0.117694
vt 0.547053 0.112348
vt 0.539006 0.108042
vt 0.541004 0.127265
vt 0.532574 0.123287
vt 0.525433 0.120172
vt 0.527267 0.138080
vt 0.519956 0.135142
vt 0.513186 0.132452
vt 0.515321 0.150077
vt 0.508471 0.147718
vt 0.501712 0.145364
vt 0.506546 0.129837
vt 0.034330 0.781484
vt 0.023328 0.766204
vt 0.030573 0.762189
vt 0.041114 0.776898
vt 0.037840 0.758186
vt 0.020636 0.746171
vt 0.028259 0.743075
vt 0.036749 0.739533
vt 0.020780 0.726281
vt 0.029621 0.724083
vt 0.040110 0.721635
vt 0.025275 0.707446
vt 0.035969 0.706802
vt 0.049285 0.706107
vt 0.034401 0.691260
vt 0.047744 0.692812
vt 0.061790 0.693481
vt 0.048497 0.679205
vt 0.062442 0.681838
vt 0.074904 0.682361
vt 0.065469 0.670867
vt 0.076942 0.672368
vt 0.085770 0.672300
vt 0.087496 0.662527
vt 0.094827 0.662286
vt 0.089357 0.651121
vt 0.098054 0.652396
vt 0.101900 0.643274
vt 0.090221 0.640489
vt 0.090732 0.632173
vt 0.105052 0.635777
vt 0.075116 0.631613
vt 0.075289 0.622089
vt 0.091910 0.625189
vt 0.094036 0.617922
vt 0.110102 0.621266
vt 0.107904 0.628738
vt 0.079212 0.612447
vt 0.085479 0.601782
vt 0.067059 0.604516
vt 0.074048 0.593262
vt 0.080366 0.581526
vt 0.091716 0.590319
vt 0.055168 0.599577
vt 0.061802 0.585899
vt 0.068050 0.573403
vt 0.075217 0.560860
vt 0.086760 0.570086
vt 0.049735 0.581943
vt 0.056783 0.567853
vt 0.065496 0.553994
vt 0.076246 0.540822
vt 0.084149 0.548925
vt 0.048753 0.563908
vt 0.058872 0.549088
vt 0.070737 0.535141
vt 0.084119 0.522521
vt 0.088655 0.529045
vt 0.053422 0.544561
vt 0.065934 0.530104
vt 0.079978 0.517047
vt 0.095577 0.506254
vt 0.099093 0.512136
vt 0.061374 0.525256
vt 0.075915 0.511926
vt 0.091853 0.500605
vt 0.108698 0.491976
vt 0.111978 0.497960
vt 0.610909 0.357502
vt 0.595350 0.350813
vt 0.597882 0.345653
vt 0.612694 0.352006
vt 0.627443 0.356918
vt 0.626306 0.362496
vt 0.641874 0.360701
vt 0.641238 0.366353
vt 0.614429 0.346787
vt 0.628629 0.351505
vt 0.642593 0.355169
vt 0.656217 0.358036
vt 0.655915 0.363622
vt 0.629893 0.346121
vt 0.643408 0.349637
vt 0.656651 0.352556
vt 0.669657 0.354993
vt 0.669500 0.360281
vt 0.644399 0.343897
vt 0.657235 0.346843
vt 0.669965 0.349423
vt 0.683266 0.351438
vt 0.683043 0.356670
vt 0.658184 0.340580
vt 0.670730 0.343382
vt 0.683721 0.345711
vt 0.697454 0.346650
vt 0.697255 0.352225
vt 0.672081 0.336404
vt 0.684604 0.339002
vt 0.697755 0.340225
vt 0.711356 0.338979
vt 0.712039 0.345551
vt 0.685436 0.329860
vt 0.697516 0.330721
vt 0.709706 0.329570
vt 0.721894 0.325778
vt 0.725109 0.335243
vt 0.696081 0.320165
vt 0.707081 0.318745
vt 0.718135 0.315439
vt 0.728749 0.310296
vt 0.733493 0.319871
vt 0.704230 0.309112
vt 0.714376 0.305996
vt 0.723971 0.301009
vt 0.732309 0.294726
vt 0.738401 0.303761
vt 0.710530 0.297492
vt 0.718610 0.292352
vt 0.726034 0.286184
vt 0.713011 0.284684
vt 0.719852 0.278564
vt 0.707461 0.278034
vt 0.713707 0.271832
vt 0.719755 0.265053
vt 0.707211 0.265971
vt 0.712601 0.258985
vt 0.700149 0.260974
vt 0.704794 0.253676
vt 0.692872 0.256730
vt 0.696749 0.249183
vt 0.700604 0.241782
vt 0.689116 0.244937
vt 0.693098 0.237340
vt 0.697459 0.230012
vt 0.686030 0.232756
vt 0.690225 0.225453
vt 0.694205 0.218415
vt 0.682874 0.220740
vt 0.686517 0.213813
vt 0.689811 0.207065
vt 0.678543 0.208821
vt 0.681717 0.202186
vt 0.684868 0.195608
vt 0.692943 0.200527
vt 0.688152 0.189155
vt 0.696092 0.194242
vt 0.691674 0.182881
vt 0.699266 0.188190
vt 0.680580 0.183467
vt 0.684486 0.177020
vt 0.688595 0.170573
vt 0.677180 0.171135
vt 0.681494 0.164548
vt 0.669536 0.165701
vt 0.674071 0.159068
vt 0.661572 0.160630
vt 0.666320 0.154063
vt 0.653031 0.155817
vt 0.657958 0.149431
vt 0.663230 0.142964
vt 0.648947 0.144825
vt 0.654553 0.138645
vt 0.660677 0.132335
vt 0.645947 0.133717
vt 0.652585 0.128050
vt 0.659487 0.122233
vt 0.644999 0.122524
vt 0.652207 0.117918
vt 0.665870 0.115221
vt 0.671089 0.105664
vt 0.637839 0.115197
vt 0.645403 0.110984
vt 0.637850 0.127663
vt 0.630190 0.120200
vt 0.631119 0.133266
vt 0.622766 0.125772
vt 0.614873 0.117316
vt 0.615845 0.132037
vt 0.607178 0.124204
vt 0.598784 0.116045
vt 0.600282 0.131890
vt 0.591216 0.124495
vt 0.582057 0.117276
vt 0.584651 0.133853
vt 0.575262 0.128093
vt 0.565841 0.123066
vt 0.570157 0.140054
vt 0.560556 0.136190
vt 0.550627 0.131870
vt 0.556738 0.149514
vt 0.546049 0.145821
vt 0.535892 0.141700
vt 0.542174 0.159010
vt 0.531457 0.155567
vt 0.522744 0.152615
vt 0.528271 0.169246
vt 0.519350 0.167279
vt 0.511801 0.165490
vt 0.517509 0.182313
vt 0.510061 0.181571
vt 0.503046 0.180831
vt 0.504918 0.163811
vt 0.496081 0.180076
vt 0.498014 0.162103
vt 0.013005 0.749291
vt 0.005116 0.730048
vt 0.012930 0.728172
vt 0.000675 0.709267
vt 0.008505 0.708656
vt 0.016457 0.708051
vt 0.007781 0.688489
vt 0.015340 0.689038
vt 0.023885 0.689905
vt 0.017517 0.669796
vt 0.025469 0.671791
vt 0.035443 0.675066
vt 0.021751 0.650957
vt 0.014518 0.649291
vt 0.018854 0.631043
vt 0.026323 0.632922
vt 0.010284 0.668515
vt 0.003002 0.667350
vt 0.007311 0.647813
vt 0.000200 0.688011
vt 0.499058 0.217278
vt 0.505670 0.216013
vt 0.509887 0.233111
vt 0.503754 0.235087
vt 0.496484 0.198655
vt 0.503321 0.198380
vt 0.510173 0.198085
vt 0.512121 0.214743
vt 0.518768 0.213403
vt 0.522114 0.229163
vt 0.515950 0.231164
vt 0.517331 0.197706
vt 0.525585 0.197252
vt 0.526345 0.211827
vt 0.526307 0.183081
vt 0.537327 0.184137
vt 0.536210 0.196997
vt 0.539318 0.171501
vt 0.551285 0.174148
vt 0.549358 0.186109
vt 0.553812 0.162229
vt 0.564102 0.164893
vt 0.562063 0.176781
vt 0.566597 0.152532
vt 0.576037 0.155620
vt 0.573664 0.167193
vt 0.579573 0.144372
vt 0.590052 0.149522
vt 0.586555 0.159327
vt 0.594509 0.140294
vt 0.604787 0.146695
vt 0.600788 0.155057
vt 0.609811 0.139033
vt 0.619597 0.145712
vt 0.614886 0.152672
vt 0.625015 0.139272
vt 0.634347 0.145644
vt 0.629361 0.151952
vt 0.639831 0.139569
vt 0.643832 0.151047
vt 0.648340 0.162270
vt 0.639056 0.157444
vt 0.643868 0.168876
vt 0.634536 0.164020
vt 0.624792 0.158560
vt 0.630254 0.170804
vt 0.620596 0.165605
vt 0.610834 0.160335
vt 0.616692 0.173267
vt 0.607208 0.168799
vt 0.597492 0.164092
vt 0.603839 0.177885
vt 0.594433 0.173486
vt 0.583959 0.169463
vt 0.591371 0.183633
vt 0.581849 0.180490
vt 0.571965 0.178730
vt 0.580085 0.192093
vt 0.570616 0.190366
vt 0.560500 0.188453
vt 0.569628 0.202064
vt 0.559545 0.200173
vt 0.548177 0.198097
vt 0.558990 0.211818
vt 0.547644 0.209936
vt 0.535989 0.209966
vt 0.547836 0.222161
vt 0.537461 0.223597
vt 0.528879 0.226783
vt 0.540915 0.238383
vt 0.533456 0.241829
vt 0.527201 0.244598
vt 0.539461 0.256522
vt 0.533400 0.259316
vt 0.527515 0.261842
vt 0.521289 0.246947
vt 0.521706 0.264330
vt 0.515419 0.249247
vt 0.515915 0.266849
vt 0.509531 0.251594
vt 0.528747 0.278658
vt 0.523161 0.281386
vt 0.011628 0.629285
vt 0.015865 0.610977
vt 0.022893 0.612890
vt 0.027375 0.594572
vt 0.034665 0.596299
vt 0.030368 0.614460
vt 0.020535 0.592318
vt 0.027127 0.573651
vt 0.033631 0.576779
vt 0.531597 0.295599
vt 0.536815 0.292559
vt 0.546238 0.305892
vt 0.541441 0.309394
vt 0.557352 0.318079
vt 0.553032 0.322064
vt 0.542016 0.289603
vt 0.550994 0.302536
vt 0.561559 0.314284
vt 0.573649 0.324362
vt 0.569898 0.328698
vt 0.555785 0.299243
vt 0.565913 0.310409
vt 0.577490 0.319976
vt 0.589886 0.328333
vt 0.586659 0.333123
vt 0.570655 0.306252
vt 0.581659 0.315287
vt 0.593376 0.323288
vt 0.605603 0.330320
vt 0.602880 0.335564
vt 0.586296 0.310169
vt 0.597287 0.317827
vt 0.608763 0.324537
vt 0.620684 0.330025
vt 0.618307 0.336012
vt 0.602800 0.309994
vt 0.613261 0.316348
vt 0.624062 0.321803
vt 0.635350 0.326310
vt 0.633021 0.334301
vt 0.618398 0.306652
vt 0.628243 0.311795
vt 0.638525 0.316374
vt 0.649425 0.320474
vt 0.647234 0.330101
vt 0.632493 0.301705
vt 0.641815 0.306223
vt 0.651736 0.310419
vt 0.662334 0.314218
vt 0.661036 0.324176
vt 0.645368 0.295779
vt 0.654292 0.300048
vt 0.663768 0.303996
vt 0.673720 0.307408
vt 0.673527 0.317498
vt 0.657253 0.289528
vt 0.665642 0.293707
vt 0.674512 0.297279
vt 0.683334 0.299880
vt 0.683819 0.309615
vt 0.668334 0.283771
vt 0.676103 0.287833
vt 0.684097 0.290916
vt 0.692323 0.301179
vt 0.679402 0.279230
vt 0.686178 0.282731
vt 0.683791 0.271420
vt 0.690309 0.275023
vt 0.688410 0.264079
vt 0.695141 0.268065
vt 0.701553 0.272546
vt 0.676750 0.266982
vt 0.681272 0.259676
vt 0.685377 0.252491
vt 0.673857 0.254645
vt 0.677896 0.247551
vt 0.681883 0.240221
vt 0.670584 0.241943
vt 0.674728 0.234862
vt 0.678878 0.227771
vt 0.667356 0.228962
vt 0.671375 0.222188
vt 0.675113 0.215492
vt 0.663360 0.216171
vt 0.666962 0.209591
vt 0.670283 0.203093
vt 0.658618 0.203853
vt 0.661965 0.197334
vt 0.665430 0.190799
vt 0.673567 0.196538
vt 0.669112 0.184214
vt 0.676956 0.189993
vt 0.673032 0.177677
vt 0.661081 0.178821
vt 0.665193 0.172282
vt 0.652714 0.173790
vt 0.657030 0.167177
vt 0.657197 0.185390
vt 0.648656 0.180414
vt 0.639678 0.175648
vt 0.644867 0.187165
vt 0.635777 0.182569
vt 0.626248 0.177944
vt 0.632227 0.189713
vt 0.622727 0.185640
vt 0.613091 0.181680
vt 0.619765 0.193642
vt 0.610090 0.190441
vt 0.600729 0.187414
vt 0.608029 0.199419
vt 0.598652 0.197131
vt 0.589160 0.194405
vt 0.597761 0.206915
vt 0.588252 0.205261
vt 0.579041 0.203644
vt 0.588078 0.215342
vt 0.578485 0.214523
vt 0.568949 0.213528
vt 0.578632 0.224661
vt 0.568815 0.224826
vt 0.558680 0.223774
vt 0.570014 0.235661
vt 0.559371 0.235833
vt 0.549528 0.236334
vt 0.563214 0.248457
vt 0.554061 0.250692
vt 0.545914 0.253511
vt 0.552070 0.267732
vt 0.545966 0.270544
vt 0.560111 0.264154
vt 0.567094 0.276135
vt 0.558867 0.280608
vt 0.569225 0.260177
vt 0.575915 0.270458
vt 0.583187 0.279435
vt 0.574725 0.286286
vt 0.578337 0.256054
vt 0.584543 0.264766
vt 0.591404 0.272520
vt 0.598811 0.279411
vt 0.591117 0.287318
vt 0.593030 0.258905
vt 0.599360 0.265317
vt 0.606194 0.271089
vt 0.613449 0.276546
vt 0.606689 0.285694
vt 0.606823 0.257434
vt 0.613102 0.262409
vt 0.619786 0.267248
vt 0.626827 0.271922
vt 0.621035 0.281760
vt 0.619262 0.253392
vt 0.625607 0.257717
vt 0.632265 0.261990
vt 0.639135 0.266163
vt 0.634151 0.276432
vt 0.630585 0.247784
vt 0.637055 0.251847
vt 0.643710 0.255971
vt 0.650627 0.260249
vt 0.646226 0.270341
vt 0.641196 0.241965
vt 0.647939 0.246317
vt 0.654874 0.251085
vt 0.662142 0.256429
vt 0.657767 0.264910
vt 0.651980 0.237899
vt 0.659091 0.243247
vt 0.666411 0.249051
vt 0.669511 0.261971
vt 0.663266 0.235953
vt 0.655838 0.230227
vt 0.659610 0.223052
vt 0.648379 0.225033
vt 0.651819 0.217585
vt 0.655233 0.210579
vt 0.643747 0.212788
vt 0.646875 0.205600
vt 0.650117 0.198737
vt 0.638236 0.201252
vt 0.641394 0.194107
vt 0.653553 0.192005
vt 0.629174 0.197168
vt 0.635365 0.208656
vt 0.626600 0.204988
vt 0.617426 0.201905
vt 0.624478 0.213107
vt 0.615784 0.210495
vt 0.606884 0.208608
vt 0.614782 0.219300
vt 0.606504 0.217690
vt 0.597615 0.216417
vt 0.606428 0.225996
vt 0.597840 0.224731
vt 0.588184 0.224384
vt 0.580030 0.234290
vt 0.582882 0.243390
vt 0.573302 0.246043
vt 0.587414 0.251634
vt 0.601045 0.252169
vt 0.607548 0.244496
vt 0.613228 0.249042
vt 0.611789 0.236354
vt 0.617929 0.239903
vt 0.624213 0.243766
vt 0.620744 0.230784
vt 0.627670 0.234130
vt 0.634486 0.237905
vt 0.630312 0.225032
vt 0.637683 0.228890
vt 0.644884 0.233121
vt 0.640703 0.220501
vt 0.632776 0.216532
vt 0.622698 0.221847
vt 0.613711 0.228021
vt 0.672349 0.274812
vt 0.665103 0.269983
vt 0.660867 0.279281
vt 0.653458 0.274704
vt 0.649292 0.285174
vt 0.641623 0.280809
vt 0.636962 0.291332
vt 0.628908 0.286687
vt 0.623599 0.296789
vt 0.614990 0.291445
vt 0.608890 0.300885
vt 0.599744 0.294456
vt 0.592739 0.302832
vt 0.583259 0.294964
vt 0.575968 0.301646
vt 0.566732 0.291900
vt 0.560903 0.295777
vt 0.552809 0.283754
vt 0.547253 0.286699
vt 0.540031 0.273294
vt 0.534326 0.275982
vt 0.701542 0.300445
vt 0.693934 0.310172
vt 0.685063 0.319810
vt 0.673210 0.327434
vt 0.659529 0.333382
vt 0.645590 0.337652
vt 0.631319 0.340454
vt 0.616280 0.341541
vt 0.600329 0.340628
vt 0.583502 0.337834
vt 0.580359 0.342513
vt 0.566163 0.333048
vt 0.048348 0.540059
vt 0.042451 0.560063
vt 0.036641 0.556059
vt 0.040611 0.579531
vt 0.043642 0.597337
vt 0.744222 0.313028
vt 0.750051 0.322097
vt 0.738279 0.329525
vt 0.754731 0.329135
vt 0.741583 0.336432
vt 0.727075 0.342047
vt 0.743760 0.341783
vt 0.728239 0.347423
vt 0.712385 0.350935
vt 0.729039 0.351953
vt 0.712615 0.355575
vt 0.697165 0.357062
vt 0.712702 0.359910
vt 0.697055 0.361648
vt 0.682901 0.361646
vt 0.696910 0.366393
vt 0.682705 0.366679
vt 0.669435 0.365668
vt 0.682451 0.372281
vt 0.669353 0.371507
vt 0.655652 0.369412
vt 0.141951 0.480010
vt 0.157714 0.475791
vt 0.159981 0.483225
vt 0.144726 0.486873
vt 0.128517 0.491707
vt 0.125529 0.485387
vt 0.147250 0.494652
vt 0.131137 0.498805
vt 0.114983 0.504456
vt 0.133348 0.507820
vt 0.117757 0.512871
vt 0.102721 0.519747
vt 0.120986 0.524158
vt 0.107354 0.530469
vt 0.095110 0.538713
vt 0.113706 0.543212
vt 0.103549 0.550927
vt 0.094326 0.559879
vt 0.112089 0.562728
vt 0.104257 0.570908
vt 0.097695 0.580016
vt 0.113966 0.581400
vt 0.120607 0.574106
vt 0.129549 0.585515
vt 0.123809 0.592120
vt 0.137932 0.597188
vt 0.131249 0.604145
vt 0.144401 0.606313
vt 0.150687 0.598724
vt 0.155973 0.605083
vt 0.149387 0.612163
vt 0.144133 0.590325
vt 0.150936 0.583708
vt 0.157193 0.592004
vt 0.136043 0.579108
vt 0.143909 0.572972
vt 0.153126 0.567366
vt 0.158753 0.577538
vt 0.128485 0.567518
vt 0.137711 0.561670
vt 0.148098 0.556491
vt 0.159755 0.551916
vt 0.163935 0.562378
vt 0.131419 0.550044
vt 0.142739 0.545197
vt 0.155510 0.541203
vt 0.169610 0.537420
vt 0.172669 0.547565
vt 0.138350 0.532916
vt 0.151849 0.529983
vt 0.166928 0.527183
vt 0.182357 0.523127
vt 0.184575 0.533066
vt 0.150152 0.517672
vt 0.164944 0.516365
vt 0.180001 0.512528
vt 0.195225 0.506577
vt 0.198247 0.517267
vt 0.163897 0.503865
vt 0.177612 0.500981
vt 0.192170 0.495859
vt 0.208977 0.488661
vt 0.211125 0.498332
vt 0.175629 0.489397
vt 0.190260 0.485439
vt 0.208288 0.480678
vt 0.229382 0.478760
vt 0.229127 0.485174
vt 0.189735 0.476989
vt 0.208510 0.473954
vt 0.230064 0.473344
vt 0.252490 0.475280
vt 0.251372 0.480375
vt 0.209078 0.468157
vt 0.230925 0.468336
vt 0.253595 0.470567
vt 0.275596 0.475150
vt 0.274051 0.479863
vt 0.749028 0.358110
vt 0.730792 0.364431
vt 0.730175 0.360342
vt 0.747818 0.354304
vt 0.764402 0.346259
vt 0.766305 0.349907
vt 0.779030 0.336363
vt 0.781806 0.339966
vt 0.746627 0.350476
vt 0.762464 0.342606
vt 0.776337 0.332952
vt 0.791235 0.325338
vt 0.760403 0.338767
vt 0.745345 0.346358
vt 0.757875 0.334273
vt 0.729635 0.356231
vt 0.712768 0.364392
vt 0.712908 0.368972
vt 0.696721 0.371635
vt 0.189728 0.469888
vt 0.174156 0.480330
vt 0.172950 0.472552
vt 0.162090 0.492126
vt 0.149290 0.505048
vt 0.135451 0.519767
vt 0.125832 0.537453
vt 0.121138 0.555776
vt 0.794648 0.328585
vt 0.295744 0.482423
vt 0.153324 0.616365
vt 0.147497 0.623362
vt 0.151819 0.625682
vt 0.147735 0.632408
vt 0.142990 0.631052
vt 0.144879 0.640156
vt 0.369066 0.537125
vt 0.379692 0.553005
vt 0.375505 0.555335
vt 0.365384 0.540227
vt 0.830812 0.260766
vt 0.834784 0.262025
vt 0.835497 0.245468
vt 0.839625 0.246797
vt 0.386778 0.570457
vt 0.384465 0.588793
vt 0.382071 0.571872
vt 0.379169 0.589124
vt 0.377278 0.573139
vt 0.371350 0.557653
vt 0.372004 0.574392
vt 0.366891 0.560308
vt 0.357912 0.547022
vt 0.361720 0.543437
vt 0.345864 0.535746
vt 0.349372 0.531111
vt 0.332310 0.526323
vt 0.342185 0.541532
vt 0.328774 0.532912
vt 0.315127 0.523668
vt 0.324757 0.541335
vt 0.310950 0.532299
vt 0.296784 0.522633
vt 0.306144 0.542236
vt 0.292199 0.533434
vt 0.277652 0.525884
vt 0.287521 0.544408
vt 0.273630 0.537291
vt 0.259542 0.532290
vt 0.269539 0.548311
vt 0.256257 0.543767
vt 0.243174 0.541152
vt 0.252756 0.554751
vt 0.240450 0.552274
vt 0.228481 0.551828
vt 0.238338 0.563092
vt 0.227504 0.562919
vt 0.216457 0.564283
vt 0.226890 0.572170
vt 0.216688 0.573634
vt 0.206270 0.576426
vt 0.217124 0.581689
vt 0.207537 0.584672
vt 0.198071 0.588187
vt 0.208922 0.591897
vt 0.200084 0.595869
vt 0.191637 0.600144
vt 0.202329 0.602589
vt 0.194628 0.607549
vt 0.186903 0.612943
vt 0.198444 0.614133
vt 0.189865 0.619816
vt 0.202702 0.619615
vt 0.194276 0.625172
vt 0.197809 0.629654
vt 0.188457 0.633744
vt 0.181501 0.638793
vt 0.209842 0.613592
vt 0.205572 0.608455
vt 0.212755 0.603147
vt 0.215788 0.608024
vt 0.210505 0.597877
vt 0.218731 0.593982
vt 0.220041 0.599023
vt 0.217850 0.588426
vt 0.226639 0.586105
vt 0.226946 0.591510
vt 0.226553 0.579774
vt 0.236245 0.579155
vt 0.235640 0.585005
vt 0.237149 0.571947
vt 0.247689 0.572917
vt 0.246103 0.579799
vt 0.249727 0.564614
vt 0.261468 0.567680
vt 0.258117 0.575754
vt 0.265322 0.558705
vt 0.277984 0.564317
vt 0.273139 0.572710
vt 0.282845 0.554789
vt 0.295745 0.562733
vt 0.290282 0.571791
vt 0.301015 0.552624
vt 0.313205 0.560897
vt 0.307325 0.570839
vt 0.319171 0.551172
vt 0.330517 0.559844
vt 0.323620 0.568848
vt 0.337337 0.549808
vt 0.347093 0.559194
vt 0.339663 0.568721
vt 0.353548 0.551759
vt 0.342763 0.587079
vt 0.333274 0.577567
vt 0.336416 0.595736
vt 0.327259 0.585725
vt 0.317644 0.577824
vt 0.319660 0.593997
vt 0.311575 0.587214
vt 0.301372 0.579929
vt 0.302497 0.595649
vt 0.294457 0.587977
vt 0.284561 0.579556
vt 0.286062 0.594095
vt 0.278036 0.586389
vt 0.268389 0.580329
vt 0.273111 0.591965
vt 0.264853 0.586133
vt 0.255613 0.582086
vt 0.261966 0.590926
vt 0.253445 0.587354
vt 0.244652 0.585528
vt 0.251674 0.591990
vt 0.243518 0.590418
vt 0.235425 0.590156
vt 0.242599 0.594755
vt 0.235292 0.594750
vt 0.227453 0.596129
vt 0.235239 0.599474
vt 0.228480 0.600756
vt 0.221881 0.603729
vt 0.229835 0.605864
vt 0.224467 0.608821
vt 0.231443 0.610973
vt 0.227671 0.613816
vt 0.233160 0.616119
vt 0.230436 0.618164
vt 0.228398 0.620837
vt 0.233084 0.621842
vt 0.231409 0.623393
vt 0.229794 0.625362
vt 0.226799 0.623827
vt 0.228117 0.627905
vt 0.225442 0.627083
vt 0.226982 0.631729
vt 0.224636 0.631778
vt 0.221701 0.632418
vt 0.222423 0.638440
vt 0.219186 0.639693
vt 0.217892 0.633535
vt 0.225113 0.637659
vt 0.226342 0.644254
vt 0.223929 0.644883
vt 0.227281 0.637254
vt 0.228589 0.643713
vt 0.230136 0.650396
vt 0.227749 0.650984
vt 0.229210 0.636999
vt 0.230698 0.643144
vt 0.232478 0.649809
vt 0.234139 0.656228
vt 0.231438 0.656798
vt 0.232752 0.642489
vt 0.234905 0.649123
vt 0.236892 0.655510
vt 0.238375 0.661999
vt 0.235417 0.662639
vt 0.236891 0.648434
vt 0.238861 0.654982
vt 0.240460 0.661604
vt 0.241673 0.668590
vt 0.239508 0.668839
vt 0.240642 0.654461
vt 0.242299 0.661393
vt 0.243514 0.668510
vt 0.244864 0.675375
vt 0.242638 0.675899
vt 0.244067 0.661294
vt 0.245504 0.668461
vt 0.247070 0.674997
vt 0.246578 0.681697
vt 0.247540 0.668317
vt 0.249072 0.674797
vt 0.249434 0.668133
vt 0.250912 0.674598
vt 0.251327 0.667870
vt 0.252970 0.674333
vt 0.253205 0.667574
vt 0.255068 0.673727
vt 0.255520 0.667284
vt 0.257142 0.673550
vt 0.251084 0.660307
vt 0.252879 0.659977
vt 0.248790 0.651959
vt 0.250505 0.651362
vt 0.252276 0.650622
vt 0.247921 0.643627
vt 0.249813 0.642964
vt 0.251981 0.642093
vt 0.254099 0.649564
vt 0.247108 0.637109
vt 0.249155 0.636327
vt 0.244848 0.632826
vt 0.245282 0.637751
vt 0.243304 0.633285
vt 0.241789 0.629689
vt 0.243256 0.629304
vt 0.240816 0.626399
vt 0.242623 0.626060
vt 0.240136 0.623037
vt 0.242496 0.622704
vt 0.245594 0.622811
vt 0.249497 0.623896
vt 0.242882 0.618710
vt 0.246864 0.619165
vt 0.251427 0.620596
vt 0.256249 0.623169
vt 0.253906 0.626439
vt 0.248663 0.614706
vt 0.253737 0.616584
vt 0.258762 0.619922
vt 0.263641 0.625279
vt 0.260887 0.627596
vt 0.256137 0.612862
vt 0.261402 0.617177
vt 0.266233 0.623288
vt 0.270582 0.630207
vt 0.267928 0.632065
vt 0.264280 0.614666
vt 0.268971 0.621264
vt 0.273144 0.628304
vt 0.276936 0.635104
vt 0.274317 0.637020
vt 0.271931 0.619096
vt 0.275950 0.626303
vt 0.279609 0.633112
vt 0.283232 0.638837
vt 0.280459 0.640886
vt 0.279186 0.624045
vt 0.282893 0.630755
vt 0.286486 0.636561
vt 0.290460 0.642231
vt 0.287297 0.644239
vt 0.286760 0.628040
vt 0.290449 0.634032
vt 0.294326 0.639950
vt 0.298232 0.646748
vt 0.294509 0.648427
vt 0.295538 0.631007
vt 0.299173 0.637625
vt 0.302681 0.644980
vt 0.305935 0.653078
vt 0.301673 0.654422
vt 0.305283 0.635210
vt 0.308237 0.643029
vt 0.313300 0.632258
vt 0.301805 0.627843
vt 0.309713 0.623949
vt 0.320480 0.619069
vt 0.325682 0.628822
vt 0.304960 0.616219
vt 0.314980 0.609933
vt 0.326833 0.603086
vt 0.309215 0.602452
vt 0.299353 0.609171
vt 0.292999 0.601953
vt 0.292756 0.614075
vt 0.286997 0.606854
vt 0.280385 0.599182
vt 0.282395 0.610875
vt 0.276511 0.603328
vt 0.269661 0.596405
vt 0.273249 0.606681
vt 0.266765 0.600093
vt 0.259537 0.595017
vt 0.264103 0.603366
vt 0.257232 0.598832
vt 0.250066 0.596062
vt 0.255087 0.602430
vt 0.248427 0.600109
vt 0.241749 0.599270
vt 0.246890 0.604289
vt 0.241043 0.603727
vt 0.235396 0.604240
vt 0.240444 0.608609
vt 0.235777 0.609337
vt 0.239828 0.614037
vt 0.236276 0.614792
vt 0.239699 0.618990
vt 0.237180 0.619701
vt 0.234947 0.620646
vt 0.238201 0.623559
vt 0.236518 0.624251
vt 0.235063 0.625014
vt 0.237938 0.627287
vt 0.236685 0.627791
vt 0.235343 0.628444
vt 0.233685 0.625970
vt 0.233823 0.629146
vt 0.232113 0.627198
vt 0.230297 0.628985
vt 0.228841 0.632085
vt 0.236823 0.631237
vt 0.235370 0.631682
vt 0.238200 0.634820
vt 0.236747 0.635222
vt 0.238043 0.640407
vt 0.236376 0.640857
vt 0.239567 0.639953
vt 0.241533 0.646335
vt 0.239966 0.647068
vt 0.239457 0.634493
vt 0.241002 0.639452
vt 0.243123 0.645612
vt 0.245519 0.652829
vt 0.243956 0.653392
vt 0.242392 0.638948
vt 0.244644 0.644948
vt 0.247168 0.652323
vt 0.249346 0.660567
vt 0.247602 0.660875
vt 0.246161 0.644298
vt 0.243756 0.638356
vt 0.240754 0.634061
vt 0.241993 0.633658
vt 0.239220 0.630421
vt 0.240468 0.630051
vt 0.239285 0.626821
vt 0.238028 0.630828
vt 0.245839 0.661152
vt 0.242380 0.653941
vt 0.238386 0.647793
vt 0.234628 0.641632
vt 0.243918 0.613990
vt 0.245430 0.608835
vt 0.250772 0.610146
vt 0.252924 0.606116
vt 0.258813 0.609488
vt 0.261478 0.606422
vt 0.267245 0.612266
vt 0.270194 0.609631
vt 0.275103 0.616683
vt 0.278561 0.613970
vt 0.282939 0.621348
vt 0.287368 0.618137
vt 0.291664 0.624772
vt 0.297698 0.620940
vt 0.304902 0.663088
vt 0.301133 0.663846
vt 0.298078 0.655640
vt 0.309160 0.661961
vt 0.297759 0.664539
vt 0.294749 0.656812
vt 0.291212 0.650074
vt 0.291659 0.657925
vt 0.288164 0.651664
vt 0.284285 0.646138
vt 0.285201 0.653137
vt 0.281344 0.647888
vt 0.277646 0.642738
vt 0.278554 0.649584
vt 0.274915 0.644532
vt 0.271610 0.638872
vt 0.272103 0.646451
vt 0.268845 0.640935
vt 0.265100 0.633909
vt 0.275707 0.651421
vt 0.279549 0.656006
vt 0.276718 0.657663
vt 0.282340 0.654491
vt 0.285880 0.660114
vt 0.283244 0.661103
vt 0.288673 0.659028
vt 0.291570 0.665930
vt 0.288713 0.666553
vt 0.294570 0.665279
vt 0.296984 0.673474
vt 0.293747 0.673739
vt 0.300476 0.673198
vt 0.290695 0.673951
vt 0.287652 0.674117
vt 0.285829 0.667180
vt 0.284535 0.674269
vt 0.283011 0.667809
vt 0.280441 0.662293
vt 0.279961 0.668698
vt 0.277287 0.663874
vt 0.273627 0.660136
vt 0.271242 0.663848
vt 0.269348 0.668169
vt 0.267747 0.672694
vt 0.266328 0.677506
vt 0.264017 0.676390
vt 0.268899 0.678468
vt 0.267451 0.683918
vt 0.264751 0.683110
vt 0.272588 0.679377
vt 0.271110 0.684908
vt 0.277595 0.680348
vt 0.276383 0.686336
vt 0.281633 0.680883
vt 0.281014 0.687449
vt 0.285029 0.681234
vt 0.281437 0.674294
vt 0.240104 0.676188
vt 0.237318 0.676269
vt 0.236644 0.669414
vt 0.234468 0.676530
vt 0.233870 0.669845
vt 0.232671 0.663224
vt 0.231264 0.670181
vt 0.230166 0.663741
vt 0.229016 0.657337
vt 0.227859 0.664216
vt 0.226710 0.657887
vt 0.225418 0.651539
vt 0.224502 0.658495
vt 0.223009 0.652258
vt 0.221129 0.645946
vt 0.220377 0.653247
vt 0.218040 0.647369
vt 0.215237 0.641605
vt 0.214480 0.649265
vt 0.217457 0.654374
vt 0.214573 0.655837
vt 0.211238 0.651388
vt 0.211895 0.657465
vt 0.208457 0.653738
vt 0.214285 0.661893
vt 0.216896 0.660851
vt 0.217893 0.666153
vt 0.215167 0.666682
vt 0.219475 0.659989
vt 0.220524 0.665570
vt 0.220733 0.671049
vt 0.222092 0.659181
vt 0.223083 0.665039
vt 0.223448 0.670915
vt 0.223491 0.676735
vt 0.220658 0.676459
vt 0.225494 0.664634
vt 0.225996 0.670760
vt 0.226250 0.676876
vt 0.228634 0.670550
vt 0.229085 0.676812
vt 0.231901 0.676693
vt 0.353059 0.595767
vt 0.362906 0.601004
vt 0.371062 0.603855
vt 0.373331 0.588928
vt 0.378168 0.605086
vt 0.207750 0.834889
vt 0.191973 0.822072
vt 0.206826 0.822967
vt 0.193693 0.809122
vt 0.206826 0.810136
vt 0.180787 0.807010
vt 0.184249 0.793805
vt 0.173110 0.790989
vt 0.176547 0.778874
vt 0.166493 0.775592
vt 0.171060 0.765574
vt 0.162916 0.761390
vt 0.167505 0.754399
vt 0.160318 0.749662
vt 0.163816 0.745207
vt 0.170493 0.750123
vt 0.166935 0.741509
vt 0.157779 0.739708
vt 0.161459 0.735847
vt 0.156296 0.729809
vt 0.180543 0.662222
vt 0.183564 0.657119
vt 0.183110 0.661770
vt 0.186669 0.657431
vt 0.185864 0.661236
vt 0.190395 0.658518
vt 0.188616 0.654224
vt 0.192087 0.656783
vt 0.194692 0.659584
vt 0.193606 0.660511
vt 0.196345 0.661747
vt 0.195558 0.662507
vt 0.195902 0.658915
vt 0.197192 0.661205
vt 0.198122 0.662739
vt 0.198090 0.660808
vt 0.198711 0.662442
vt 0.199167 0.663609
vt 0.198789 0.663886
vt 0.199618 0.664890
vt 0.199152 0.665181
vt 0.200165 0.666522
vt 0.199974 0.664530
vt 0.200824 0.666086
vt 0.201893 0.668236
vt 0.199567 0.663394
vt 0.199359 0.662230
vt 0.200203 0.662137
vt 0.199088 0.660555
vt 0.197238 0.658438
vt 0.194024 0.655624
vt 0.200677 0.684364
vt 0.197900 0.684884
vt 0.729850 0.169517
vt 0.842335 0.741811
vt 0.823409 0.756710
vt 0.790067 0.727888
vt 0.833866 0.712230
vt 0.865914 0.748972
vt 0.852311 0.772695
vt 0.877153 0.718397
vt 0.679952 0.887041
vt 0.669678 0.897276
vt 0.657609 0.873117
vt 0.672603 0.861846
vt 0.693505 0.894442
vt 0.682315 0.914427
vt 0.691146 0.854727
vt 0.611700 0.893603
vt 0.621697 0.882060
vt 0.630652 0.897370
vt 0.610637 0.910129
vt 0.596075 0.888542
vt 0.605806 0.870048
vt 0.585707 0.911620
vt 0.553492 0.851718
vt 0.557218 0.836366
vt 0.573460 0.844920
vt 0.562388 0.864027
vt 0.542457 0.887050
vt 0.532355 0.863859
vt 0.530768 0.834431
vt 0.913413 0.775434
vt 0.908861 0.793750
vt 0.879972 0.783893
vt 0.893974 0.761266
vt 0.910277 0.738936
vt 0.930482 0.765034
vt 0.936986 0.792146
vt 0.601721 0.794449
vt 0.622875 0.802991
vt 0.610948 0.821153
vt 0.589940 0.807739
vt 0.599302 0.778781
vt 0.631399 0.784847
vt 0.573584 0.792710
vt 0.769305 0.857186
vt 0.754769 0.812875
vt 0.795950 0.821065
vt 0.799648 0.867233
vt 0.752732 0.864080
vt 0.754369 0.907364
vt 0.715279 0.902391
vt 0.717232 0.854947
vt 0.645855 0.934489
vt 0.663598 0.927367
vt 0.679175 0.949432
vt 0.646371 0.956887
vt 0.613739 0.942192
vt 0.636838 0.917980
vt 0.653980 0.906061
vt 0.644375 0.885441
vt 0.632839 0.867822
vt 0.645449 0.853194
vt 0.630150 0.836143
vt 0.643429 0.818163
vt 0.659476 0.837895
vt 0.616842 0.853223
vt 0.599396 0.839732
vt 0.588419 0.857737
vt 0.580951 0.827021
vt 0.576319 0.877929
vt 0.560890 0.902808
vt 0.573056 0.948823
vt 0.537241 0.939552
vt 0.513118 0.916596
vt 0.499424 0.880521
vt 0.935079 0.818614
vt 0.934183 0.842167
vt 0.893909 0.839248
vt 0.898990 0.815812
vt 0.858122 0.832538
vt 0.866432 0.806826
vt 0.827587 0.827389
vt 0.837134 0.796787
vt 0.803943 0.783334
vt 0.762521 0.764635
vt 0.714698 0.733781
vt 0.754369 0.798777
vt 0.701468 0.811438
vt 0.674553 0.780641
vt 0.639318 0.760530
vt 0.648357 0.712230
vt 0.596124 0.757426
vt 0.585124 0.718750
vt 0.656411 0.801557
vt 0.675639 0.823626
vt 0.559188 0.774758
vt 0.535556 0.748370
vt 0.537599 0.803731
vt 0.505333 0.792289
vt 0.560566 0.815456
vt 0.496081 0.839163
vt 0.861657 0.869260
vt 0.829795 0.869573
vt 0.744589 0.947988
vt 0.714134 0.983240
vt 0.702412 0.928927
vt 0.897272 0.867157
vt 0.662730 0.999800
vt 0.936986 0.868102
vt 0.604298 0.983276
vt 0.561762 0.421429
vt 0.600303 0.419882
vt 0.594418 0.456296
vt 0.550355 0.447639
vt 0.546466 0.399477
vt 0.599356 0.375662
vt 0.517448 0.433508
vt 0.737109 0.520125
vt 0.772838 0.508129
vt 0.776718 0.562153
vt 0.727917 0.551517
vt 0.712814 0.500768
vt 0.745011 0.461924
vt 0.691453 0.535557
vt 0.123160 0.235050
vt 0.133430 0.255670
vt 0.107851 0.268805
vt 0.102005 0.231973
vt 0.133532 0.216504
vt 0.151421 0.236211
vt 0.109204 0.198314
vt 0.297642 0.199552
vt 0.317757 0.193016
vt 0.327575 0.224705
vt 0.298672 0.220579
vt 0.278579 0.213848
vt 0.284652 0.190685
vt 0.301133 0.172144
vt 0.573414 0.544370
vt 0.546303 0.551527
vt 0.542274 0.518174
vt 0.579495 0.522072
vt 0.591238 0.559345
vt 0.561784 0.582041
vt 0.610533 0.533116
vt 0.338338 0.052411
vt 0.316103 0.092292
vt 0.276518 0.076339
vt 0.303662 0.024596
vt 0.388826 0.070949
vt 0.357481 0.119227
vt 0.648816 0.711830
vt 0.621160 0.697085
vt 0.651884 0.662246
vt 0.681747 0.694460
vt 0.245084 0.211345
vt 0.255286 0.221408
vt 0.246489 0.233066
vt 0.234985 0.214546
vt 0.246183 0.198441
vt 0.261696 0.205116
vt 0.230596 0.196848
vt 0.208656 0.250034
vt 0.197880 0.237954
vt 0.209336 0.224722
vt 0.219573 0.245603
vt 0.222418 0.218995
vt 0.233994 0.241327
vt 0.248817 0.268635
vt 0.229669 0.275425
vt 0.208930 0.274606
vt 0.239397 0.308748
vt 0.208152 0.308400
vt 0.179316 0.298593
vt 0.188643 0.266393
vt 0.153710 0.279992
vt 0.169364 0.254275
vt 0.183841 0.226213
vt 0.198933 0.208325
vt 0.168944 0.210674
vt 0.187459 0.189963
vt 0.207819 0.178656
vt 0.214827 0.200064
vt 0.150816 0.190495
vt 0.173397 0.166717
vt 0.199977 0.151806
vt 0.227986 0.146718
vt 0.228831 0.174472
vt 0.156508 0.136592
vt 0.191481 0.118292
vt 0.228430 0.112788
vt 0.263696 0.117865
vt 0.255161 0.149534
vt 0.182264 0.072227
vt 0.231489 0.067590
vt 0.172926 0.001108
vt 0.245223 0.000200
vt 0.584255 0.672925
vt 0.548556 0.641491
vt 0.587916 0.610186
vt 0.618868 0.636054
vt 0.617502 0.581020
vt 0.648270 0.603616
vt 0.684571 0.629139
vt 0.725253 0.661531
vt 0.672072 0.571129
vt 0.710928 0.592412
vt 0.759353 0.615921
vt 0.495681 0.199416
vt 0.415025 0.218622
vt 0.393688 0.161927
vt 0.451940 0.119788
vt 0.495681 0.291760
vt 0.418586 0.281277
vt 0.365458 0.271192
vt 0.365058 0.224578
vt 0.472547 0.372417
vt 0.402024 0.346998
vt 0.350278 0.319408
vt 0.313971 0.295950
vt 0.326629 0.260480
vt 0.363036 0.422968
vt 0.316583 0.364338
vt 0.288147 0.326379
vt 0.266849 0.297458
vt 0.286379 0.275878
vt 0.261968 0.393762
vt 0.249918 0.345845
vt 0.197784 0.397383
vt 0.205923 0.346456
vt 0.138616 0.373924
vt 0.164055 0.333606
vt 0.092637 0.329557
vt 0.130085 0.306015
vt 0.067445 0.277035
vt 0.043158 0.354245
vt 0.012402 0.288421
vt 0.000200 0.218531
vt 0.062019 0.226039
vt 0.071485 0.177115
vt 0.012153 0.148249
vt 0.046518 0.084373
vt 0.095743 0.132634
vt 0.496081 0.515983
vt 0.501883 0.473540
vt 0.544486 0.482909
vt 0.501051 0.559545
vt 0.586878 0.490258
vt 0.637395 0.465572
vt 0.624772 0.501105
vt 0.676925 0.479727
vt 0.659237 0.516580
vt 0.640668 0.550526
vt 0.697438 0.436286
vt 0.649502 0.424473
vt 0.660706 0.372681
vt 0.720866 0.387077
vt 0.276288 0.467758
vt 0.776718 0.414045
vt 0.181025 0.466931
vt 0.100057 0.423038
vt 0.134787 0.095044
vt 0.127653 0.165724
vt 0.102902 0.030990
vt 0.519459 0.603453
vt 0.264102 0.255359
vt 0.273801 0.236558
vt 0.296908 0.249054
vt 0.446974 0.449087
vt 0.350932 0.182736
vt 0.326089 0.150861
vt 0.279850 0.158283
vt 0.296115 0.130367
vt 0.268419 0.182738
vt 0.249437 0.176644
vn 0.2331 -0.7302 0.6422
vn 0.3241 -0.7411 0.5880
vn 0.4439 -0.7725 0.4542
vn 0.3820 -0.8400 0.3853
vn -0.1655 0.4397 -0.8828
vn -0.1164 0.6142 -0.7805
vn -0.2570 0.5347 -0.8050
vn -0.3429 0.7970 0.4972
vn -0.1148 0.7372 0.6659
vn -0.3139 0.7225 0.6160
vn -0.2145 0.7345 0.6438
vn 0.5797 -0.7255 -0.3710
vn 0.5073 0.4649 0.7256
vn 0.3148 0.2956 0.9020
vn 0.2668 0.4848 0.8329
vn 0.5205 -0.7843 0.3376
vn 0.5988 -0.6926 0.4022
vn 0.4969 -0.7513 0.4344
vn 0.0621 -0.3931 0.9174
vn 0.0481 -0.2449 0.9683
vn -0.0362 -0.3170 0.9477
vn -0.2766 -0.9610 -0.0024
vn -0.3148 -0.9398 0.1333
vn -0.3895 -0.9209 0.0135
vn -0.5599 0.5610 0.6098
vn -0.5283 0.3368 0.7794
vn -0.3097 0.3655 0.8778
vn 0.5541 0.0333 -0.8318
vn 0.6396 0.0940 -0.7630
vn 0.6553 0.0105 -0.7553
vn 0.6960 0.6164 0.3682
vn 0.2523 0.9656 0.0622
vn 0.5752 0.7387 0.3512
vn 0.0284 0.9994 -0.0206
vn 0.0739 0.9901 0.1190
vn 0.7330 -0.1661 0.6596
vn 0.5191 -0.0634 0.8524
vn 0.5630 -0.1884 0.8047
vn 0.4323 0.6906 0.5799
vn 0.1558 0.7157 0.6808
vn 0.2389 0.8164 0.5258
vn 0.5820 -0.4118 -0.7012
vn 0.4894 -0.5765 -0.6544
vn 0.5200 -0.4546 -0.7231
vn 0.1268 -0.5198 0.8448
vn 0.0833 -0.6471 0.7578
vn -0.0266 -0.4960 0.8679
vn 0.6546 -0.4057 0.6378
vn 0.5457 -0.5097 0.6651
vn 0.6558 -0.4827 0.5805
vn 0.6511 -0.5973 0.4682
vn 0.5889 -0.6782 0.4396
vn 0.2610 -0.2227 -0.9393
vn 0.2039 -0.1530 -0.9670
vn 0.1612 -0.2399 -0.9573
vn -0.7634 0.0637 0.6428
vn -0.6515 0.1063 0.7512
vn -0.5528 0.0855 0.8289
vn -0.5451 -0.0475 0.8371
vn -0.6026 -0.1205 0.7889
vn -0.3604 -0.7144 0.5997
vn -0.1132 -0.6370 0.7625
vn -0.4200 -0.5421 0.7278
vn -0.7607 -0.3194 -0.5651
vn -0.7742 -0.3094 -0.5521
vn -0.7667 -0.2978 -0.5688
vn 0.0704 -0.4725 0.8785
vn -0.0737 -0.3202 0.9445
vn 0.3770 -0.3267 0.8667
vn 0.0825 -0.1408 0.9866
vn 0.2961 -0.2318 0.9266
vn 0.1450 -0.8765 0.4590
vn 0.0605 0.5992 0.7983
vn -0.6726 0.4239 0.6066
vn -0.3923 -0.1509 0.9074
vn -0.5697 -0.0457 0.8206
vn 0.0184 -0.0093 0.9998
vn -0.3977 0.4686 0.7888
vn -0.4990 0.4537 0.7383
vn -0.5268 0.4857 0.6976
vn -0.7914 0.2332 0.5651
vn -0.8064 0.3912 0.4435
vn -0.7543 0.3232 0.5715
vn -0.0789 0.4988 0.8631
vn -0.0951 0.6660 0.7399
vn -0.1948 0.5055 0.8405
vn -0.0973 0.7319 0.6744
vn -0.2482 0.5608 0.7899
vn 0.2098 0.5289 0.8223
vn 0.3235 0.3698 0.8710
vn 0.2796 0.4952 0.8226
vn 0.0158 0.9438 0.3301
vn -0.0041 0.9588 0.2840
vn 0.0797 0.9401 0.3314
vn 0.5381 -0.5737 0.6176
vn 0.5226 -0.5116 0.6820
vn 0.6369 -0.5397 0.5505
vn 0.8015 -0.2620 0.5375
vn 0.7777 -0.1650 0.6066
vn 0.6460 -0.3374 0.6847
vn 0.1979 -0.8961 0.3974
vn 0.0886 -0.8198 0.5657
vn 0.1669 -0.8775 0.4496
vn 0.0403 -0.3246 -0.9450
vn 0.0781 -0.3464 -0.9348
vn 0.0455 -0.1863 -0.9814
vn 0.1475 -0.3737 -0.9157
vn 0.1065 -0.2423 -0.9643
vn 0.0681 -0.3168 -0.9460
vn -0.2785 -0.7041 0.6532
vn -0.2704 -0.6899 0.6716
vn -0.4383 -0.6246 0.6463
vn -0.2518 -0.3434 -0.9048
vn -0.2112 -0.4416 -0.8720
vn -0.2719 -0.6547 -0.7054
vn -0.1214 -0.2336 0.9647
vn -0.2405 -0.2997 0.9232
vn -0.2142 -0.3362 0.9171
vn -0.0966 -0.0057 -0.9953
vn -0.1160 -0.1488 -0.9820
vn -0.0890 -0.1718 -0.9811
vn 0.5158 -0.6214 0.5897
vn 0.0414 -0.6260 0.7787
vn 0.2047 -0.3857 0.8996
vn 0.8687 0.0454 0.4932
vn 0.6141 -0.1153 0.7808
vn 0.4531 0.0169 0.8913
vn 0.4658 0.5862 0.6629
vn -0.3699 -0.4946 0.7864
vn -0.4417 -0.6036 0.6638
vn -0.5311 -0.6472 0.5469
vn -0.0767 -0.5369 0.8401
vn -0.3294 -0.8181 0.4713
vn -0.2326 -0.6278 0.7428
vn -0.1440 -0.7282 0.6701
vn -0.1374 -0.6238 0.7694
vn -0.1415 0.9624 0.2320
vn -0.2492 0.9556 0.1575
vn -0.3026 0.8788 0.3689
vn -0.1304 -0.9207 0.3679
vn -0.0060 -0.9621 0.2725
vn -0.0651 -0.9289 0.3646
vn -0.7555 -0.3088 0.5778
vn -0.5107 -0.3511 0.7848
vn -0.4196 -0.1398 0.8969
vn -0.8156 0.2028 0.5419
vn -0.4808 0.0806 0.8731
vn -0.0030 0.9875 0.1579
vn -0.0134 0.9323 0.3614
vn -0.1412 0.9807 0.1352
vn -0.0395 0.9896 0.1386
vn -0.1417 0.9288 0.3425
vn -0.6089 0.7609 0.2243
vn -0.6483 0.7305 0.2145
vn -0.5848 0.7502 0.3084
vn 0.1623 0.9404 0.2990
vn 0.1996 0.9734 0.1121
vn 0.1768 0.9745 0.1385
vn 0.2307 0.9651 0.1243
vn -0.3239 -0.9453 -0.0377
vn -0.2993 -0.9534 -0.0372
vn -0.2938 -0.9547 -0.0476
vn 0.1785 0.7297 0.6601
vn 0.6531 0.6179 0.4378
vn 0.4907 0.6266 0.6055
vn -0.2311 0.1285 0.9644
vn -0.2336 0.2445 0.9411
vn 0.3820 -0.7951 0.4711
vn 0.4230 -0.6834 0.5950
vn 0.3038 -0.8299 0.4680
vn 0.2369 0.8263 0.5110
vn 0.3787 0.5938 0.7099
vn 0.0002 0.7198 0.6942
vn 0.3987 -0.8536 0.3353
vn 0.3321 -0.8905 0.3111
vn 0.5041 0.8608 0.0707
vn 0.7480 0.3649 0.5543
vn 0.4786 0.7216 0.5003
vn 0.8568 0.2283 0.4623
vn 0.1302 0.9367 -0.3251
vn -0.0120 0.9931 -0.1163
vn -0.0677 0.9547 -0.2899
vn -0.5318 0.7185 0.4482
vn -0.4281 0.6218 0.6558
vn -0.6231 0.4248 0.6567
vn -0.4973 0.5940 0.6324
vn -0.7986 0.3254 0.5064
vn -0.6687 -0.1333 0.7315
vn -0.5716 0.0936 0.8152
vn -0.7018 0.3087 0.6420
vn -0.4243 -0.2270 0.8766
vn -0.0786 -0.0456 0.9959
vn -0.3153 0.3567 0.8794
vn 0.3041 0.2240 0.9259
vn 0.0749 0.5661 0.8209
vn 0.0022 0.6260 0.7798
vn -0.0833 0.8234 0.5613
vn -0.2009 0.7818 0.5903
vn -0.1838 0.8904 0.4163
vn -0.3804 0.8376 0.3920
vn -0.2814 0.8901 0.3585
vn -0.4194 0.8405 0.3430
vn -0.2537 0.8157 0.5199
vn -0.3338 0.7865 0.5196
vn -0.0181 0.4829 0.8755
vn -0.0741 0.4858 0.8709
vn 0.1995 0.0472 0.9788
vn 0.1491 0.0310 0.9883
vn -0.1030 -0.0018 0.9947
vn 0.2288 -0.1131 0.9669
vn 0.0140 -0.2308 0.9729
vn -0.1715 -0.2576 0.9509
vn 0.1824 -0.2831 0.9416
vn -0.0556 -0.3209 0.9455
vn 0.1392 -0.5729 0.8078
vn -0.2192 -0.4729 0.8534
vn -0.3556 -0.2533 0.8996
vn -0.1590 -0.6830 0.7129
vn -0.5838 -0.2573 0.7700
vn -0.5923 -0.2283 0.7727
vn -0.7512 0.0855 0.6546
vn -0.7962 0.0270 0.6044
vn -0.7950 0.3083 0.5223
vn -0.8582 0.2123 0.4673
vn -0.7937 0.1892 0.5781
vn -0.8533 0.3410 0.3944
vn -0.7731 0.2794 0.5695
vn -0.5727 0.2027 0.7943
vn -0.7354 0.3795 0.5614
vn -0.5442 0.2958 0.7851
vn -0.1740 0.1121 0.9783
vn -0.5070 0.4005 0.7633
vn -0.1679 0.1697 0.9711
vn 0.2489 -0.1453 0.9576
vn -0.1428 0.2796 0.9494
vn 0.2333 -0.0573 0.9707
vn 0.4750 -0.2597 0.8408
vn 0.1974 0.0564 0.9787
vn 0.4299 -0.1708 0.8866
vn 0.3532 -0.0655 0.9333
vn 0.5071 -0.2290 0.8309
vn 0.5644 -0.2840 0.7751
vn 0.6799 -0.3679 0.6343
vn 0.6183 -0.3477 0.7049
vn 0.6514 -0.3943 0.6482
vn 0.7384 -0.3361 0.5846
vn 0.6976 -0.3867 0.6031
vn 0.7642 -0.3866 0.5163
vn 0.6109 -0.3195 0.7244
vn 0.5292 -0.3313 0.7811
vn 0.6811 -0.2132 0.7005
vn 0.3781 -0.1108 0.9191
vn 0.2883 -0.1444 0.9466
vn 0.5015 -0.0423 0.8641
vn -0.1699 0.0718 0.9828
vn -0.1886 0.0746 0.9792
vn 0.6003 0.0638 0.7973
vn -0.0812 0.1267 0.9886
vn 0.6481 0.2029 0.7340
vn 0.1134 0.1859 0.9760
vn 0.6814 0.2872 0.6733
vn 0.3483 0.2486 0.9038
vn 0.4406 0.3434 0.8295
vn -0.0329 0.2056 0.9781
vn -0.2999 0.1262 0.9456
vn -0.3879 0.0614 0.9197
vn -0.4636 0.0263 0.8856
vn -0.4255 0.0739 0.9019
vn -0.3392 -0.0129 0.9406
vn -0.3399 0.1941 0.9202
vn -0.1957 -0.0215 0.9804
vn -0.4872 0.0045 0.8733
vn -0.5252 0.0794 0.8473
vn -0.3975 -0.1420 0.9066
vn -0.5438 -0.1967 0.8158
vn -0.4606 -0.3460 0.8174
vn -0.6257 -0.3874 0.6771
vn -0.6684 -0.1234 0.7335
vn -0.6977 -0.3057 0.6479
vn -0.7278 0.0961 0.6790
vn -0.5250 -0.5296 0.6662
vn -0.5799 -0.5162 0.6303
vn -0.3012 -0.6841 0.6643
vn -0.2870 -0.6342 0.7179
vn -0.5558 -0.3809 0.7389
vn 0.0951 -0.8083 0.5810
vn 0.0574 -0.7479 0.6613
vn -0.2697 -0.4627 0.8445
vn 0.3296 -0.5073 0.7963
vn 0.1093 -0.2589 0.9597
vn 0.4446 -0.3406 0.8284
vn 0.4078 -0.0829 0.9093
vn 0.1029 -0.2907 0.9513
vn 0.0521 0.0701 0.9962
vn -0.1925 0.2052 0.9596
vn -0.2599 0.4611 0.8484
vn 0.0391 0.3641 0.9305
vn -0.2031 0.5616 0.8021
vn -0.3421 0.7558 0.5583
vn -0.3024 0.6874 0.6603
vn -0.3795 0.8232 0.4223
vn -0.2883 0.8109 0.5092
vn -0.3836 0.8245 0.4160
vn -0.2428 0.8639 0.4412
vn -0.3769 0.7847 0.4922
vn -0.2178 0.8695 0.4433
vn -0.3269 0.6489 0.6870
vn -0.2167 0.7731 0.5961
vn -0.1792 0.3002 0.9369
vn -0.1163 0.3785 0.9183
vn -0.0326 -0.1000 0.9945
vn 0.0164 -0.0138 0.9998
vn 0.0405 -0.3179 0.9473
vn 0.0802 -0.2496 0.9650
vn 0.2385 -0.0862 0.9673
vn 0.0695 -0.3401 0.9378
vn 0.2371 -0.2131 0.9478
vn 0.3168 -0.1983 0.9275
vn 0.2860 -0.5074 0.8129
vn 0.3894 -0.5375 0.7479
vn 0.3185 -0.8315 0.4553
vn 0.2728 -0.8385 0.4718
vn 0.3464 -0.5724 0.7432
vn 0.1538 -0.9019 0.4035
vn 0.0302 -0.8100 0.5857
vn 0.1260 -0.8156 0.5647
vn 0.1375 -0.7311 0.6683
vn -0.0111 -0.5830 0.8124
vn -0.1216 -0.6353 0.7626
vn -0.1958 -0.3376 0.9207
vn -0.4046 -0.2453 0.8810
vn -0.3927 0.0184 0.9195
vn -0.5915 0.1244 0.7967
vn -0.5247 0.3463 0.7776
vn -0.6615 0.4087 0.6288
vn -0.5885 0.5500 0.5927
vn -0.6569 0.6131 0.4388
vn -0.7774 0.4878 0.3971
vn -0.6464 0.6727 0.3600
vn -0.7281 0.5826 0.3612
vn -0.8157 0.4453 0.3693
vn -0.6573 0.6803 0.3242
vn -0.7330 0.5766 0.3609
vn -0.6833 0.5082 0.5243
vn -0.6136 0.7004 0.3646
vn -0.5794 0.6364 0.5092
vn -0.4460 0.5306 0.7208
vn -0.4916 0.7223 0.4863
vn -0.3812 0.6338 0.6730
vn -0.3540 0.6923 0.6288
vn -0.1313 0.4686 0.8736
vn -0.1271 0.3870 0.9133
vn -0.1271 0.5602 0.8186
vn 0.1113 0.2495 0.9620
vn 0.1462 0.1507 0.9777
vn 0.0359 0.3193 0.9470
vn 0.1777 0.0370 0.9834
vn 0.2768 0.0212 0.9607
vn 0.2892 -0.2699 0.9184
vn 0.4117 -0.2363 0.8802
vn 0.3614 -0.4835 0.7972
vn 0.4958 -0.4603 0.7364
vn 0.6141 -0.4100 0.6744
vn 0.5411 -0.5926 0.5967
vn 0.6412 -0.5414 0.5438
vn 0.5606 -0.6571 0.5039
vn 0.6193 -0.6179 0.4844
vn 0.4080 -0.6127 0.6768
vn 0.4327 -0.6885 0.5820
vn 0.3211 -0.7020 0.6357
vn 0.2883 -0.7039 0.6492
vn 0.4400 -0.6403 0.6296
vn 0.2440 -0.6103 0.7536
vn 0.4141 -0.5443 0.7296
vn 0.2123 -0.6072 0.7657
vn 0.3441 -0.6873 0.6397
vn 0.0465 -0.5859 0.8091
vn -0.0520 -0.6345 0.7712
vn 0.1156 -0.8073 0.5787
vn -0.1734 -0.7499 0.6384
vn -0.0088 -0.9203 0.3910
vn 0.0704 -0.9429 0.3255
vn -0.1107 -0.9270 0.3583
vn -0.0251 -0.9162 0.4000
vn -0.0052 -0.8702 0.4926
vn -0.0648 -0.8596 0.5068
vn -0.0213 -0.8862 0.4629
vn -0.0118 -0.9959 0.0892
vn -0.0052 -0.9104 0.4138
vn 0.0132 -0.9996 -0.0248
vn 0.0118 -0.9191 -0.3939
vn 0.0444 -0.9934 -0.1061
vn 0.0479 -0.9082 -0.4157
vn 0.0306 -0.8364 -0.5473
vn 0.0602 -0.8987 -0.4344
vn 0.0426 -0.8178 -0.5740
vn -0.0009 -0.7372 -0.6756
vn 0.0466 -0.7883 -0.6136
vn 0.0037 -0.6994 -0.7147
vn -0.0585 -0.5014 -0.8633
vn -0.0485 -0.6486 -0.7596
vn -0.0810 -0.4883 -0.8689
vn -0.1449 -0.5836 -0.7990
vn -0.1467 -0.4699 -0.8704
vn -0.2327 -0.5273 -0.8172
vn -0.2075 -0.4401 -0.8737
vn -0.2617 -0.4109 -0.8733
vn -0.0966 -0.1295 -0.9869
vn -0.0953 -0.1301 -0.9869
vn -0.0208 -0.0116 -0.9997
vn -0.0646 0.0082 -0.9979
vn -0.1220 -0.2332 -0.9647
vn -0.1914 -0.1615 -0.9681
vn -0.3677 -0.4492 -0.8142
vn -0.3702 -0.3195 -0.8723
vn -0.2063 -0.0972 -0.9737
vn -0.4840 -0.6746 -0.5574
vn -0.4865 -0.6174 -0.6182
vn -0.5097 -0.7232 -0.4660
vn -0.4361 -0.7490 -0.4989
vn -0.3659 -0.6962 -0.6176
vn -0.2127 -0.7115 -0.6697
vn -0.2676 -0.7689 -0.5807
vn -0.0422 -0.7375 -0.6741
vn 0.0161 -0.7952 -0.6062
vn 0.0609 -0.6565 -0.7519
vn 0.2112 -0.8096 -0.5477
vn 0.2207 -0.5760 -0.7871
vn 0.3451 -0.8002 -0.4905
vn 0.2975 -0.5116 -0.8061
vn 0.4844 -0.7413 -0.4647
vn 0.3386 -0.4766 -0.8113
vn 0.2774 -0.4592 -0.8439
vn 0.0400 -0.1797 -0.9829
vn 0.0908 -0.2010 -0.9754
vn 0.0440 -0.1822 -0.9823
vn 0.0369 -0.1698 -0.9848
vn 0.1629 -0.3655 -0.9164
vn 0.1053 -0.3614 -0.9264
vn 0.1984 -0.4608 -0.8651
vn 0.1329 -0.5222 -0.8424
vn 0.1007 -0.6142 -0.7827
vn 0.0131 -0.6878 -0.7257
vn 0.0647 -0.5775 -0.8138
vn -0.0115 -0.7409 -0.6716
vn 0.0243 -0.5931 -0.8047
vn -0.0084 -0.7701 -0.6379
vn 0.0317 -0.5670 -0.8231
vn 0.0002 -0.7812 -0.6243
vn 0.0620 -0.5449 -0.8362
vn 0.0016 -0.7798 -0.6260
vn 0.0221 -0.5479 -0.8363
vn -0.0085 -0.7665 -0.6422
vn -0.0973 -0.5596 -0.8230
vn -0.0214 -0.8509 -0.5249
vn 0.0069 -0.8495 -0.5275
vn -0.0402 -0.8442 -0.5346
vn -0.0467 -0.9512 -0.3052
vn -0.0249 -0.9342 -0.3560
vn -0.0704 -0.9637 -0.2576
vn -0.0232 -0.9533 0.3010
vn -0.0251 -0.9790 0.2022
vn -0.0560 -0.9673 -0.2473
vn -0.0164 -0.9408 0.3385
vn 0.0830 -0.9464 -0.3121
vn 0.1037 -0.9584 0.2659
vn 0.2801 -0.9552 0.0957
vn 0.2345 -0.8216 0.5196
vn 0.1207 -0.7878 0.6040
vn 0.2258 -0.7203 0.6559
vn 0.1835 -0.7974 0.5748
vn 0.2921 -0.6962 0.6557
vn 0.3415 -0.7506 0.5657
vn 0.4457 -0.5664 0.6932
vn 0.5194 -0.5396 0.6626
vn 0.6596 -0.2771 0.6986
vn 0.6827 -0.3927 0.6162
vn 0.3604 -0.5331 0.7655
vn 0.4678 -0.2493 0.8479
vn 0.3668 -0.5410 0.7568
vn 0.3107 -0.3198 0.8951
vn 0.3438 -0.4277 0.8360
vn 0.1883 -0.2434 0.9515
vn 0.2713 -0.0870 0.9585
vn 0.0749 -0.1326 0.9883
vn 0.2850 -0.1071 0.9525
vn 0.0782 -0.2720 0.9591
vn 0.3675 -0.3685 0.8539
vn 0.4087 -0.6528 0.6378
vn 0.6543 -0.6621 0.3654
vn 0.6725 -0.4574 0.5819
vn 0.7106 -0.5894 0.3843
vn 0.7988 -0.3939 0.4547
vn 0.4634 -0.4810 0.7443
vn 0.2943 -0.3971 0.8693
vn 0.6179 -0.4613 0.6367
vn 0.3642 -0.4751 0.8010
vn 0.6834 -0.4255 0.5933
vn 0.5481 -0.5250 0.6511
vn 0.6239 -0.6051 0.4946
vn 0.4544 -0.5733 0.6818
vn 0.5215 -0.6723 0.5255
vn 0.5842 -0.7691 0.2594
vn 0.4227 -0.6440 0.6376
vn 0.4963 -0.7491 0.4387
vn 0.5538 -0.8295 0.0716
vn 0.3464 -0.7152 0.6071
vn 0.4144 -0.8519 0.3203
vn 0.5126 -0.6863 -0.5161
vn 0.5940 -0.7938 -0.1305
vn 0.5256 -0.7700 -0.3618
vn 0.4277 -0.6095 -0.6675
vn 0.4465 -0.8833 -0.1430
vn 0.3832 -0.7214 -0.5769
vn 0.3161 -0.5583 -0.7670
vn 0.2654 -0.8585 -0.4387
vn 0.2185 -0.6454 -0.7320
vn 0.3282 -0.4416 -0.8350
vn 0.3592 -0.4968 -0.7900
vn 0.2834 -0.4820 -0.8291
vn 0.3435 -0.3969 -0.8512
vn 0.3626 -0.4506 -0.8158
vn 0.3698 -0.3745 -0.8503
vn 0.4233 -0.4569 -0.7823
vn 0.4204 -0.5470 -0.7239
vn 0.4618 -0.3355 -0.8211
vn 0.6397 -0.4563 -0.6185
vn 0.5400 -0.5902 -0.6000
vn 0.8126 -0.5526 -0.1853
vn 0.6706 -0.7090 -0.2183
vn 0.8067 -0.5136 0.2923
vn 0.6890 -0.6959 0.2023
vn 0.8708 -0.3303 0.3640
vn 0.7894 -0.2775 0.5475
vn 0.7217 -0.4315 0.5412
vn 0.9002 -0.2158 0.3784
vn 0.8173 -0.1513 0.5559
vn 0.8014 -0.0601 0.5952
vn 0.7449 0.0069 0.6671
vn 0.8226 -0.0975 0.5603
vn 0.7067 0.1185 0.6975
vn 0.7948 0.0278 0.6062
vn 0.3675 0.3400 0.8656
vn 0.5062 0.3825 0.7730
vn 0.5830 0.4122 0.7002
vn 0.5405 0.1979 0.8177
vn 0.5386 0.1585 0.8275
vn 0.4707 -0.0351 0.8816
vn 0.4621 -0.1083 0.8802
vn 0.4228 -0.3383 0.8407
vn 0.3092 -0.3809 0.8714
vn 0.3734 -0.4776 0.7952
vn 0.1376 -0.5977 0.7898
vn 0.0829 -0.5321 0.8426
vn 0.3591 -0.6438 0.6757
vn 0.5290 -0.0278 0.8481
vn 0.5148 -0.2391 0.8233
vn 0.7539 -0.2024 0.6250
vn 0.6893 -0.2683 0.6729
vn 0.8067 -0.1716 0.5655
vn 0.8805 -0.2957 0.3706
vn 0.8152 -0.3434 0.4665
vn 0.9159 -0.2158 0.3383
vn 0.8482 -0.1499 0.5081
vn 0.8240 -0.2807 0.4921
vn 0.8562 0.0187 0.5164
vn 0.7565 0.0522 0.6519
vn 0.7251 -0.0832 0.6836
vn 0.8633 0.2000 0.4635
vn 0.7756 0.1952 0.6003
vn 0.8672 0.3291 0.3736
vn 0.7886 0.3086 0.5319
vn 0.8614 0.4056 0.3058
vn 0.8015 0.3926 0.4511
vn 0.8199 0.4090 0.4006
vn 0.7161 0.3932 0.5767
vn 0.6990 0.3733 0.6100
vn 0.7183 0.4110 0.5614
vn 0.5650 0.3430 0.7504
vn 0.5000 0.3456 0.7941
vn 0.2989 0.2065 0.9317
vn 0.1749 0.2419 0.9544
vn -0.1072 0.0090 0.9942
vn -0.2786 0.0803 0.9571
vn 0.3589 0.2053 0.9105
vn 0.0093 -0.0327 0.9994
vn 0.1122 -0.1164 0.9869
vn -0.1564 -0.3319 0.9302
vn -0.2706 -0.2247 0.9361
vn -0.1305 -0.4162 0.8999
vn -0.2838 -0.5759 0.7667
vn -0.3850 -0.4707 0.7939
vn -0.0591 -0.6136 0.7874
vn 0.0491 -0.6640 0.7461
vn -0.3153 -0.6498 0.6916
vn 0.4258 -0.5675 0.7048
vn 0.3872 -0.7086 0.5899
vn 0.1315 -0.7385 0.6613
vn 0.3562 -0.7558 0.5495
vn 0.3316 -0.7966 0.5054
vn 0.3237 -0.8111 0.4872
vn 0.3007 -0.7769 0.5531
vn 0.3478 -0.7596 0.5495
vn 0.4012 -0.7422 0.5368
vn 0.3314 -0.7984 0.5027
vn 0.3310 -0.6067 0.7227
vn 0.3217 -0.6191 0.7164
vn 0.4076 -0.7901 0.4579
vn 0.1171 -0.3517 0.9288
vn 0.0509 -0.4448 0.8942
vn 0.3022 -0.6395 0.7069
vn 0.0008 -0.4941 0.8694
vn 0.3542 -0.6174 0.7024
vn -0.0210 -0.5019 0.8646
vn 0.4766 -0.5725 0.6671
vn 0.6942 -0.5861 0.4177
vn 0.5608 -0.5825 0.5883
vn 0.7083 -0.5084 0.4898
vn 0.5719 -0.5274 0.6283
vn 0.5967 -0.3233 0.7344
vn 0.1407 -0.5252 0.8392
vn 0.2916 0.0153 0.9564
vn -0.0436 -0.1814 0.9824
vn 0.4313 -0.2809 0.8573
vn 0.0774 0.1805 0.9805
vn -0.0140 0.3483 0.9373
vn -0.0449 -0.1454 0.9884
vn -0.2416 0.4345 0.8676
vn -0.2173 0.5185 0.8270
vn -0.3212 0.7994 0.5077
vn -0.3910 0.7585 0.5213
vn -0.3181 0.9132 0.2548
vn -0.4101 0.8480 0.3358
vn -0.2907 0.9277 0.2340
vn -0.3563 0.8602 0.3650
vn -0.2447 0.8921 0.3799
vn -0.2937 0.8389 0.4583
vn -0.1808 0.7014 0.6895
vn -0.1933 0.7057 0.6817
vn -0.0447 0.2979 0.9536
vn -0.0301 0.3117 0.9497
vn 0.0851 -0.0080 0.9963
vn 0.1186 -0.0694 0.9905
vn 0.1471 -0.1659 0.9751
vn 0.2110 -0.1986 0.9571
vn 0.1583 -0.2816 0.9464
vn 0.2461 -0.2224 0.9434
vn 0.0743 -0.3256 0.9426
vn 0.2950 -0.3851 0.8744
vn 0.1777 -0.4477 0.8763
vn 0.1322 -0.5178 0.8452
vn 0.3306 -0.7126 0.6188
vn 0.2539 -0.7848 0.5654
vn 0.3285 -0.7423 0.5840
vn 0.0823 -0.8417 0.5337
vn 0.0203 -0.9828 0.1833
vn 0.2586 -0.9314 0.2562
vn -0.0023 -0.9913 0.1315
vn 0.1943 -0.9683 0.1572
vn 0.4010 -0.8910 0.2128
vn 0.1935 -0.9400 0.2810
vn 0.3821 -0.8914 0.2437
vn 0.2673 -0.9186 0.2911
vn 0.3413 -0.8756 0.3418
vn 0.2078 -0.9223 0.3259
vn 0.2071 -0.9264 0.3146
vn 0.1774 -0.9106 0.3732
vn 0.2709 -0.8373 0.4749
vn 0.1384 -0.9035 0.4056
vn 0.2198 -0.8019 0.5555
vn 0.0946 -0.8260 0.5557
vn 0.2918 -0.5248 0.7997
vn -0.0076 -0.6063 0.7952
vn 0.2905 -0.1384 0.9468
vn -0.0825 -0.3063 0.9483
vn 0.2337 0.1298 0.9636
vn -0.1517 0.0418 0.9875
vn 0.1485 0.2849 0.9470
vn -0.2045 0.3241 0.9236
vn 0.0285 0.4245 0.9050
vn -0.2564 0.5319 0.8071
vn -0.1542 0.6438 0.7495
vn -0.3162 0.7098 0.6294
vn -0.6122 0.6526 0.4465
vn -0.3617 0.7776 0.5143
vn -0.6215 0.6866 0.3772
vn -0.6409 0.7104 0.2908
vn -0.6199 0.7266 0.2962
vn -0.6466 0.7254 0.2362
vn -0.3966 0.8453 0.3579
vn -0.4160 0.8890 0.1914
vn -0.5910 0.7823 0.1968
vn -0.4128 0.9061 0.0923
vn -0.5390 0.8295 0.1464
vn -0.3929 0.9138 0.1027
vn -0.4830 0.8585 0.1724
vn -0.5550 0.7815 0.2850
vn -0.4195 0.8543 0.3069
vn -0.4834 0.7764 0.4043
vn -0.3600 0.8953 0.2623
vn -0.2851 0.8085 0.5148
vn -0.3121 0.7630 0.5661
vn -0.2209 0.8676 0.4454
vn -0.1149 0.6899 0.7147
vn -0.1528 0.6284 0.7628
vn 0.0426 0.7688 0.6381
vn 0.1225 0.4899 0.8632
vn 0.0065 0.4026 0.9153
vn 0.1759 0.1929 0.9653
vn 0.1252 0.0871 0.9883
vn 0.2285 -0.1005 0.9684
vn 0.2221 -0.2208 0.9497
vn 0.2579 -0.3753 0.8903
vn 0.2844 -0.4482 0.8475
vn 0.2625 -0.5488 0.7937
vn 0.3207 -0.5905 0.7406
vn 0.1917 -0.5037 0.8423
vn 0.1353 -0.6996 0.7016
vn 0.2269 -0.7139 0.6624
vn 0.0804 -0.8037 0.5895
vn 0.1603 -0.7727 0.6142
vn 0.0111 -0.8121 0.5834
vn 0.0952 -0.7039 0.7039
vn -0.0449 -0.8569 0.5135
vn -0.0870 -0.8310 0.5494
vn -0.0580 -0.7107 0.7011
vn -0.0769 -0.8635 0.4985
vn -0.1017 -0.8648 0.4917
vn -0.1326 -0.8733 0.4688
vn -0.1898 -0.7857 0.5888
vn -0.1619 -0.7686 0.6189
vn -0.2796 -0.6966 0.6607
vn -0.2963 -0.6669 0.6837
vn -0.2479 -0.8074 0.5354
vn -0.2213 -0.8239 0.5218
vn -0.1327 -0.8870 0.4424
vn -0.1556 -0.8153 0.5578
vn -0.0863 -0.8268 0.5558
vn -0.0375 -0.8178 0.5743
vn -0.0486 -0.7627 0.6450
vn 0.0018 -0.8193 0.5733
vn 0.0239 -0.9444 0.3280
vn -0.0089 -0.8506 0.5257
vn 0.0313 -0.9734 0.2269
vn 0.0566 -0.9852 -0.1615
vn 0.0448 -0.9875 0.1514
vn 0.0806 -0.9734 -0.2146
vn 0.0757 -0.8792 -0.4705
vn 0.0232 -0.9603 -0.2782
vn 0.0204 -0.8406 -0.5413
vn -0.0072 -0.7350 -0.6780
vn -0.1341 -0.7828 -0.6077
vn -0.1320 -0.6597 -0.7398
vn -0.2768 -0.7097 -0.6478
vn -0.2463 -0.5906 -0.7685
vn -0.3743 -0.6351 -0.6756
vn -0.3309 -0.5400 -0.7739
vn -0.3705 -0.5073 -0.7781
vn -0.3408 -0.4550 -0.8227
vn -0.3029 -0.4846 -0.8206
vn -0.3504 -0.4263 -0.8340
vn -0.3069 -0.3552 -0.8830
vn -0.2961 -0.3778 -0.8773
vn -0.1377 -0.2116 -0.9676
vn -0.1083 -0.1522 -0.9824
vn -0.0050 -0.1816 -0.9834
vn 0.0112 -0.0795 -0.9968
vn -0.0409 -0.3625 -0.9311
vn -0.0537 -0.3084 -0.9497
vn -0.2073 -0.5526 -0.8072
vn -0.2426 -0.5584 -0.7933
vn -0.4465 -0.6441 -0.6211
vn -0.4692 -0.6778 -0.5661
vn -0.3095 -0.5223 -0.7946
vn -0.5513 -0.5907 -0.5892
vn -0.5537 -0.6548 -0.5145
vn -0.6147 -0.5844 -0.5297
vn -0.5696 -0.6099 -0.5510
vn -0.5339 -0.6216 -0.5731
vn -0.4369 -0.6524 -0.6193
vn -0.4841 -0.6561 -0.5790
vn -0.2869 -0.5395 -0.7916
vn -0.1894 -0.5440 -0.8174
vn -0.3031 -0.6748 -0.6729
vn -0.0964 -0.5512 -0.8288
vn -0.1641 -0.6821 -0.7126
vn -0.0221 -0.5518 -0.8337
vn -0.0635 -0.6863 -0.7245
vn 0.0654 -0.5558 -0.8287
vn 0.0546 -0.6940 -0.7179
vn 0.1042 -0.7983 -0.5931
vn 0.2174 -0.6892 -0.6912
vn 0.2741 -0.8388 -0.4704
vn 0.3932 -0.6690 -0.6307
vn 0.4748 -0.7982 -0.3706
vn 0.5489 -0.6291 -0.5504
vn 0.5669 -0.7509 -0.3388
vn 0.5214 -0.4264 -0.7391
vn 0.6403 -0.3812 -0.6668
vn 0.6330 -0.6113 -0.4750
vn 0.4718 -0.2808 -0.8358
vn 0.5773 -0.1972 -0.7924
vn 0.5173 -0.0950 -0.8505
vn 0.5268 -0.0840 -0.8459
vn 0.5570 -0.1877 -0.8090
vn 0.4798 -0.1162 -0.8697
vn 0.5003 -0.2068 -0.8408
vn 0.4595 -0.2190 -0.8608
vn 0.6406 -0.3028 -0.7056
vn 0.5860 -0.3453 -0.7331
vn 0.6981 -0.2418 -0.6739
vn 0.5918 -0.3248 -0.7377
vn 0.5817 -0.0596 -0.8112
vn 0.4841 -0.1479 -0.8624
vn 0.3430 0.0137 -0.9392
vn 0.2457 -0.1113 -0.9629
vn 0.3379 -0.2853 -0.8969
vn 0.1510 -0.1521 -0.9768
vn 0.2600 -0.3518 -0.8992
vn 0.0866 -0.1446 -0.9857
vn 0.2270 -0.3951 -0.8901
vn 0.4638 -0.6617 -0.5891
vn 0.2303 -0.4273 -0.8743
vn 0.4963 -0.6827 -0.5364
vn 0.0421 -0.1556 -0.9869
vn 0.1741 -0.1976 -0.9647
vn 0.1009 -0.1958 -0.9754
vn 0.2581 -0.3004 -0.9182
vn 0.2194 -0.3424 -0.9136
vn 0.2856 -0.3670 -0.8853
vn 0.2512 -0.4092 -0.8772
vn 0.2703 -0.2636 -0.9260
vn 0.3061 -0.3286 -0.8935
vn 0.2722 -0.1991 -0.9414
vn 0.3266 -0.2881 -0.9002
vn 0.3513 -0.2239 -0.9091
vn 0.3773 -0.2579 -0.8895
vn 0.3546 -0.3324 -0.8739
vn 0.3744 -0.2276 -0.8989
vn 0.3920 -0.2424 -0.8875
vn 0.3919 -0.2793 -0.8766
vn 0.3909 -0.2439 -0.8875
vn 0.5310 -0.2692 -0.8034
vn 0.4938 -0.2832 -0.8222
vn 0.7947 -0.3005 -0.5273
vn 0.7283 -0.3609 -0.5825
vn 0.9565 -0.2863 -0.0570
vn 0.9147 -0.3926 -0.0962
vn 0.8378 -0.2405 -0.4901
vn 0.9787 -0.1955 -0.0629
vn 0.9969 -0.0611 -0.0498
vn 0.9397 0.0004 0.3419
vn 0.9254 -0.1259 0.3575
vn 0.9282 0.1138 0.3542
vn 0.7668 0.1327 0.6281
vn 0.7904 0.0433 0.6110
vn 0.6200 0.1408 0.7719
vn 0.6588 0.0787 0.7482
vn 0.5174 0.1705 0.8386
vn 0.5957 0.1215 0.7940
vn 0.4326 0.1895 0.8814
vn 0.3374 0.1103 0.9349
vn 0.5986 0.1505 0.7868
vn 0.5273 0.0071 0.8497
vn 0.8361 0.0276 0.5479
vn 0.8667 0.0892 0.4909
vn 0.5573 0.3180 0.7670
vn 0.8821 0.0058 0.4710
vn 0.8511 -0.0942 0.5165
vn 0.7730 0.1491 0.6167
vn 0.8718 0.1643 0.4615
vn 0.9298 0.1809 0.3206
vn 0.9409 -0.0579 0.3337
vn 0.8032 0.3255 0.4989
vn 0.8911 0.3460 0.2938
vn 0.7410 0.3542 0.5705
vn 0.8677 0.4058 0.2873
vn 0.7107 0.3394 0.6162
vn 0.8632 0.3938 0.3160
vn 0.8313 0.4431 0.3355
vn 0.8484 0.4463 0.2847
vn 0.8646 0.4119 0.2878
vn 0.8106 0.5233 0.2628
vn 0.7921 0.4877 0.3670
vn 0.8152 0.4382 0.3788
vn 0.7675 0.5315 0.3585
vn 0.6988 0.4540 0.5528
vn 0.7168 0.4253 0.5526
vn 0.5808 0.3342 0.7422
vn 0.5838 0.3443 0.7353
vn 0.5802 0.3676 0.7268
vn 0.4197 0.1489 0.8953
vn 0.4175 0.1672 0.8932
vn 0.3428 0.1485 0.9276
vn 0.1019 -0.1956 0.9754
vn 0.1352 -0.1588 0.9780
vn 0.1490 -0.2511 0.9564
vn 0.1758 -0.4153 0.8925
vn -0.0566 -0.4763 0.8774
vn 0.2391 0.0894 0.9669
vn 0.1998 -0.2163 0.9557
vn 0.2995 0.1034 0.9485
vn 0.1572 0.1274 0.9793
vn 0.1215 -0.1234 0.9849
vn 0.0765 0.1759 0.9814
vn 0.0421 -0.0461 0.9980
vn 0.0476 0.0256 0.9985
vn -0.0540 -0.3225 0.9450
vn -0.0547 -0.2109 0.9760
vn -0.2613 -0.4918 0.8306
vn -0.2448 -0.3071 0.9197
vn -0.0475 -0.3517 0.9349
vn -0.1701 -0.6571 0.7344
vn 0.0316 -0.6993 0.7141
vn -0.0298 -0.8581 0.5126
vn -0.3068 -0.7068 0.6374
vn -0.1189 -0.9122 0.3920
vn -0.4359 -0.7359 0.5181
vn 0.0648 -0.8694 0.4898
vn 0.0333 -0.9525 0.3026
vn 0.0261 -0.8516 0.5236
vn 0.0368 -0.9510 0.3071
vn 0.0840 -0.9402 0.3302
vn 0.0676 -0.9746 0.2134
vn 0.0328 -0.9730 0.2283
vn 0.0985 -0.9677 0.2322
vn -0.0010 -0.9566 0.2915
vn 0.2485 -0.8644 0.4370
vn -0.0048 -0.8370 0.5471
vn 0.1440 -0.1492 0.9783
vn -0.2430 -0.4364 0.8663
vn -0.1561 -0.8034 0.5746
vn -0.3688 -0.7882 0.4927
vn -0.6835 -0.4307 0.5893
vn 0.6127 0.1700 0.7719
vn 0.3927 0.8957 0.2086
vn 0.2882 0.7224 0.6285
vn 0.3873 0.9011 0.1949
vn 0.3956 0.8585 0.3261
vn 0.4938 0.7194 0.4885
vn 0.5254 0.7088 0.4706
vn 0.4950 0.2880 0.8197
vn 0.6035 0.3321 0.7249
vn 0.5502 -0.1029 0.8286
vn 0.4704 -0.0532 0.8808
vn 0.6277 0.3938 0.6715
vn 0.3303 -0.6050 0.7244
vn 0.1345 -0.5404 0.8306
vn -0.0402 -0.9177 0.3952
vn -0.1954 -0.8430 0.5013
vn -0.3115 -0.9458 0.0918
vn -0.4004 -0.8950 0.1966
vn -0.4755 -0.8678 0.1445
vn -0.5357 -0.7725 0.3409
vn -0.4887 -0.8231 0.2893
vn -0.5923 -0.6133 0.5226
vn -0.6069 -0.6395 0.4720
vn -0.6318 -0.4039 0.6615
vn -0.6713 -0.4150 0.6140
vn -0.6031 -0.4725 0.6427
vn -0.6823 -0.1535 0.7147
vn -0.5976 -0.2487 0.7622
vn -0.4550 -0.3518 0.8181
vn -0.5280 0.1740 0.8312
vn -0.3809 0.1756 0.9078
vn -0.3824 0.2794 0.8807
vn -0.2198 0.7482 0.6260
vn -0.3278 0.8047 0.4950
vn -0.1016 0.9555 0.2771
vn -0.2113 0.9553 0.2068
vn -0.3358 0.6419 0.6894
vn -0.1108 0.9052 0.4102
vn -0.1090 0.8611 0.4966
vn 0.0505 0.9465 0.3186
vn 0.0206 0.9749 0.2219
vn 0.1311 0.9695 0.2071
vn 0.0843 0.9860 0.1441
vn 0.1704 0.9753 0.1407
vn 0.1344 0.9827 0.1271
vn 0.1723 0.9319 0.3191
vn 0.2736 0.9400 0.2038
vn 0.3324 0.9272 0.1725
vn 0.4551 0.8131 0.3630
vn 0.4435 0.8478 0.2906
vn 0.3855 0.8853 0.2601
vn 0.5519 0.7110 0.4358
vn 0.5077 0.7547 0.4155
vn 0.5136 0.7865 0.3430
vn 0.7343 0.3666 0.5714
vn 0.8340 0.3051 0.4597
vn 0.8751 0.2087 0.4366
vn 0.8811 -0.1763 0.4389
vn 0.8977 -0.2801 0.3402
vn 0.8094 -0.3481 0.4729
vn 0.7677 -0.5944 0.2394
vn 0.6250 -0.5661 0.5374
vn 0.4430 -0.2390 0.8641
vn 0.2958 -0.6854 0.6654
vn 0.1080 -0.2732 0.9559
vn -0.0824 0.1490 0.9854
vn 0.0020 -0.2405 0.9706
vn -0.1549 0.1417 0.9777
vn -0.3131 0.5888 0.7452
vn -0.0019 0.2497 0.9683
vn 0.0155 0.7635 0.6456
vn -0.3094 0.7165 0.6252
vn -0.2479 0.5353 0.8075
vn -0.3361 0.7423 0.5797
vn -0.3218 0.7240 0.6102
vn 0.0237 0.8968 0.4418
vn 0.1002 0.8768 0.4702
vn 0.0107 0.1493 0.9887
vn -0.2202 0.6334 0.7418
vn -0.1667 0.2394 0.9565
vn 0.1746 -0.7129 0.6791
vn 0.4038 0.3757 0.8342
vn 0.3852 -0.7698 0.5089
vn 0.2507 -0.8366 0.4871
vn 0.2464 -0.5931 0.7665
vn 0.2462 -0.8844 0.3965
vn 0.2514 -0.9240 0.2882
vn 0.2395 -0.9333 0.2674
vn 0.1935 -0.9517 0.2383
vn 0.2099 -0.9206 0.3294
vn 0.2272 -0.9139 0.3365
vn 0.2565 -0.9081 0.3310
vn 0.2474 -0.7793 0.5758
vn 0.1856 -0.9199 0.3455
vn 0.2076 -0.7756 0.5961
vn 0.1941 -0.4367 0.8784
vn 0.0796 -0.8145 0.5746
vn 0.0356 -0.5492 0.8349
vn -0.0198 -0.2110 0.9773
vn 0.0272 -0.5910 0.8062
vn 0.0159 -0.2682 0.9632
vn -0.0167 0.0764 0.9969
vn 0.0146 -0.2829 0.9590
vn 0.0414 0.0650 0.9970
vn 0.0528 0.3252 0.9442
vn 0.0138 0.0863 0.9962
vn 0.0168 0.3011 0.9534
vn 0.0136 0.4326 0.9015
vn 0.0494 0.2703 0.9615
vn 0.0524 0.4212 0.9054
vn 0.0644 0.6315 0.7727
vn 0.0637 0.4213 0.9047
vn 0.1247 0.6458 0.7532
vn 0.1934 0.8663 0.4606
vn 0.2145 0.6580 0.7219
vn 0.2914 0.8513 0.4363
vn 0.2910 0.9185 0.2677
vn 0.4049 0.8179 0.4087
vn 0.4321 0.8521 0.2954
vn 0.4236 0.8409 0.3370
vn 0.5075 0.8101 0.2936
vn 0.4944 0.7994 0.3413
vn 0.4724 0.7745 0.4208
vn 0.6085 0.7135 0.3474
vn 0.5555 0.7003 0.4482
vn 0.4378 0.5524 0.7093
vn 0.6299 0.5869 0.5088
vn 0.5090 0.5032 0.6984
vn 0.3451 0.2562 0.9029
vn 0.5015 0.5208 0.6908
vn 0.2826 0.3296 0.9009
vn 0.1488 0.1704 0.9741
vn 0.3044 0.3220 0.8965
vn 0.1793 0.1948 0.9643
vn 0.3151 0.2471 0.9163
vn 0.2802 0.1809 0.9428
vn 0.3768 0.1834 0.9079
vn 0.5099 0.2538 0.8219
vn 0.3622 0.0815 0.9285
vn 0.5224 0.1812 0.8332
vn 0.7065 0.2400 0.6658
vn 0.5409 0.1851 0.8205
vn 0.7401 0.2042 0.6408
vn 0.8928 0.2166 0.3950
vn 0.7480 0.1835 0.6378
vn 0.9098 0.1890 0.3694
vn 0.9617 0.2702 0.0462
vn 0.8630 0.2659 0.4296
vn 0.9792 0.2019 0.0176
vn 0.8951 0.1520 -0.4191
vn 0.9860 0.1666 -0.0106
vn 0.8992 0.1135 -0.4225
vn 0.6832 0.0456 -0.7289
vn 0.9014 0.0125 -0.4327
vn 0.6744 -0.0509 -0.7366
vn 0.4723 -0.0937 -0.8764
vn 0.6408 -0.1737 -0.7478
vn 0.4497 -0.1967 -0.8712
vn 0.3585 -0.2049 -0.9108
vn 0.4134 -0.2486 -0.8760
vn 0.3459 -0.2476 -0.9050
vn 0.2403 -0.2278 -0.9436
vn 0.3560 -0.2326 -0.9051
vn 0.2798 -0.1889 -0.9413
vn 0.0443 -0.0563 -0.9974
vn 0.3324 -0.1818 -0.9254
vn 0.1533 -0.0235 -0.9879
vn 0.1399 0.0919 -0.9859
vn 0.2404 -0.0923 -0.9663
vn 0.2352 0.0216 -0.9717
vn 0.2636 -0.0035 -0.9646
vn 0.0179 0.0194 -0.9996
vn 0.3451 0.0819 -0.9350
vn 0.1689 -0.1805 -0.9690
vn -0.0744 -0.1275 -0.9890
vn -0.0820 -0.2305 -0.9696
vn -0.0281 -0.1999 -0.9794
vn -0.0280 -0.1536 -0.9877
vn 0.0355 -0.1742 -0.9841
vn 0.2339 -0.1331 -0.9631
vn 0.2362 -0.2049 -0.9498
vn 0.2530 -0.0742 -0.9646
vn 0.3724 -0.0355 -0.9274
vn 0.3689 -0.1147 -0.9224
vn 0.3738 0.0011 -0.9275
vn 0.4842 0.0302 -0.8744
vn 0.4805 -0.0072 -0.8769
vn 0.4824 0.0692 -0.8732
vn 0.6863 0.1384 -0.7140
vn 0.6895 0.0874 -0.7190
vn 0.6405 0.2839 -0.7135
vn 0.8381 0.3825 -0.3889
vn 0.8864 0.2185 -0.4080
vn 0.7841 0.4975 -0.3710
vn 0.8409 0.5356 0.0772
vn 0.9049 0.4216 0.0586
vn 0.7442 0.4789 0.4656
vn 0.8059 0.3816 0.4527
vn 0.5850 0.3836 0.7146
vn 0.6452 0.3151 0.6959
vn 0.5351 0.4320 0.7260
vn 0.4261 0.3519 0.8334
vn 0.4690 0.3194 0.8234
vn 0.3810 0.3848 0.8407
vn 0.2909 0.2346 0.9275
vn 0.2678 0.2387 0.9334
vn 0.3110 0.2908 0.9048
vn 0.2398 0.0939 0.9663
vn 0.2242 0.0938 0.9700
vn 0.1893 0.1186 0.9747
vn 0.2522 0.2521 0.9343
vn 0.2969 0.2467 0.9225
vn 0.3144 0.2383 0.9189
vn 0.4193 0.5612 0.7136
vn 0.3957 0.5779 0.7137
vn 0.2531 0.6002 0.7587
vn 0.2347 0.8346 0.4984
vn 0.4333 0.7875 0.4384
vn 0.0357 0.8465 0.5312
vn 0.1029 0.9633 0.2480
vn 0.2410 0.9153 0.3228
vn 0.0893 0.9813 0.1707
vn 0.1167 0.9794 0.1649
vn 0.1858 0.9618 0.2011
vn 0.0763 0.9810 0.1785
vn 0.0494 0.8512 0.5225
vn 0.1025 0.8611 0.4980
vn 0.0480 0.8579 0.5116
vn 0.0499 0.6105 0.7905
vn 0.0319 0.6236 0.7811
vn -0.0302 0.6088 0.7927
vn -0.0404 0.4424 0.8959
vn 0.0456 0.4384 0.8976
vn -0.0165 0.4356 0.9000
vn -0.0320 0.3259 0.9448
vn -0.0391 0.3428 0.9386
vn -0.0014 0.3264 0.9452
vn 0.0576 0.1248 0.9905
vn -0.0452 0.0905 0.9949
vn 0.0654 0.2007 0.9775
vn 0.1464 -0.0684 0.9869
vn 0.1236 -0.1125 0.9859
vn 0.0167 -0.1274 0.9917
vn 0.1008 -0.4981 0.8613
vn 0.2045 -0.4248 0.8819
vn -0.1137 -0.2264 0.9674
vn 0.0252 -0.6373 0.7702
vn -0.0991 -0.3491 0.9318
vn 0.1692 -0.7240 0.6687
vn 0.3621 -0.7455 0.5596
vn 0.2426 -0.8590 0.4509
vn 0.3791 -0.6568 0.6518
vn 0.6209 -0.3060 0.7217
vn 0.0856 -0.3985 0.9132
vn 0.2950 -0.2245 0.9287
vn 0.3921 0.1575 0.9063
vn -0.0610 -0.0514 0.9968
vn -0.0875 0.1464 0.9853
vn -0.2287 0.1964 0.9535
vn -0.3505 0.1062 0.9305
vn -0.3735 0.1665 0.9126
vn -0.3270 0.2768 0.9036
vn -0.4289 0.1770 0.8858
vn -0.3971 0.3160 0.8617
vn -0.4261 0.2954 0.8551
vn -0.6469 0.3987 0.6501
vn -0.6787 0.3632 0.6383
vn -0.7228 0.2717 0.6354
vn -0.8248 0.3945 0.4051
vn -0.8616 0.2835 0.4210
vn -0.8964 0.1408 0.4202
vn -0.8412 0.2970 0.4518
vn -0.8848 0.0933 0.4566
vn -0.8998 -0.1748 0.3997
vn -0.7099 0.0122 0.7042
vn -0.6648 -0.2499 0.7040
vn -0.6363 -0.2650 0.7245
vn -0.3929 -0.2632 0.8811
vn -0.3750 -0.2544 0.8914
vn -0.4233 -0.1487 0.8937
vn -0.4897 -0.2702 0.8290
vn -0.5209 -0.1581 0.8388
vn -0.5012 -0.1555 0.8512
vn -0.5074 -0.1184 0.8535
vn -0.4640 -0.1313 0.8760
vn -0.4436 -0.1722 0.8795
vn -0.4921 -0.1395 0.8593
vn -0.4686 -0.2009 0.8603
vn -0.4360 -0.2903 0.8518
vn -0.5670 -0.2854 0.7727
vn -0.5165 -0.3985 0.7579
vn -0.4486 -0.5051 0.7373
vn -0.6294 -0.5405 0.5583
vn -0.5434 -0.6440 0.5385
vn -0.4945 -0.6868 0.5328
vn -0.6149 -0.7481 0.2494
vn -0.5772 -0.7824 0.2337
vn -0.5336 -0.8110 0.2400
vn -0.5946 -0.7971 -0.1051
vn -0.5568 -0.8233 -0.1098
vn -0.4748 -0.8747 -0.0974
vn -0.5072 -0.7293 -0.4593
vn -0.4433 -0.7850 -0.4326
vn -0.5291 -0.7049 -0.4724
vn -0.4358 -0.5734 -0.6938
vn -0.4246 -0.5920 -0.6850
vn -0.4376 -0.5449 -0.7153
vn -0.3755 -0.4427 -0.8142
vn -0.3797 -0.4846 -0.7881
vn -0.3919 -0.3703 -0.8422
vn -0.3674 -0.3254 -0.8713
vn -0.3547 -0.3838 -0.8525
vn -0.3548 -0.2923 -0.8881
vn -0.3260 -0.3343 -0.8843
vn -0.3073 -0.2500 -0.9182
vn -0.2139 -0.2663 -0.9399
vn -0.2388 -0.2342 -0.9424
vn -0.0887 -0.2640 -0.9604
vn -0.2309 -0.2867 -0.9298
vn -0.0917 -0.3768 -0.9218
vn -0.3166 -0.3887 -0.8653
vn -0.2141 -0.5082 -0.8342
vn -0.3884 -0.4635 -0.7965
vn -0.3428 -0.5506 -0.7611
vn -0.4514 -0.5493 -0.7032
vn -0.5144 -0.5555 -0.6534
vn -0.4004 -0.5944 -0.6974
vn -0.5795 -0.5731 -0.5794
vn -0.6181 -0.5781 -0.5327
vn -0.6330 -0.5098 -0.5826
vn -0.6369 -0.5400 -0.5501
vn -0.5841 -0.4086 -0.7014
vn -0.4991 -0.4693 -0.7284
vn -0.6029 -0.5815 -0.5462
vn -0.3222 -0.2785 -0.9048
vn -0.1977 -0.3298 -0.9231
vn -0.3927 -0.5181 -0.7598
vn -0.0652 -0.1881 -0.9800
vn 0.0078 -0.2194 -0.9756
vn -0.1037 -0.3574 -0.9282
vn 0.0535 -0.2328 -0.9710
vn -0.0500 -0.3617 -0.9310
vn 0.0748 -0.2289 -0.9706
vn -0.0047 -0.3645 -0.9312
vn 0.0971 -0.2299 -0.9684
vn 0.0395 -0.3715 -0.9276
vn 0.1261 -0.2353 -0.9637
vn 0.0887 -0.3721 -0.9239
vn 0.1502 -0.1458 -0.9778
vn 0.1809 -0.1519 -0.9717
vn 0.2326 -0.0492 -0.9713
vn 0.2631 -0.0581 -0.9630
vn 0.3443 0.0271 -0.9385
vn 0.4229 -0.0138 -0.9061
vn 0.3093 -0.0859 -0.9471
vn 0.3868 0.0451 -0.9211
vn 0.4648 -0.0052 -0.8854
vn 0.3797 -0.0139 -0.9250
vn 0.4416 -0.0541 -0.8956
vn 0.3498 -0.0890 -0.9326
vn 0.3968 -0.1154 -0.9106
vn 0.3690 -0.1528 -0.9168
vn 0.3851 -0.1751 -0.9061
vn 0.4238 -0.1566 -0.8921
vn 0.3718 -0.1682 -0.9130
vn 0.4076 -0.2088 -0.8890
vn 0.4246 -0.2338 -0.8747
vn 0.6760 -0.3162 -0.6656
vn 0.6742 -0.3170 -0.6671
vn 0.7375 -0.3353 -0.5863
vn 0.7369 -0.2737 -0.6181
vn 0.5473 -0.2784 -0.7893
vn 0.5834 -0.1281 -0.8020
vn 0.7443 -0.2987 -0.5973
vn 0.5332 -0.3493 -0.7705
vn 0.5309 -0.2666 -0.8044
vn 0.1675 -0.2956 -0.9405
vn 0.1368 -0.3112 -0.9404
vn 0.1899 -0.1976 -0.9617
vn 0.0670 -0.1871 -0.9801
vn -0.0086 -0.2410 -0.9705
vn 0.0931 -0.1382 -0.9860
vn 0.1864 -0.0913 -0.9782
vn 0.1215 -0.1340 -0.9835
vn 0.2137 -0.0351 -0.9763
vn 0.3126 0.0099 -0.9498
vn 0.2958 -0.0319 -0.9547
vn 0.2967 0.0803 -0.9516
vn 0.3493 0.1196 -0.9294
vn 0.3685 0.0311 -0.9291
vn 0.3470 0.1840 -0.9196
vn 0.4546 0.2673 -0.8496
vn 0.4606 0.1883 -0.8674
vn 0.4507 0.3117 -0.8365
vn 0.6072 0.4439 -0.6589
vn 0.6117 0.3810 -0.6933
vn 0.5624 0.5386 -0.6274
vn 0.6749 0.6788 -0.2894
vn 0.7473 0.5685 -0.3441
vn 0.6839 0.7115 0.1614
vn 0.7840 0.6109 0.1104
vn 0.5836 0.6213 0.5228
vn 0.6847 0.5436 0.4855
vn 0.4386 0.7080 0.5535
vn 0.3735 0.5697 0.7321
vn 0.4694 0.4959 0.7306
vn 0.3128 0.6084 0.7294
vn 0.2985 0.5106 0.8063
vn 0.3384 0.4471 0.8280
vn 0.2628 0.5449 0.7963
vn 0.2544 0.3774 0.8904
vn 0.2629 0.3462 0.9006
vn 0.2020 0.4352 0.8774
vn 0.1922 0.2225 0.9558
vn 0.2406 0.1369 0.9609
vn 0.0584 0.2698 0.9611
vn 0.0497 0.2991 0.9529
vn 0.2243 0.2845 0.9321
vn 0.0046 0.2709 0.9626
vn -0.0125 0.5507 0.8346
vn 0.0418 0.5890 0.8071
vn 0.1404 0.5204 0.8423
vn 0.1337 0.8532 0.5041
vn 0.0170 0.8541 0.5198
vn 0.1907 0.8341 0.5176
vn 0.1175 0.9708 0.2090
vn 0.1068 0.9815 0.1590
vn 0.0658 0.9586 0.2769
vn 0.0266 0.9700 0.2415
vn 0.0608 0.9757 0.2103
vn -0.0059 0.9645 0.2641
vn -0.0175 0.8602 0.5097
vn -0.0062 0.8648 0.5021
vn -0.0338 0.8716 0.4890
vn -0.0417 0.6341 0.7721
vn -0.0209 0.6200 0.7843
vn -0.0319 0.9620 0.2713
vn -0.0253 0.9465 0.3218
vn 0.0111 0.9505 0.3105
vn -0.0249 0.8618 0.5066
vn 0.0140 0.8420 0.5393
vn 0.0124 0.5869 0.8096
vn 0.1017 0.8329 0.5440
vn 0.0958 0.5598 0.8230
vn 0.0549 0.3737 0.9259
vn 0.1862 0.5237 0.8313
vn 0.1141 0.3159 0.9419
vn 0.0427 0.3528 0.9347
vn 0.1065 0.2663 0.9580
vn 0.0577 0.2948 0.9538
vn 0.0381 0.5071 0.8610
vn 0.0223 0.2682 0.9631
vn 0.0598 0.4851 0.8724
vn 0.0873 0.5789 0.8107
vn 0.1068 0.4730 0.8746
vn 0.1440 0.5817 0.8005
vn 0.1814 0.6522 0.7360
vn 0.2122 0.5695 0.7941
vn 0.2329 0.6459 0.7271
vn 0.2775 0.7583 0.5900
vn 0.2752 0.6316 0.7248
vn 0.3088 0.7599 0.5719
vn 0.3484 0.8837 0.3126
vn 0.3466 0.7515 0.5614
vn 0.3814 0.8831 0.2733
vn 0.3847 0.9131 -0.1354
vn 0.5047 0.8348 0.2200
vn 0.5080 0.8335 -0.2170
vn 0.3269 0.8211 -0.4678
vn 0.3639 0.9290 -0.0669
vn 0.3300 0.7831 -0.5270
vn 0.2534 0.5909 -0.7659
vn 0.4289 0.6858 -0.5881
vn 0.3294 0.4987 -0.8018
vn 0.2516 0.3503 -0.9022
vn 0.4205 0.3783 -0.8247
vn 0.3170 0.2644 -0.9108
vn 0.2473 0.1955 -0.9490
vn 0.3431 0.2235 -0.9123
vn 0.2727 0.1651 -0.9478
vn 0.1884 0.1027 -0.9767
vn 0.2850 0.1325 -0.9493
vn 0.2020 0.0709 -0.9768
vn 0.0964 -0.0129 -0.9953
vn 0.2085 0.0276 -0.9776
vn 0.0818 -0.0407 -0.9958
vn 0.1390 -0.0293 -0.9899
vn 0.0893 -0.0901 -0.9919
vn 0.1546 -0.0616 -0.9861
vn 0.4169 0.0500 -0.9076
vn 0.1822 -0.1163 -0.9764
vn 0.4498 -0.0182 -0.8929
vn 0.6351 0.0744 -0.7688
vn 0.4999 -0.1290 -0.8564
vn 0.6788 -0.0260 -0.7339
vn 0.6252 0.1595 -0.7640
vn 0.4138 0.0804 -0.9068
vn 0.6172 0.1330 -0.7755
vn 0.6279 0.2020 -0.7516
vn 0.4175 0.1043 -0.9027
vn 0.3864 0.1998 -0.9004
vn 0.1371 0.0575 -0.9889
vn 0.1526 -0.0136 -0.9882
vn 0.0802 0.1336 -0.9878
vn 0.0336 0.0657 -0.9973
vn 0.0865 0.0324 -0.9957
vn -0.0440 0.0819 -0.9957
vn 0.0422 0.1179 -0.9921
vn 0.1377 0.1180 -0.9834
vn 0.0005 0.0881 -0.9961
vn 0.1109 0.2660 -0.9576
vn 0.1783 0.2416 -0.9539
vn 0.1169 0.2698 -0.9558
vn 0.1902 0.4658 -0.8642
vn 0.1938 0.4341 -0.8798
vn 0.2321 0.4527 -0.8609
vn 0.2921 0.6221 -0.7264
vn 0.2519 0.6221 -0.7413
vn 0.3248 0.6184 -0.7156
vn 0.3814 0.8311 -0.4048
vn 0.3585 0.8299 -0.4275
vn 0.3772 0.9260 0.0121
vn 0.3751 0.9268 -0.0206
vn 0.3159 0.8726 0.3725
vn 0.3358 0.8770 0.3437
vn 0.2571 0.8814 0.3962
vn 0.1859 0.7589 0.6241
vn 0.2402 0.7564 0.6084
vn 0.0945 0.7660 0.6359
vn 0.0584 0.6484 0.7591
vn 0.1274 0.6497 0.7494
vn 0.0098 0.6461 0.7632
vn 0.0058 0.5713 0.8207
vn 0.0356 0.5743 0.8179
vn -0.0122 0.5764 0.8171
vn -0.0002 0.5267 0.8500
vn 0.0082 0.5252 0.8510
vn 0.0281 0.5349 0.8444
vn 0.0492 0.3806 0.9234
vn 0.0178 0.3905 0.9204
vn 0.1018 0.3413 0.9344
vn 0.0389 0.3999 0.9157
vn 0.0220 0.4009 0.9159
vn 0.1691 0.4161 0.8935
vn 0.1187 0.6683 0.7344
vn -0.0101 0.6201 0.7844
vn 0.3353 0.6893 0.6422
vn 0.1789 0.8974 0.4034
vn 0.0479 0.8910 0.4514
vn 0.1474 0.8670 0.4760
vn 0.3317 0.6890 0.6444
vn 0.0995 0.6509 0.7526
vn 0.3568 0.5140 0.7800
vn 0.0638 0.5954 0.8009
vn -0.2962 0.5727 0.7644
vn -0.0304 0.7133 0.7002
vn -0.3483 0.7361 0.5805
vn -0.5344 0.4050 0.7419
vn -0.2442 0.5460 0.8014
vn -0.5568 0.4437 0.7022
vn -0.7147 0.2612 0.6488
vn -0.5861 0.5872 0.5582
vn -0.6904 0.3657 0.6242
vn -0.6548 0.2450 0.7150
vn -0.5753 0.4741 0.6665
vn -0.5233 0.3447 0.7793
vn -0.4649 0.2467 0.8503
vn -0.3880 0.3814 0.8391
vn -0.3940 0.2850 0.8738
vn -0.3744 0.2300 0.8983
vn -0.4458 0.3891 0.8062
vn -0.4490 0.3237 0.8329
vn -0.4430 0.3069 0.8424
vn -0.5978 0.4489 0.6642
vn -0.6262 0.4089 0.6638
vn -0.6672 0.3396 0.6629
vn -0.7756 0.4897 0.3983
vn -0.8205 0.3946 0.4135
vn -0.8486 0.2805 0.4487
vn -0.9031 0.4273 0.0432
vn -0.9521 0.2927 0.0887
vn -0.9667 0.2181 0.1338
vn -0.9102 0.2518 -0.3287
vn -0.9393 0.1851 -0.2888
vn -0.9566 0.1672 -0.2385
vn -0.7687 0.1216 -0.6279
vn -0.7937 0.1111 -0.5981
vn -0.8228 0.0776 -0.5630
vn -0.5827 0.0503 -0.8112
vn -0.6037 0.0168 -0.7970
vn -0.6206 -0.0485 -0.7826
vn -0.4266 -0.0332 -0.9038
vn -0.4194 -0.1002 -0.9023
vn -0.3949 -0.1653 -0.9037
vn -0.2774 -0.1511 -0.9488
vn -0.2263 -0.2033 -0.9526
vn -0.1897 -0.2172 -0.9575
vn -0.1272 -0.2494 -0.9600
vn -0.0903 -0.2149 -0.9725
vn -0.1270 -0.1376 -0.9823
vn -0.1332 -0.2326 -0.9634
vn -0.1723 -0.1156 -0.9782
vn -0.2570 -0.0279 -0.9660
vn -0.3227 -0.1377 -0.9364
vn -0.3796 -0.0304 -0.9246
vn -0.4081 -0.0402 -0.9120
vn -0.5584 -0.1029 -0.8232
vn -0.5433 -0.1236 -0.8304
vn -0.4611 -0.2275 -0.8577
vn -0.6461 -0.2560 -0.7190
vn -0.5201 -0.3548 -0.7769
vn -0.6705 -0.3668 -0.6449
vn -0.5337 -0.4654 -0.7061
vn -0.5340 -0.5125 -0.6724
vn -0.5179 -0.5612 -0.6456
vn -0.4416 -0.5262 -0.7267
vn -0.5400 -0.4751 -0.6948
vn -0.5823 -0.4979 -0.6427
vn -0.5442 -0.3535 -0.7609
vn -0.5919 -0.3662 -0.7180
vn -0.5349 -0.1884 -0.8237
vn -0.5126 -0.1940 -0.8364
vn -0.6122 -0.3738 -0.6968
vn -0.3900 -0.0246 -0.9205
vn -0.3092 -0.0667 -0.9487
vn -0.4414 -0.2218 -0.8694
vn -0.2097 0.0783 -0.9746
vn -0.0975 -0.0015 -0.9952
vn -0.1856 -0.1317 -0.9738
vn -0.0495 0.1658 -0.9849
vn 0.0218 0.0716 -0.9972
vn -0.0122 -0.0774 -0.9969
vn 0.1187 -0.0174 -0.9928
vn 0.0637 -0.1383 -0.9883
vn 0.1838 -0.0648 -0.9808
vn 0.1150 -0.1610 -0.9802
vn 0.2235 -0.0720 -0.9720
vn 0.1400 -0.1582 -0.9774
vn 0.2831 0.1164 -0.9520
vn 0.3056 0.0715 -0.9495
vn 0.2985 0.1288 -0.9457
vn 0.3241 0.0852 -0.9422
vn 0.3065 0.0510 -0.9505
vn 0.2330 0.0764 -0.9695
vn 0.2982 0.0272 -0.9541
vn 0.1703 -0.0226 -0.9851
vn 0.2684 -0.0591 -0.9615
vn 0.1480 -0.1003 -0.9839
vn 0.2503 -0.1302 -0.9594
vn 0.2670 -0.1444 -0.9528
vn 0.3333 -0.1664 -0.9280
vn 0.3281 -0.1471 -0.9331
vn 0.3633 -0.1382 -0.9214
vn 0.3900 -0.1578 -0.9072
vn 0.3674 -0.1687 -0.9147
vn 0.4789 -0.0813 -0.8741
vn 0.4676 -0.0738 -0.8809
vn 0.3918 -0.1462 -0.9084
vn 0.4902 -0.0626 -0.8694
vn 0.4338 -0.1411 -0.8899
vn 0.6613 -0.0884 -0.7449
vn 0.6729 -0.2223 -0.7056
vn 0.6134 0.0430 -0.7886
vn 0.5713 0.0414 -0.8197
vn 0.6592 0.1307 -0.7405
vn 0.6359 0.1184 -0.7627
vn 0.6145 0.0773 -0.7851
vn 0.6799 0.1777 -0.7114
vn 0.5550 0.1663 -0.8151
vn 0.6575 0.2823 -0.6986
vn 0.5860 0.4222 -0.6916
vn 0.5335 0.4502 -0.7160
vn 0.6006 0.3013 -0.7406
vn 0.4335 0.5964 -0.6756
vn 0.2395 0.4489 -0.8609
vn 0.3232 0.3317 -0.8863
vn 0.1992 0.4926 -0.8472
vn -0.0061 0.1575 -0.9875
vn 0.0009 0.1805 -0.9836
vn 0.0431 0.1059 -0.9934
vn 0.0051 -0.0206 -0.9998
vn -0.0492 0.0377 -0.9981
vn 0.0377 -0.0632 -0.9973
vn 0.0893 0.0395 -0.9952
vn 0.0400 0.0586 -0.9975
vn 0.1155 0.0271 -0.9929
vn 0.2072 0.2774 -0.9382
vn 0.1711 0.2725 -0.9468
vn 0.1772 0.2874 -0.9413
vn 0.2334 0.4350 -0.8696
vn 0.2614 0.4356 -0.8614
vn 0.1284 0.4619 -0.8776
vn 0.1659 0.6848 -0.7096
vn 0.2936 0.6393 -0.7107
vn 0.1919 0.9110 -0.3650
vn 0.3355 0.8576 -0.3897
vn 0.1756 0.9820 0.0696
vn 0.3204 0.9465 0.0389
vn 0.0171 0.9945 0.1031
vn 0.0163 0.9058 0.4234
vn 0.1369 0.9012 0.4112
vn -0.0965 0.8951 0.4353
vn -0.0603 0.7615 0.6453
vn 0.0146 0.7654 0.6434
vn -0.1496 0.7493 0.6451
vn -0.0917 0.6514 0.7532
vn -0.0330 0.6453 0.7632
vn -0.1511 0.6794 0.7181
vn -0.0682 0.6668 0.7421
vn -0.0320 0.6071 0.7940
vn -0.2160 0.7358 0.6418
vn -0.3028 0.8205 0.4849
vn -0.2513 0.7233 0.6432
vn -0.2862 0.8405 0.4601
vn -0.3493 0.9176 0.1895
vn -0.2173 0.8681 0.4463
vn -0.2798 0.9462 0.1627
vn -0.3206 0.9198 -0.2261
vn -0.1341 0.9821 0.1321
vn -0.1605 0.9458 -0.2825
vn -0.1569 0.7420 -0.6518
vn 0.0139 0.9449 -0.3270
vn 0.0070 0.7201 -0.6938
vn -0.2623 0.5400 -0.7998
vn -0.3068 0.7475 -0.5892
vn -0.1358 0.5246 -0.8405
vn -0.1122 0.3376 -0.9346
vn 0.0042 0.4958 -0.8684
vn -0.0011 0.3145 -0.9493
vn -0.0086 0.1425 -0.9898
vn 0.0954 0.2985 -0.9496
vn 0.0711 0.0887 -0.9935
vn 0.0723 -0.0713 -0.9948
vn 0.1021 0.0412 -0.9939
vn 0.0792 -0.0998 -0.9919
vn 0.1265 0.0082 -0.9919
vn 0.0618 -0.0993 -0.9931
vn 0.0823 0.0320 -0.9961
vn 0.1528 0.4343 -0.8877
vn 0.0550 0.0716 -0.9959
vn 0.1452 0.4750 -0.8679
vn 0.2007 0.7534 -0.6262
vn 0.1902 0.4884 -0.8516
vn 0.2974 0.7208 -0.6261
vn 0.3018 0.7416 -0.5992
vn 0.3575 0.6793 -0.6409
vn 0.3973 0.6771 -0.6194
vn 0.2912 0.4565 -0.8407
vn 0.4913 0.5672 -0.6610
vn 0.3815 0.3694 -0.8473
vn 0.2478 0.1793 -0.9521
vn 0.4715 0.2718 -0.8389
vn 0.3238 0.0991 -0.9409
vn 0.2358 -0.0245 -0.9715
vn 0.3981 0.0114 -0.9173
vn 0.3159 -0.0931 -0.9442
vn 0.0593 -0.0487 -0.9971
vn 0.1408 0.0377 -0.9893
vn 0.1723 -0.1036 -0.9796
vn -0.0463 -0.0037 -0.9989
vn 0.0413 0.0855 -0.9955
vn -0.0448 0.1140 -0.9925
vn 0.0871 0.2943 -0.9517
vn 0.1665 0.2460 -0.9549
vn 0.0256 0.3213 -0.9466
vn 0.1354 0.5863 -0.7987
vn 0.2035 0.5307 -0.8227
vn 0.1148 0.6212 -0.7752
vn 0.1685 0.7889 -0.5909
vn 0.1971 0.7833 -0.5895
vn 0.1947 0.7630 -0.6164
vn 0.2225 0.6994 -0.6792
vn 0.1829 0.7375 -0.6501
vn 0.1879 0.6722 -0.7161
vn 0.1766 0.3781 -0.9088
vn 0.2042 0.3905 -0.8977
vn 0.0685 0.3914 -0.9177
vn 0.0223 0.0576 -0.9981
vn 0.1114 0.0210 -0.9936
vn -0.0664 0.1017 -0.9926
vn -0.1000 0.0108 -0.9949
vn -0.0110 -0.0252 -0.9996
vn -0.1191 0.0449 -0.9919
vn -0.1600 0.1717 -0.9721
vn -0.1005 0.1596 -0.9820
vn -0.1743 0.2302 -0.9574
vn -0.2524 0.4196 -0.8719
vn -0.2130 0.3735 -0.9029
vn -0.2330 0.4667 -0.8532
vn -0.2900 0.6119 -0.7358
vn -0.3086 0.5699 -0.7615
vn -0.3518 0.8011 -0.4842
vn -0.3672 0.7659 -0.5278
vn -0.3777 0.9158 -0.1368
vn -0.3865 0.9053 -0.1762
vn -0.3628 0.9266 -0.0992
vn -0.3527 0.9012 0.2518
vn -0.3532 0.9097 0.2186
vn -0.3378 0.7566 0.5598
vn -0.3178 0.7903 0.5239
vn -0.3750 0.8806 0.2897
vn -0.4494 0.8302 0.3300
vn -0.3817 0.9219 -0.0666
vn -0.4720 0.8804 -0.0458
vn -0.6297 0.7762 -0.0306
vn -0.4304 0.7898 -0.4369
vn -0.5820 0.6911 -0.4286
vn -0.6894 0.5827 -0.4303
vn -0.4754 0.5355 -0.6981
vn -0.5689 0.4570 -0.6837
vn -0.5966 0.4197 -0.6840
vn -0.4262 0.3241 -0.8446
vn -0.4517 0.3024 -0.8393
vn -0.4748 0.2706 -0.8375
vn -0.3498 0.2215 -0.9103
vn -0.3615 0.1869 -0.9134
vn -0.3772 0.1392 -0.9156
vn -0.2932 0.1322 -0.9469
vn -0.3047 0.0935 -0.9479
vn -0.3257 0.0290 -0.9450
vn -0.2791 0.0664 -0.9580
vn -0.2963 0.0172 -0.9549
vn -0.3056 -0.0059 -0.9521
vn -0.3098 0.0259 -0.9505
vn -0.3220 0.0061 -0.9467
vn -0.3390 -0.0515 -0.9394
vn -0.4332 0.0645 -0.8990
vn -0.4483 -0.0072 -0.8939
vn -0.4500 -0.1648 -0.8777
vn -0.5799 0.0413 -0.8136
vn -0.5801 -0.1405 -0.8023
vn -0.5617 -0.2995 -0.7712
vn -0.6926 -0.0987 -0.7145
vn -0.6917 -0.2510 -0.6772
vn -0.6816 -0.3370 -0.6495
vn -0.7571 -0.2129 -0.6176
vn -0.7624 -0.2937 -0.5766
vn -0.7337 -0.2136 -0.6450
vn -0.7691 -0.2897 -0.5697
vn -0.6400 -0.2462 -0.7279
vn -0.7159 -0.3280 -0.6164
vn -0.7458 -0.3365 -0.5749
vn -0.6017 -0.4111 -0.6849
vn -0.6463 -0.4222 -0.6356
vn -0.5461 -0.3058 -0.7799
vn -0.5286 -0.1041 -0.8424
vn -0.5002 -0.1429 -0.8540
vn -0.4400 0.0226 -0.8977
vn -0.4552 0.0236 -0.8901
vn -0.5249 -0.1755 -0.8329
vn -0.3488 0.1862 -0.9185
vn -0.3238 0.1806 -0.9287
vn -0.4365 0.0015 -0.8997
vn -0.2183 0.3022 -0.9279
vn -0.1808 0.2948 -0.9383
vn -0.2829 0.1398 -0.9489
vn -0.0755 0.3743 -0.9242
vn -0.0196 0.3804 -0.9246
vn -0.1136 0.2454 -0.9627
vn 0.0349 0.3951 -0.9180
vn 0.0686 0.4048 -0.9118
vn 0.0241 0.3644 -0.9309
vn 0.1229 0.3726 -0.9198
vn 0.1055 0.2992 -0.9483
vn 0.2132 0.2817 -0.9355
vn 0.2054 0.2011 -0.9578
vn 0.1272 0.2056 -0.9703
vn 0.2029 0.1222 -0.9715
vn 0.2857 0.1839 -0.9405
vn 0.0192 0.0861 -0.9961
vn 0.1055 0.0144 -0.9943
vn -0.0511 0.0034 -0.9987
vn 0.0467 -0.0563 -0.9973
vn -0.0631 0.1589 -0.9853
vn -0.1404 0.0510 -0.9888
vn -0.1560 0.0508 -0.9865
vn -0.1611 0.0260 -0.9866
vn -0.1352 0.0260 -0.9905
vn -0.1456 0.0155 -0.9892
vn -0.0985 0.1182 -0.9881
vn -0.0941 0.1216 -0.9881
vn -0.0607 0.1031 -0.9928
vn 0.0059 0.3257 -0.9455
vn 0.0010 0.3209 -0.9471
vn 0.0294 0.3387 -0.9404
vn 0.0993 0.6308 -0.7695
vn 0.1146 0.6298 -0.7682
vn 0.0516 0.6511 -0.7572
vn 0.0663 0.7372 -0.6724
vn 0.1538 0.7432 -0.6512
vn 0.0377 0.7319 -0.6804
vn 0.0272 0.6568 -0.7535
vn 0.0812 0.6593 -0.7475
vn 0.0441 0.6587 -0.7512
vn 0.0034 0.4233 -0.9060
vn -0.0138 0.4076 -0.9131
vn 0.0437 0.4490 -0.8925
vn -0.0217 0.2109 -0.9773
vn -0.0661 0.1458 -0.9871
vn -0.0214 0.3079 -0.9512
vn -0.0823 0.2588 -0.9624
vn -0.0931 0.1288 -0.9873
vn -0.1603 0.3837 -0.9094
vn -0.1588 0.3300 -0.9305
vn -0.1308 0.3269 -0.9360
vn -0.1620 0.3153 -0.9351
vn -0.1204 0.3586 -0.9257
vn -0.1947 0.3315 -0.9232
vn -0.2418 0.2668 -0.9329
vn -0.2764 0.4247 -0.8621
vn -0.3433 0.3431 -0.8743
vn -0.3763 0.2642 -0.8880
vn -0.4523 0.4215 -0.7860
vn -0.5048 0.3364 -0.7950
vn -0.5175 0.2691 -0.8123
vn -0.5529 0.3346 -0.7631
vn -0.5819 0.2692 -0.7674
vn -0.5965 0.2206 -0.7717
vn -0.5232 0.1988 -0.8287
vn -0.5429 0.1824 -0.8198
vn -0.5694 0.1821 -0.8017
vn -0.3868 0.0914 -0.9176
vn -0.3971 0.1000 -0.9123
vn -0.4260 0.1059 -0.8985
vn -0.2478 0.0493 -0.9676
vn -0.2857 0.0782 -0.9551
vn -0.3347 0.1001 -0.9370
vn -0.2068 0.1046 -0.9728
vn -0.2699 0.1325 -0.9537
vn -0.3552 0.1030 -0.9291
vn -0.2494 0.1987 -0.9478
vn -0.3467 0.1461 -0.9265
vn -0.1721 0.1792 -0.9686
vn -0.1555 0.2678 -0.9508
vn -0.2416 0.2697 -0.9322
vn -0.0661 0.2384 -0.9689
vn -0.0348 0.3129 -0.9491
vn -0.1246 0.3349 -0.9340
vn 0.0133 0.2302 -0.9731
vn 0.0250 0.2760 -0.9608
vn 0.0070 0.3613 -0.9324
vn -0.0090 0.1451 -0.9894
vn -0.0321 0.1709 -0.9848
vn 0.0251 0.3056 -0.9518
vn -0.0677 0.1848 -0.9804
vn 0.0269 0.3124 -0.9496
vn -0.0593 0.0285 -0.9978
vn -0.1147 0.0395 -0.9926
vn -0.0038 0.0043 -1.0000
vn -0.0212 -0.0040 -0.9998
vn -0.0884 0.0005 -0.9961
vn 0.0330 -0.0069 -0.9994
vn 0.0363 0.1117 -0.9931
vn -0.0157 0.0983 -0.9950
vn 0.0509 0.1391 -0.9890
vn 0.0466 0.3975 -0.9164
vn 0.0389 0.3630 -0.9310
vn 0.0186 0.4195 -0.9076
vn 0.0386 0.6701 -0.7413
vn 0.0393 0.6675 -0.7435
vn -0.0141 0.6485 -0.7611
vn 0.0304 0.7200 -0.6933
vn 0.0510 0.7278 -0.6839
vn -0.0862 0.6837 -0.7246
vn -0.0318 0.6393 -0.7683
vn 0.0533 0.6551 -0.7536
vn -0.1608 0.4848 -0.8597
vn -0.0039 0.4885 -0.8725
vn -0.2129 0.5886 -0.7799
vn -0.3593 0.5088 -0.7823
vn -0.2503 0.6063 -0.7548
vn -0.3873 0.5139 -0.7654
vn -0.4853 0.4233 -0.7651
vn -0.3477 0.4417 -0.8271
vn -0.4279 0.3440 -0.8358
vn -0.4897 0.2530 -0.8344
vn -0.2892 0.2130 -0.9333
vn -0.3381 0.1370 -0.9311
vn -0.3739 0.0932 -0.9228
vn -0.1419 0.0248 -0.9896
vn -0.1775 -0.0055 -0.9841
vn -0.2107 0.0170 -0.9774
vn -0.0431 -0.0265 -0.9987
vn -0.0869 0.0247 -0.9959
vn -0.1449 0.0678 -0.9871
vn -0.0216 0.0781 -0.9967
vn -0.0883 0.1403 -0.9862
vn 0.0119 0.0022 -0.9999
vn 0.0237 0.0508 -0.9984
vn -0.0045 0.1601 -0.9871
vn 0.0350 -0.0333 -0.9988
vn 0.0309 -0.0165 -0.9994
vn -0.0130 -0.0291 -0.9995
vn 0.0027 0.0306 -0.9995
vn 0.0468 -0.0001 -0.9989
vn -0.1158 0.0971 -0.9885
vn -0.0893 0.2242 -0.9704
vn 0.0116 0.1730 -0.9849
vn -0.2341 0.3122 -0.9207
vn -0.0505 0.4253 -0.9036
vn 0.0147 0.1033 -0.9945
vn -0.5017 0.0394 -0.8642
vn -0.4106 0.0852 -0.9078
vn -0.4359 0.0221 -0.8997
vn -0.6121 0.0576 -0.7887
vn -0.5319 0.1115 -0.8394
vn -0.6330 0.1506 -0.7593
vn -0.6154 0.1740 -0.7688
vn -0.4732 0.1162 -0.8732
vn -0.5934 0.1648 -0.7878
vn -0.6047 0.1733 -0.7774
vn -0.5988 0.1773 -0.7810
vn -0.4573 0.1040 -0.8832
vn -0.4851 0.1435 -0.8626
vn -0.6068 0.1867 -0.7726
vn -0.3321 0.1080 -0.9371
vn -0.3523 0.1571 -0.9226
vn -0.5083 0.2053 -0.8364
vn -0.2716 0.1361 -0.9527
vn -0.2716 0.1675 -0.9477
vn -0.3698 0.2079 -0.9056
vn -0.2696 0.1808 -0.9459
vn -0.2492 0.2083 -0.9458
vn -0.2715 0.2029 -0.9408
vn -0.2947 0.2761 -0.9149
vn -0.2249 0.3374 -0.9141
vn -0.2042 0.2623 -0.9431
vn -0.2778 0.4632 -0.8416
vn -0.2158 0.5022 -0.8374
vn -0.1734 0.3780 -0.9094
vn -0.2727 0.6545 -0.7051
vn -0.2623 0.6439 -0.7187
vn -0.2051 0.5016 -0.8404
vn -0.3422 0.8284 -0.4434
vn -0.3285 0.8263 -0.4575
vn -0.3496 0.6191 -0.7032
vn -0.3705 0.3848 -0.8454
vn -0.3351 0.2410 -0.9109
vn -0.2823 0.1605 -0.9458
vn -0.2727 0.1055 -0.9563
vn -0.3144 0.0589 -0.9475
vn -0.4378 0.0869 -0.8949
vn -0.5836 0.1312 -0.8013
vn -0.6630 0.0681 -0.7455
vn -0.7071 -0.0728 -0.7034
vn -0.6295 -0.0758 -0.7733
vn 0.0469 0.2856 -0.9572
vn -0.5145 -0.3291 -0.7918
vn -0.5315 -0.3683 -0.7628
vn -0.6824 -0.3363 -0.6490
vn -0.2946 -0.2818 -0.9131
vn -0.3260 -0.3495 -0.8784
vn -0.1603 -0.2992 -0.9406
vn -0.2428 -0.2791 -0.9290
vn -0.3939 -0.3133 -0.8641
vn -0.2047 -0.2150 -0.9549
vn -0.2748 -0.1328 -0.9523
vn -0.3211 -0.1665 -0.9323
vn -0.3184 -0.0822 -0.9444
vn -0.3419 -0.0258 -0.9394
vn -0.3045 -0.0519 -0.9511
vn -0.4286 0.0057 -0.9035
vn -0.4194 0.0207 -0.9075
vn -0.3378 0.0031 -0.9412
vn -0.5670 0.0607 -0.8215
vn -0.5351 0.1112 -0.8374
vn -0.4023 0.0623 -0.9134
vn -0.7292 0.1783 -0.6607
vn -0.6587 0.3002 -0.6899
vn -0.4940 0.2091 -0.8440
vn -0.8421 0.3956 -0.3666
vn -0.7787 0.4800 -0.4041
vn -0.6156 0.3716 -0.6950
vn -0.8511 0.5249 -0.0063
vn -0.8019 0.5972 -0.0173
vn -0.7296 0.5298 -0.4324
vn -0.7387 0.5565 0.3804
vn -0.6857 0.6285 0.3671
vn -0.7473 0.6642 -0.0174
vn -0.5588 0.5156 0.6495
vn -0.4862 0.6119 0.6239
vn -0.5796 0.7311 0.3599
vn -0.3984 0.4768 0.7836
vn -0.3508 0.5581 0.7519
vn -0.3963 0.7014 0.5924
vn -0.4039 0.4905 0.7722
vn -0.3899 0.6282 0.6733
vn -0.3177 0.6366 0.7027
vn -0.5335 -0.2000 -0.8218
vn -0.7020 -0.2637 -0.6616
vn -0.2918 0.6922 0.6601
vn 0.4536 -0.0547 -0.8895
vn -0.7504 -0.3020 -0.5879
vn -0.7036 -0.2183 -0.6762
vn -0.3369 -0.1201 -0.9339
vn -0.3260 -0.0407 -0.9445
vn -0.3729 -0.1286 -0.9189
vn -0.3452 -0.1761 -0.9219
vn -0.3112 -0.1061 -0.9444
vn -0.3498 -0.1906 -0.9172
vn -0.2817 -0.1751 -0.9434
vn -0.2230 -0.0900 -0.9707
vn -0.3688 -0.2295 -0.9007
vn -0.3537 -0.2355 -0.9052
vn -0.2114 -0.1914 -0.9585
vn -0.5409 -0.2589 -0.8003
vn -0.6071 -0.2110 -0.7661
vn -0.3628 -0.2200 -0.9055
vn -0.8148 -0.1792 -0.5513
vn -0.8536 -0.0823 -0.5143
vn -0.6304 -0.1280 -0.7656
vn -0.9830 -0.0199 -0.1824
vn -0.9832 0.0687 -0.1689
vn -0.8496 0.0115 -0.5273
vn -0.9673 0.1176 0.2246
vn -0.9612 0.1764 0.2121
vn -0.9712 0.1388 -0.1935
vn -0.8327 0.1874 0.5211
vn -0.8473 0.2034 0.4907
vn -0.9626 0.2012 0.1816
vn -0.7258 0.2042 0.6570
vn -0.7174 0.2130 0.6633
vn -0.8555 0.2192 0.4692
vn -0.6226 0.2289 0.7483
vn -0.5610 0.2419 0.7917
vn -0.7067 0.2514 0.6613
vn -0.4545 0.2910 0.8419
vn -0.3594 0.2806 0.8900
vn -0.4920 0.2899 0.8209
vn -0.3434 0.3201 0.8830
vn -0.3621 0.2587 0.8955
vn -0.3390 0.2504 0.9068
vn -0.4367 0.2812 0.8545
vn -0.4967 0.2265 0.8379
vn -0.4142 0.2149 0.8844
vn -0.6115 0.2903 0.7361
vn -0.6685 0.2187 0.7109
vn -0.5691 0.2078 0.7956
vn -0.7029 0.4425 0.5568
vn -0.7270 0.3944 0.5621
vn -0.5704 0.3437 0.7460
vn -0.7747 0.5370 0.3339
vn -0.7827 0.5023 0.3676
vn -0.7094 0.5470 0.4446
vn -0.7083 0.5167 0.4810
vn -0.6346 0.4017 0.6603
vn -0.5441 0.4729 0.6930
vn -0.7607 0.5101 0.4014
vn -0.7980 0.4531 0.3973
vn -0.7871 0.5175 0.3356
vn -0.8026 0.4854 0.3468
vn -0.8060 0.4693 0.3607
vn -0.7002 0.4487 0.5554
vn -0.6967 0.4507 0.5580
vn -0.7000 0.4423 0.5607
vn -0.4468 0.4092 0.7955
vn -0.4309 0.4061 0.8058
vn -0.4133 0.4215 0.8072
vn -0.3227 0.4004 0.8576
vn -0.2926 0.4217 0.8582
vn -0.3369 0.2704 0.9019
vn -0.4950 0.4348 0.7523
vn -0.5573 0.2614 0.7881
vn -0.6370 -0.0345 0.7701
vn -0.8007 0.2327 0.5521
vn -0.8081 0.0050 0.5891
vn -0.7326 -0.1604 0.6615
vn -0.8178 0.0596 0.5725
vn -0.7603 -0.0700 0.6458
vn -0.6750 -0.0864 0.7327
vn -0.7971 -0.0219 0.6035
vn -0.7685 -0.0804 0.6348
vn -0.7619 -0.1625 0.6270
vn -0.8883 -0.1190 0.4436
vn -0.8930 -0.2247 0.3899
vn -0.8688 -0.3506 0.3498
vn -0.9585 -0.2816 0.0452
vn -0.9137 -0.4061 -0.0183
vn -0.8318 -0.5509 -0.0678
vn -0.7940 -0.3911 -0.4654
vn -0.7209 -0.4949 -0.4851
vn -0.6304 -0.6129 -0.4763
vn -0.5602 -0.3920 -0.7297
vn -0.4902 -0.4767 -0.7297
vn -0.6219 -0.3380 -0.7063
vn -0.4421 -0.2665 -0.8564
vn -0.4270 -0.2997 -0.8532
vn -0.3851 -0.2337 -0.8928
vn -0.3859 -0.2649 -0.8837
vn -0.6817 -0.2945 -0.6698
vn -0.4760 -0.2562 -0.8413
vn -0.8704 -0.3092 -0.3832
vn -0.9314 -0.2353 -0.2779
vn -0.7429 -0.2596 -0.6170
vn -0.9761 -0.1812 0.1197
vn -0.9780 -0.0696 0.1969
vn -0.9662 -0.1330 -0.2207
vn -0.8739 -0.0215 0.4857
vn -0.8565 0.0754 0.5106
vn -0.9738 0.0400 0.2240
vn -0.8201 0.0864 0.5657
vn -0.7977 0.1743 0.5773
vn -0.8367 0.1476 0.5274
vn -0.8173 0.2047 0.5386
vn -0.7704 0.2618 0.5813
vn -0.7558 0.2059 0.6216
vn -0.7484 0.3459 0.5660
vn -0.6760 0.3276 0.6601
vn -0.6970 0.2455 0.6738
vn -0.4868 0.4076 0.7726
vn -0.4490 0.3825 0.8076
vn -0.5768 0.3015 0.7592
vn -0.3334 0.4006 0.8534
vn -0.3416 0.3982 0.8513
vn -0.3800 0.3715 0.8471
vn -0.4830 0.4088 0.7743
vn -0.5289 0.3849 0.7564
vn -0.3813 0.3480 0.8565
vn -0.6251 -0.7739 -0.1014
vn -0.7216 -0.6865 -0.0897
vn -0.5503 -0.6896 -0.4707
vn -0.7086 -0.6472 0.2810
vn -0.8061 -0.5009 0.3150
vn -0.7066 -0.4047 0.5804
vn -0.7502 -0.2711 0.6030
vn -0.6029 -0.1912 0.7745
vn -0.6292 -0.1139 0.7688
vn -0.5308 -0.0936 0.8423
vn -0.6131 -0.1390 0.7777
vn -0.5839 -0.2276 0.7793
vn -0.6526 -0.2474 0.7162
vn -0.4195 -0.2829 0.8625
vn -0.3858 -0.0493 0.9213
vn -0.4571 -0.0372 0.8887
vn -0.4381 0.2934 0.8497
vn -0.6876 0.3073 0.6578
vn -0.6887 0.4234 0.5885
vn -0.8197 0.4024 0.4077
vn -0.8115 0.4420 0.3822
vn -0.6992 0.4541 0.5522
vn -0.8011 0.4375 0.4084
vn -0.7944 0.4458 0.4126
vn -0.6798 0.3378 0.6510
vn -0.6884 0.3403 0.6406
vn -0.4594 0.2440 0.8540
vn -0.4103 0.3499 0.8422
vn -0.3318 0.2047 0.9209
vn -0.3840 0.2600 0.8859
vn -0.4283 0.3833 0.8183
vn -0.2945 0.3313 0.8964
vn -0.3503 0.4464 0.8234
vn -0.2318 0.1295 0.9641
vn -0.0641 0.2018 0.9773
vn -0.1279 0.3895 0.9121
vn -0.2906 0.0352 0.9562
vn -0.1829 -0.0605 0.9813
vn -0.3124 0.1159 0.9429
vn -0.4585 0.1527 0.8755
vn -0.3709 -0.2374 -0.8978
vn -0.5235 0.6518 0.5488
vn -0.7294 0.1766 0.6609
vn -0.5447 0.5228 0.6557
vn -0.3046 0.6325 0.7121
vn -0.7340 0.4365 0.5203
vn -0.7265 0.2754 0.6296
vn -0.0375 0.7858 0.6173
vn 0.3694 0.4466 0.8150
vn 0.2019 0.3250 0.9239
vn 0.1152 0.5253 0.8431
vn 0.0523 0.5379 0.8414
vn 0.7280 -0.1689 -0.6644
vn -0.3014 -0.8959 0.3265
vn -0.4385 -0.8561 0.2735
vn -0.3347 -0.9414 -0.0427
vn -0.1591 -0.9871 0.0162
vn -0.3172 -0.8552 -0.4100
vn -0.1468 -0.9231 -0.3554
vn 0.0015 -0.9965 0.0836
vn -0.0375 -0.8948 0.4449
vn -0.1535 -0.9065 0.3933
vn -0.0918 -0.6775 0.7298
vn -0.1259 -0.6825 0.7199
vn -0.1054 -0.4432 0.8902
vn -0.1123 -0.4710 0.8749
vn -0.2172 -0.7044 0.6757
vn -0.1826 -0.5379 0.8230
vn -0.3281 -0.7196 0.6120
vn -0.2839 -0.5766 0.7661
vn -0.4306 -0.7110 0.5559
vn -0.1306 -0.4644 0.8760
vn -0.2632 -0.4635 0.8461
vn -0.3805 -0.5655 0.7318
vn -0.1966 -0.4558 0.8681
vn -0.3550 -0.3544 0.8651
vn -0.3756 -0.3910 0.8403
vn -0.3028 -0.3110 0.9009
vn -0.4065 -0.2310 0.8840
vn -0.4196 -0.2462 0.8737
vn -0.4268 -0.2543 0.8679
vn -0.4419 -0.1843 0.8779
vn -0.4606 -0.1967 0.8655
vn -0.5965 -0.2675 0.7567
vn -0.6291 -0.2136 0.7474
vn -0.4463 -0.1316 0.8852
vn -0.7919 -0.3242 0.5174
vn -0.8537 -0.2626 0.4497
vn -0.6514 -0.1827 0.7364
vn -0.8831 -0.3432 0.3200
vn -0.9206 -0.2621 0.2896
vn -0.8811 -0.2634 0.3927
vn -0.8008 -0.2299 0.5530
vn -0.7770 -0.0575 0.6269
vn -0.9300 -0.0969 0.3545
vn -0.6544 -0.0214 0.7559
vn -0.5896 0.1095 0.8002
vn -0.7559 0.1128 0.6448
vn -0.3732 0.1508 0.9154
vn -0.3145 0.2415 0.9180
vn -0.4851 0.2643 0.8335
vn -0.1075 0.1439 0.9837
vn -0.1484 0.1638 0.9753
vn -0.3162 0.2666 0.9105
vn 0.1515 -0.0182 0.9883
vn 0.2330 0.0091 0.9724
vn -0.2298 0.1636 0.9594
vn 0.2084 0.0045 0.9780
vn 0.1783 0.0179 0.9838
vn 0.2156 0.0480 0.9753
vn 0.0588 -0.0405 0.9974
vn 0.3223 -0.1671 0.9318
vn 0.3799 0.0615 0.9230
vn 0.1357 0.3370 0.9317
vn 0.2195 0.1831 0.9583
vn 0.0309 0.5565 0.8303
vn 0.3740 -0.0089 0.9274
vn 0.2346 -0.2533 0.9385
vn 0.1890 0.0026 0.9820
vn 0.2709 -0.0008 0.9626
vn 0.1277 0.0444 0.9908
vn 0.0999 0.1127 0.9886
vn -0.0270 0.0231 0.9994
vn -0.1352 0.1639 0.9772
vn -0.2669 0.0026 0.9637
vn -0.3258 -0.1785 0.9285
vn -0.4670 -0.0105 0.8842
vn -0.4947 -0.1595 0.8543
vn -0.5105 -0.2384 0.8262
vn -0.6788 -0.1715 0.7140
vn -0.6907 -0.2903 0.6624
vn -0.6932 -0.3821 0.6111
vn -0.8066 -0.3498 0.4765
vn -0.7923 -0.4144 0.4478
vn -0.7518 -0.4611 0.4713
vn -0.8339 -0.3964 0.3840
vn -0.7859 -0.4501 0.4241
vn -0.7041 -0.5498 0.4493
vn -0.7321 -0.3803 0.5651
vn -0.6410 -0.4714 0.6057
vn -0.4991 -0.6080 0.6175
vn -0.5399 -0.3550 0.7632
vn -0.4069 -0.5038 0.7619
vn -0.2137 -0.6695 0.7114
vn -0.3158 -0.3750 0.8716
vn -0.1031 -0.4963 0.8620
vn 0.0485 -0.5378 0.8417
vn -0.1121 -0.4298 0.8960
vn 0.0483 -0.4746 0.8789
vn 0.0530 -0.4320 0.9003
vn -0.0233 -0.4501 0.8927
vn 0.0478 -0.3488 0.9360
vn -0.0104 -0.2609 0.9653
vn -0.0435 -0.3886 0.9204
vn -0.0346 -0.3052 0.9516
vn -0.2160 -0.4691 0.8563
vn -0.0116 -0.5206 0.8537
vn -0.0785 -0.3684 0.9264
vn -0.3568 -0.5932 0.7217
vn -0.1605 -0.7118 0.6838
vn -0.2830 -0.8554 0.4338
vn -0.2492 -0.8580 0.4492
vn -0.0925 -0.7466 0.6588
vn -0.3784 -0.8701 0.3158
vn -0.4594 -0.7827 0.4199
vn -0.3457 -0.7593 0.5513
vn -0.4986 -0.7324 0.4637
vn -0.5692 -0.6542 0.4981
vn -0.5650 -0.6813 0.4655
vn -0.5363 -0.5485 0.6415
vn -0.5954 -0.4944 0.6333
vn -0.6744 -0.5396 0.5040
vn -0.5221 -0.4406 0.7302
vn -0.5443 -0.3920 0.7417
vn -0.6630 -0.4449 0.6021
vn -0.3649 -0.2692 0.8913
vn -0.3188 -0.2034 0.9257
vn -0.5463 -0.3068 0.7793
vn -0.0558 -0.1245 0.9907
vn -0.0723 -0.2574 0.9636
vn -0.2997 -0.2265 0.9267
vn 0.1880 -0.2973 0.9361
vn 0.1756 -0.2925 0.9400
vn -0.1281 -0.2238 0.9662
vn 0.5036 -0.3331 0.7971
vn 0.5829 -0.1747 0.7935
vn 0.2794 -0.0233 0.9599
vn 0.7702 -0.3690 0.5203
vn 0.7469 -0.4203 0.5152
vn 0.8526 -0.4045 0.3308
vn 0.7370 -0.5672 0.3677
vn 0.6463 -0.6930 0.3194
vn 0.2452 -0.8984 0.3643
vn 0.3733 -0.7818 0.4995
vn -0.2623 -0.8863 0.3817
vn -0.1766 -0.7510 0.6363
vn -0.3890 -0.7796 0.4908
vn -0.2735 -0.5556 0.7852
vn -0.0322 -0.1401 0.9896
vn -0.0841 -0.3440 0.9352
vn -0.1653 -0.4032 0.9001
vn -0.2311 -0.3059 0.9236
vn -0.2846 -0.7016 0.6532
vn -0.2695 -0.6467 0.7135
vn -0.3283 -0.6393 0.6953
vn -0.2898 -0.8528 0.4344
vn -0.3074 -0.8644 0.3980
vn -0.2005 -0.8989 0.3896
vn -0.2713 -0.9611 0.0527
vn -0.2365 -0.9652 0.1113
vn -0.0034 -0.9843 0.1767
vn -0.2616 -0.9648 -0.0255
vn -0.0501 -0.9987 -0.0101
vn -0.0608 -0.9978 0.0278
vn -0.0578 -0.9982 -0.0145
vn -0.0764 -0.9965 0.0337
vn 0.0850 -0.9749 0.2056
vn -0.0728 -0.9722 0.2225
vn 0.0625 -0.9334 0.3535
vn 0.1764 -0.8901 0.4203
vn 0.0771 -0.8541 0.5143
vn 0.2079 -0.8372 0.5058
vn 0.1337 -0.6894 0.7119
vn 0.2895 -0.6959 0.6572
vn 0.2438 -0.3607 0.9003
vn 0.3877 -0.4377 0.8113
vn 0.3756 0.0316 0.9262
vn 0.4435 -0.0803 0.8927
vn 0.5139 0.3461 0.7850
vn 0.4562 0.1526 0.8767
vn 0.6445 0.4271 0.6342
vn 0.4619 0.2069 0.8625
vn 0.3310 0.5478 0.7683
vn 0.3955 0.7527 0.5264
vn 0.2003 0.5947 0.7786
vn 0.2003 0.8332 0.5154
vn 0.2088 0.7928 0.5727
vn 0.2018 0.8947 0.3986
vn 0.1641 0.9437 0.2872
vn 0.1705 0.9548 0.2436
vn 0.1134 0.9876 0.1088
vn -0.0944 0.8404 0.5337
vn -0.1923 0.8841 0.4258
vn -0.2090 0.7027 0.6801
vn -0.2131 0.7865 0.5797
vn -0.1912 0.6074 0.7710
vn 0.1707 0.4822 0.8592
vn 0.1642 0.6104 0.7749
vn 0.4683 0.4229 0.7758
vn 0.4631 0.5674 0.6809
vn 0.6585 0.4295 0.6180
vn 0.5986 0.6159 0.5122
vn 0.5407 0.7106 0.4503
vn 0.6426 0.6330 0.4318
vn 0.5650 0.7281 0.3881
vn 0.3706 0.9126 0.1725
vn 0.5241 0.7649 0.3745
vn 0.2489 0.9593 0.1334
vn 0.0352 0.9976 -0.0602
vn 0.0630 0.9481 0.3117
vn -0.0891 0.9622 0.2572
vn -0.0619 0.9216 0.3832
vn -0.2174 0.7270 0.6513
vn -0.1706 0.6424 0.7472
vn -0.2313 0.6410 0.7319
vn -0.2412 0.2737 0.9311
vn -0.3396 0.2037 0.9182
vn -0.0882 0.1222 0.9886
vn -0.3524 -0.0970 0.9308
vn -0.2281 -0.1375 0.9639
vn -0.1210 -0.0984 0.9878
vn -0.3083 -0.2627 0.9143
vn -0.2255 -0.2516 0.9412
vn -0.1639 -0.2622 0.9510
vn -0.2833 -0.4220 0.8612
vn -0.2263 -0.4737 0.8511
vn -0.1239 -0.5433 0.8303
vn -0.2404 -0.7115 0.6602
vn -0.1465 -0.7696 0.6215
vn -0.2100 -0.8274 0.5209
vn -0.1320 -0.8536 0.5039
vn -0.2806 -0.7994 0.5313
vn -0.2958 -0.8671 0.4008
vn -0.2008 -0.8730 0.4444
vn -0.4049 -0.7785 0.4797
vn -0.2322 -0.7847 0.5748
vn -0.3712 -0.8598 0.3506
vn -0.4553 -0.8190 0.3493
vn -0.4206 -0.8649 0.2740
vn -0.4404 -0.7580 0.4811
vn -0.5217 -0.6572 0.5440
vn -0.3805 -0.8619 0.3351
vn -0.3816 -0.8479 0.3680
vn -0.3475 -0.9019 0.2566
vn -0.3992 -0.7044 0.5869
vn -0.4641 -0.6496 0.6022
vn -0.4455 -0.7909 0.4195
vn -0.4389 -0.5104 0.7395
vn -0.4749 -0.4908 0.7305
vn -0.4959 -0.6069 0.6211
vn -0.4395 -0.3777 0.8150
vn -0.4450 -0.3648 0.8179
vn -0.5031 -0.4680 0.7266
vn -0.3470 -0.1827 0.9199
vn -0.2885 -0.1316 0.9484
vn -0.4286 -0.3201 0.8449
vn -0.0461 0.1416 0.9888
vn 0.1026 0.1115 0.9885
vn -0.1519 -0.0874 0.9845
vn 0.3971 0.2429 0.8851
vn 0.4834 -0.0671 0.8728
vn 0.2098 -0.0895 0.9736
vn 0.7224 -0.0257 0.6910
vn 0.7580 -0.3034 0.5774
vn 0.4799 -0.3196 0.8170
vn 0.8857 0.0188 0.4639
vn 0.8910 -0.2464 0.3812
vn 0.9252 0.0779 0.3713
vn 0.9270 -0.2056 0.3138
vn 0.8612 -0.1253 0.4926
vn 0.7957 -0.4194 0.4369
vn 0.8544 -0.4283 0.2941
vn 0.5733 -0.4126 0.7079
vn 0.2824 -0.7797 0.5589
vn 0.5141 -0.7771 0.3629
vn 0.0112 -0.9486 0.3164
vn 0.1110 -0.9491 0.2947
vn -0.2628 -0.9613 0.0831
vn -0.2830 -0.9379 0.2007
vn -0.3806 -0.9237 0.0436
vn -0.4211 -0.8754 0.2374
vn -0.3314 -0.8650 0.3768
vn -0.3159 -0.9450 0.0842
vn -0.0842 -0.9252 0.3701
vn -0.2652 -0.9621 0.0632
vn -0.2332 -0.9084 0.3469
vn -0.2823 -0.9540 0.1008
vn -0.3152 -0.9395 0.1341
vn -0.3518 -0.8752 0.3319
vn -0.3113 -0.8844 0.3476
vn -0.3983 -0.7153 0.5742
vn -0.2962 -0.7021 0.6476
vn -0.1409 -0.7739 0.6175
vn -0.2296 -0.3173 0.9201
vn -0.0284 -0.4249 0.9048
vn 0.0571 -0.4096 0.9105
vn 0.1275 0.2096 0.9694
vn 0.1536 0.2154 0.9644
vn -0.1448 0.1454 0.9787
vn -0.0744 0.5348 0.8417
vn 0.1868 0.5709 0.7995
vn -0.3053 0.1696 0.9370
vn -0.2084 0.4589 0.8637
vn 0.1640 0.0541 0.9850
vn 0.1811 0.3415 0.9223
vn 0.4357 -0.0376 0.8993
vn 0.4716 0.2472 0.8464
vn 0.7024 -0.0468 0.7102
vn 0.7055 0.1854 0.6840
vn 0.0331 -0.4475 0.8936
vn 0.3082 -0.4330 0.8471
vn -0.1262 -0.7774 0.6162
vn 0.1193 -0.7610 0.6377
vn -0.4073 -0.3366 0.8490
vn 0.0016 -0.7413 0.6712
vn -0.0140 -0.7887 0.6146
vn 0.1261 -0.3374 0.9329
vn -0.0484 -0.8924 0.4487
vn -0.0432 -0.9401 0.3381
vn -0.0468 -0.9899 0.1342
vn -0.2367 -0.9611 0.1421
vn -0.2081 -0.9305 0.3013
vn -0.2567 -0.9661 0.0273
vn -0.2844 -0.9584 0.0220
vn -0.3045 -0.9389 0.1605
vn -0.2717 -0.9615 -0.0405
vn -0.2750 -0.9600 -0.0521
vn -0.2838 -0.9585 -0.0251
vn 0.2498 0.1575 0.9554
vn 0.8484 0.1435 0.5095
vn 0.7744 0.4189 0.4741
vn 0.8199 0.3756 0.4320
vn 0.6496 0.6194 0.4409
vn 0.7901 0.3338 0.5142
vn 0.6141 0.5908 0.5234
vn 0.4119 0.7717 0.4846
vn 0.4620 0.5270 0.7133
vn 0.2769 0.6826 0.6763
vn -0.1028 0.7967 0.5956
vn 0.0954 0.4930 0.8648
vn -0.2111 0.5072 0.8356
vn -0.2840 0.3749 0.8825
vn -0.3327 0.0536 0.9415
vn -0.3358 -0.0448 0.9409
vn -0.2781 -0.0884 0.9565
vn -0.3540 -0.2321 0.9060
vn -0.2933 -0.2581 0.9205
vn -0.3501 -0.2634 0.8989
vn -0.3174 -0.3518 0.8806
vn -0.3419 -0.3306 0.8797
vn -0.3393 -0.3650 0.8670
vn -0.3601 -0.5536 0.7509
vn -0.3509 -0.5954 0.7228
vn -0.3668 -0.7426 0.5604
vn -0.3461 -0.7672 0.5400
vn -0.3718 -0.5339 0.7594
vn -0.3955 -0.3745 0.8387
vn -0.3883 -0.2028 0.8989
vn -0.1824 0.1132 0.9767
vn 0.2637 0.4102 0.8730
vn 0.6083 0.2927 0.7377
vn -0.3011 -0.6511 0.6967
vn 0.0066 -0.3646 0.9311
vn -0.0792 -0.2988 0.9510
vn -0.0210 -0.6218 0.7829
vn 0.0734 -0.6741 0.7350
vn -0.0488 -0.8003 0.5976
vn 0.0092 -0.8014 0.5980
vn 0.0131 -0.1547 0.9879
vn -0.0168 -0.0932 0.9955
vn 0.0638 0.1411 0.9879
vn 0.0289 0.1620 0.9864
vn -0.0813 -0.0703 0.9942
vn 0.1486 0.4073 0.9011
vn 0.1964 0.4318 0.8803
vn 0.0393 0.1365 0.9899
vn 0.3250 0.6766 0.6607
vn 0.1684 0.7988 0.5775
vn 0.0872 0.5262 0.8459
vn 0.1874 0.9183 0.3488
vn -0.0442 0.9857 0.1627
vn -0.1045 0.8942 0.4353
vn -0.0927 0.9934 0.0675
vn -0.0487 0.9922 -0.1144
vn -0.0061 0.9998 0.0214
vn 0.1524 0.9296 0.3356
vn 0.4696 0.7977 0.3783
vn 0.4140 0.8024 0.4299
vn 0.5091 0.8335 0.2147
vn 0.3765 0.8312 0.4091
vn 0.3574 0.8325 0.4234
vn 0.2546 0.6565 0.7100
vn 0.2529 0.6141 0.7476
vn 0.1511 0.6498 0.7449
vn 0.1468 0.3754 0.9151
vn 0.0805 0.3907 0.9170
vn 0.1560 0.3230 0.9334
vn 0.0269 0.0927 0.9953
vn 0.1594 -0.0222 0.9870
vn 0.2649 -0.0502 0.9630
vn 0.1492 -0.2527 0.9560
vn 0.2211 -0.3074 0.9255
vn 0.2834 0.5686 0.7722
vn 0.1427 0.6353 0.7590
vn 0.3043 0.2533 0.9183
vn 0.2052 0.8328 0.5141
vn 0.1373 0.8576 0.4957
vn 0.1164 0.9797 0.1634
vn 0.2245 0.9657 0.1302
vn 0.2039 0.8513 0.4835
vn 0.2108 0.9594 -0.1877
vn 0.4731 0.8630 -0.1771
vn 0.4123 0.9047 0.1077
vn 0.5381 0.7805 -0.3182
vn 0.8711 0.4560 0.1826
vn 0.7025 0.7027 0.1131
vn 0.5114 0.8464 -0.1487
vn 0.8884 0.3580 0.2872
vn 0.2825 0.9580 0.0493
vn 0.7636 0.5626 0.3168
vn 0.3487 0.8301 0.4351
vn -0.0507 0.9885 0.1426
vn -0.2873 0.9164 0.2788
vn -0.1611 0.9869 -0.0021
vn -0.3013 0.9457 0.1221
vn -0.3893 0.9020 0.1866
vn -0.3022 0.9526 -0.0360
vn -0.3964 0.9161 0.0604
vn -0.2253 0.9727 -0.0556
vn -0.3665 0.9283 0.0630
vn -0.1296 0.9853 0.1110
vn -0.3043 0.9262 0.2224
vn 0.0041 0.9997 -0.0246
vn 0.1067 0.9673 0.2303
vn -0.0496 0.9361 0.3481
vn -0.1046 0.9708 -0.2158
vn 0.0004 0.9381 -0.3462
vn 0.0667 0.9903 -0.1217
vn -0.1699 0.9682 -0.1837
vn -0.2870 0.7845 0.5497
vn -0.1739 0.8236 0.5399
vn -0.3521 0.8618 0.3650
vn 0.1768 0.4875 0.8550
vn 0.7064 0.2851 0.6478
vn 0.1694 0.8904 -0.4225
vn 0.1313 -0.4407 0.8880
vn 0.0770 0.9895 -0.1222
vn -0.0423 0.9828 0.1800
vn 0.3519 0.8632 0.3619
vn -0.0532 0.7354 0.6756
vn 0.0392 -0.9348 0.3529
vn 0.1580 -0.9340 0.3204
vn 0.0822 -0.9181 0.3877
vn 0.1169 -0.9877 0.1043
vn 0.1087 -0.9915 0.0721
vn 0.1122 -0.9790 0.1702
vn 0.1448 -0.9765 0.1593
vn 0.1875 -0.8845 0.4273
vn -0.0090 -0.8846 0.4662
vn -0.0426 -0.9788 0.2006
vn 0.0431 -0.7018 0.7111
vn 0.0981 -0.7204 0.6866
vn 0.0535 -0.9001 0.4324
vn 0.1185 -0.4562 0.8820
vn -0.1807 -0.3685 0.9119
vn -0.1867 -0.6863 0.7030
vn -0.1895 -0.1093 0.9758
vn -0.2769 -0.0028 0.9609
vn -0.3066 -0.3018 0.9027
vn -0.2371 0.1766 0.9553
vn -0.1333 0.0862 0.9873
vn -0.1725 -0.0077 0.9850
vn -0.0547 0.1956 0.9792
vn 0.1696 0.1285 0.9771
vn 0.0710 -0.0998 0.9925
vn 0.0744 0.6153 0.7848
vn 0.1697 0.6222 0.7643
vn -0.1169 0.3462 0.9308
vn 0.2188 0.8555 0.4693
vn 0.2852 0.8605 0.4221
vn 0.2824 0.9279 0.2432
vn 0.3396 0.9012 0.2694
vn 0.2390 0.9296 0.2805
vn 0.2171 0.8373 0.5018
vn 0.1323 0.8581 0.4962
vn 0.1107 0.6770 0.7276
vn 0.1361 0.7245 0.6757
vn 0.0999 0.7143 0.6927
vn 0.1444 0.5308 0.8351
vn 0.1701 0.4743 0.8638
vn 0.0880 0.4144 0.9058
vn 0.2173 0.1952 0.9564
vn 0.1545 0.1607 0.9748
vn 0.0478 0.0557 0.9973
vn 0.2252 -0.0542 0.9728
vn 0.1088 -0.1514 0.9825
vn 0.2579 -0.3252 0.9098
vn 0.1417 -0.3240 0.9354
vn 0.2272 -0.6568 0.7191
vn 0.1526 -0.6006 0.7848
vn 0.1917 -0.0754 0.9786
vn 0.1198 -0.4121 0.9032
vn 0.1579 0.2231 0.9619
vn 0.1437 -0.1855 0.9721
vn -0.1056 0.6893 0.7168
vn 0.0213 0.7072 0.7067
vn -0.0394 0.3639 0.9306
vn -0.0199 0.4963 0.8679
vn -0.1349 0.2417 0.9609
vn 0.0968 0.9717 0.2156
vn 0.1533 0.9453 0.2878
vn 0.0770 0.8922 0.4450
vn 0.1268 -0.8817 0.4545
vn -0.2835 -0.9573 0.0567
vn 0.1426 -0.2897 0.9464
vn -0.4783 -0.4943 0.7259
vn -0.4356 -0.5268 0.7299
vn -0.3701 -0.4189 0.8292
vn -0.3648 -0.4295 0.8261
vn -0.2954 -0.6247 0.7229
vn -0.2705 -0.4761 0.8368
vn -0.1766 -0.5524 0.8147
vn -0.1884 -0.3393 0.9216
vn -0.1392 -0.4755 0.8686
vn -0.0760 -0.7209 0.6889
vn -0.1669 -0.6690 0.7243
vn -0.0932 -0.6958 0.7121
vn 0.4577 -0.2583 0.8508
vn -0.1036 -0.2815 0.9540
vn -0.0154 -0.8787 0.4770
vn 0.6632 0.1913 0.7236
vn 0.4394 0.1604 0.8839
vn 0.4813 -0.3667 0.7962
vn -0.0145 0.3809 0.9245
vn -0.0397 0.4521 0.8911
vn 0.5810 -0.2503 -0.7744
vn 0.8798 -0.1259 -0.4583
vn 0.9969 0.0731 -0.0290
vn 0.5919 0.1757 0.7866
vn 0.3009 0.1455 0.9425
vn 0.3782 0.2122 0.9011
vn 0.4396 0.1687 0.8822
vn 0.4178 0.2860 0.8623
vn 0.6763 0.2390 0.6968
vn 0.6513 0.2894 0.7015
vn 0.5844 0.2687 0.7657
vn 0.6217 0.2649 0.7372
vn 0.5408 0.3051 0.7839
vn 0.5223 0.3937 0.7564
vn 0.5210 0.4571 0.7209
vn 0.6382 0.4858 0.5972
vn 0.6768 0.4150 0.6080
vn 0.5972 0.5289 0.6030
vn 0.7372 0.6030 0.3048
vn 0.7787 0.5387 0.3215
vn 0.7312 0.6060 0.3132
vn 0.7417 0.6426 0.1920
vn 0.7764 0.5931 0.2133
vn 0.6954 0.6786 0.2363
vn 0.6654 0.6641 0.3409
vn 0.7188 0.5973 0.3558
vn 0.6091 0.5277 0.5920
vn 0.6570 0.4914 0.5717
vn 0.5385 0.5779 0.6132
vn 0.4453 0.3805 0.8105
vn 0.5198 0.4003 0.7547
vn 0.4332 0.6223 0.6519
vn 0.3390 0.4022 0.8505
vn 0.3159 0.6485 0.6926
vn 0.2280 0.4271 0.8750
vn 0.4969 0.7782 0.3840
vn 0.6012 0.7160 0.3549
vn 0.6237 0.7299 0.2800
vn 0.7080 0.6214 0.3355
vn 0.6028 0.5515 0.5766
vn 0.5280 0.4874 0.6954
vn 0.3628 0.3396 0.8678
vn 0.4251 0.1123 0.8982
vn 0.1368 0.4294 0.8927
vn 0.0431 0.2282 0.9727
vn 0.0310 0.0841 0.9960
vn 0.0138 -0.3137 0.9494
vn 0.0277 -0.6327 0.7739
vn 0.1834 -0.8038 0.5660
vn 0.2086 0.6135 0.7616
vn -0.0103 0.7553 0.6553
vn -0.0436 -0.1962 0.9796
vn -0.0577 -0.6165 0.7852
vn 0.0861 -0.5636 0.8215
vn 0.3459 -0.1146 0.9312
vn -0.0671 -0.9395 0.3358
vn -0.1979 -0.8924 0.4056
vn -0.0901 -0.9959 0.0053
vn -0.3076 -0.9502 0.0498
vn 0.2652 -0.9641 0.0110
vn 0.3047 -0.9242 0.2305
vn -0.0650 -0.9959 0.0622
vn 0.2639 -0.8374 0.4786
vn -0.0699 -0.9507 0.3022
vn 0.0466 -0.7350 0.6765
vn -0.2516 -0.8196 0.5147
vn 0.4905 -0.6445 0.5865
vn 0.3455 -0.5190 0.7818
vn 0.5247 -0.2251 0.8210
vn 0.3666 -0.0999 0.9250
vn 0.1573 -0.4031 0.9015
vn -0.0730 -0.0101 0.9973
vn -0.2905 -0.2589 0.9212
vn -0.6076 -0.3332 0.7209
vn -0.5355 -0.0227 0.8442
vn -0.6147 -0.1177 0.7799
vn -0.3319 0.3893 0.8593
vn -0.4651 0.2932 0.8353
vn -0.5928 0.2291 0.7721
vn -0.2325 0.6294 0.7415
vn -0.3482 0.6464 0.6789
vn -0.1153 0.6222 0.7744
vn 0.1191 0.1901 0.9745
vn 0.2924 0.4126 0.8627
vn 0.5201 0.4609 0.7191
vn 0.4712 0.1518 0.8689
vn 0.5294 0.6846 0.5011
vn 0.5164 0.6181 0.5927
vn 0.5930 0.4724 0.6521
vn 0.6971 0.4411 0.5653
vn 0.6124 0.1172 0.7818
vn 0.7583 0.0411 0.6506
vn 0.8216 -0.0678 0.5660
vn 0.6772 -0.3325 0.6564
vn 0.7666 -0.4187 0.4868
vn 0.7903 -0.4994 0.3549
vn 0.5751 -0.7260 0.3771
vn 0.5263 -0.8345 0.1629
vn 0.4207 -0.8894 0.1787
vn 0.2226 -0.9483 0.2262
vn 0.1449 -0.6507 0.7454
vn 0.6545 -0.2303 0.7201
vn 0.5223 0.7477 0.4100
vn 0.3292 0.9286 0.1713
vn 0.3516 0.8136 0.4630
vn 0.1066 0.9020 0.4184
vn -0.0537 0.8027 0.5939
vn -0.2707 -0.5881 0.7622
vn -0.4804 -0.5311 0.6980
vn -0.2854 -0.3571 0.8894
vn 0.0710 -0.7177 0.6927
vn -0.3583 -0.6218 0.6964
vn 0.0969 -0.5707 0.8154
vn 0.0043 -0.6135 0.7897
vn -0.4010 -0.4951 0.7708
vn -0.5829 -0.5747 0.5744
vn -0.5384 -0.7190 0.4394
vn -0.4544 -0.8455 0.2806
vn 0.7165 0.1938 0.6701
vn 0.2495 -0.1119 -0.9619
vn 0.2179 -0.1859 -0.9581
vn 0.3954 -0.1650 -0.9035
vn 0.3080 -0.3475 -0.8857
vn 0.3429 -0.5050 -0.7921
vn 0.2008 -0.5488 -0.8115
vn 0.1786 -0.3706 -0.9114
vn -0.1305 -0.7659 0.6296
vn 0.3974 0.2479 0.8835
vn 0.1354 -0.4913 0.8604
vn -0.3793 -0.3637 0.8508
vn -0.3575 -0.3000 0.8844
vn -0.2476 -0.1882 0.9504
vn -0.1308 -0.1348 0.9822
vn -0.1066 -0.2397 0.9650
vn 0.1111 -0.4074 0.9065
vn 0.2161 -0.6938 0.6870
vn 0.4159 -0.5887 0.6931
vn 0.3339 -0.4768 0.8131
vn 0.6069 0.0866 0.7900
vn 0.2028 -0.5395 -0.8172
vn 0.3246 -0.6348 0.7012
vn 0.0741 -0.7383 -0.6704
vn -0.0393 -0.8003 -0.5983
vn -0.0575 -0.8305 -0.5540
vn 0.5104 -0.7130 -0.4807
vn -0.0990 -0.5318 -0.8411
vn 0.0184 -0.8512 0.5244
vn -0.5502 0.7537 0.3595
vn -0.5957 0.7401 0.3122
vn 0.2922 -0.8152 0.5001
vn 0.1623 -0.5693 0.8060
vn 0.4434 -0.5787 0.6845
vn -0.6256 0.1549 0.7646
vn -0.3628 -0.1843 0.9135
vn -0.5617 0.6793 0.4722
vn 0.8329 0.4008 0.3816
vn 0.3676 0.9270 0.0746
vn 0.0858 0.9962 -0.0163
vn 0.3999 -0.7137 0.5751
vn -0.8228 0.0395 0.5670
vn -0.5225 0.0730 0.8495
vn -0.7757 0.3647 0.5151
vn -0.1704 0.8637 0.4743
vn -0.1448 -0.2103 -0.9668
vn 0.0543 -0.4646 -0.8838
vn 0.3847 -0.7405 0.5510
vn 0.0327 0.9046 0.4250
vn -0.0244 0.8975 0.4404
vn -0.0944 0.7759 0.6238
vn 0.3556 -0.7546 0.5515
vn 0.6355 -0.6665 -0.3897
vn 0.2785 -0.6879 -0.6703
vn 0.2664 -0.9127 -0.3099
vn -0.0959 0.9908 0.0958
vn -0.2227 0.9454 -0.2382
vn 0.1485 0.9829 -0.1088
vn -0.7889 0.4900 0.3708
vn -0.7072 0.1488 0.6912
vn -0.9429 0.1853 0.2767
vn -0.6629 -0.3568 0.6582
vn -0.8980 -0.3198 0.3022
vn -0.7235 -0.6045 0.3333
vn -0.4216 -0.6938 -0.5839
vn -0.4526 -0.8268 -0.3339
vn -0.6970 -0.6293 -0.3436
vn 0.0499 -0.3843 0.9219
vn 0.3417 -0.4724 0.8124
vn 0.0338 -0.6431 0.7651
vn 0.4875 0.4830 -0.7273
vn 0.2263 0.8275 -0.5138
vn -0.6537 0.6422 -0.4002
vn -0.8238 0.5314 -0.1973
vn -0.6379 0.7519 -0.1667
vn -0.3435 0.9305 0.1268
vn -0.4459 0.8703 -0.2094
vn -0.6131 0.7810 0.1189
vn -0.2311 0.7059 0.6695
vn -0.5085 0.6270 0.5901
vn 0.2594 0.3038 0.9168
vn 0.1664 0.7931 0.5859
vn -0.1494 0.2516 0.9562
vn -0.1468 -0.1088 0.9832
vn -0.4459 0.2012 0.8722
vn -0.4244 -0.1152 0.8981
vn -0.3595 -0.2527 0.8983
vn -0.6708 -0.0732 0.7380
vn -0.6635 -0.2329 0.7110
vn -0.9585 -0.0264 0.2840
vn -0.9240 -0.2643 0.2762
vn -0.9934 0.0323 -0.1104
vn -0.9679 -0.2058 -0.1443
vn -0.9355 -0.3315 -0.1220
vn -0.8316 -0.1606 -0.5316
vn -0.8265 -0.3107 -0.4695
vn -0.4758 -0.1283 -0.8701
vn -0.4543 -0.4149 -0.7884
vn -0.0575 -0.1068 -0.9926
vn -0.0437 -0.4738 -0.8795
vn 0.3940 -0.0364 -0.9184
vn 0.3867 -0.4299 -0.8159
vn 0.7540 0.0885 -0.6509
vn 0.7801 -0.3396 -0.5254
vn 0.9441 0.2138 -0.2511
vn 0.9663 -0.2365 -0.1014
vn 0.7305 -0.6829 -0.0062
vn 0.9188 -0.1482 0.3658
vn 0.6577 -0.6444 0.3900
vn 0.9193 0.3172 0.2328
vn 0.5610 0.3496 0.7504
vn 0.5141 -0.0384 0.8569
vn 0.6343 0.7719 -0.0436
vn 0.4336 0.8244 0.3637
vn 0.2916 -0.9564 0.0148
vn 0.2010 -0.8921 0.4046
vn -0.1019 -0.9948 0.0064
vn -0.1386 -0.8875 0.4394
vn -0.4596 -0.7845 0.4163
vn -0.1410 -0.5826 0.8004
vn -0.3405 -0.4988 0.7970
vn -0.4876 -0.8729 -0.0147
vn 0.6706 0.6343 -0.3846
vn -0.1829 0.2934 -0.9383
vn 0.1767 0.4208 -0.8898
vn -0.3574 0.6092 -0.7079
vn -0.0843 0.7161 -0.6928
vn -0.4440 0.7718 -0.4552
vn -0.1820 0.8746 -0.4495
vn -0.5326 0.1780 -0.8275
vn -0.6369 0.4646 -0.6152
vn -0.8596 0.1056 -0.5000
vn -0.8729 0.3050 -0.3808
vn -0.9669 0.2482 -0.0599
vn -0.1622 -0.3465 0.9239
vn 0.1908 -0.0555 0.9801
vn -0.8408 0.5400 0.0388
vn 0.2022 0.9345 -0.2929
vn -0.7707 -0.6346 -0.0571
vn -0.0926 -0.9360 -0.3397
vn -0.0851 -0.7386 -0.6688
vn 0.7257 0.4830 -0.4900
vn 0.8938 0.3714 -0.2512
vn 0.7192 0.6466 -0.2544
vn -0.0288 -0.6722 -0.7398
vn 0.2813 -0.6041 -0.7456
vn 0.0823 -0.4136 -0.9067
vn 0.4476 0.8365 0.3160
vn 0.2931 0.8230 0.4866
vn 0.2284 0.9208 0.3161
vn -0.6935 -0.6178 0.3707
vn -0.7122 -0.4123 0.5682
vn -0.8790 -0.3297 0.3446
vn 0.0925 0.7269 -0.6805
vn -0.1372 0.6785 -0.7216
vn 0.0533 0.5343 -0.8436
vn -0.9448 0.1876 -0.2687
vn -0.9485 -0.0824 -0.3060
vn -0.8614 0.0577 -0.5046
vn -0.2291 -0.0510 0.9721
vn -0.4421 -0.0573 0.8951
vn -0.4133 0.1206 0.9026
vn 0.0711 0.1636 0.9840
vn -0.0028 0.1031 0.9947
vn 0.1538 -0.0823 0.9847
vn 0.2167 -0.0069 0.9762
vn 0.4617 -0.1286 0.8777
vn 0.5479 0.1124 0.8290
vn 0.2675 0.1756 0.9474
vn 0.5648 0.3762 0.7345
vn 0.2609 0.4013 0.8780
vn -0.0097 0.3988 0.9170
vn 0.2024 0.6941 0.6908
vn -0.1037 0.6924 0.7141
vn -0.3513 0.6072 0.7127
vn -0.1747 0.8328 0.5253
vn -0.4560 0.7379 0.4976
vn -0.6828 0.5534 0.4771
vn -0.5192 0.8142 0.2598
vn -0.7456 0.6236 0.2351
vn -0.8905 0.3875 0.2385
vn -0.7623 0.6472 -0.0079
vn -0.9073 0.4203 -0.0158
vn -0.7322 0.6074 -0.3081
vn -0.8689 0.3947 -0.2986
vn -0.6396 0.4965 -0.5868
vn -0.7795 0.2689 -0.5658
vn -0.4765 0.3174 -0.8199
vn -0.6358 0.0677 -0.7689
vn -0.7605 -0.1615 -0.6289
vn -0.4357 -0.1296 -0.8907
vn -0.5662 -0.3941 -0.7239
vn -0.6554 -0.5947 -0.4656
vn -0.3008 -0.5728 -0.7625
vn -0.3683 -0.7824 -0.5022
vn -0.4033 -0.8985 -0.1733
vn -0.0176 -0.8637 -0.5037
vn -0.0321 -0.9841 -0.1747
vn -0.0656 -0.9846 0.1620
vn 0.3823 -0.9075 -0.1740
vn 0.3550 -0.9186 0.1738
vn 0.3147 -0.8223 0.4741
vn 0.7098 -0.6827 0.1736
vn 0.6199 -0.6076 0.4966
vn 0.9131 -0.3722 0.1664
vn 0.8035 -0.3091 0.5088
vn 0.9869 0.0062 0.1611
vn 0.8677 0.0463 0.4949
vn 0.9224 0.3550 0.1519
vn 0.8120 0.3604 0.4591
vn 0.7564 0.6359 0.1534
vn 0.6700 0.6273 0.3969
vn 0.7579 0.6511 -0.0400
vn 0.5043 0.8571 -0.1050
vn 0.4922 0.8590 0.1411
vn 0.2399 0.9632 0.1215
vn 0.2530 0.9552 -0.1536
vn -0.0045 0.9815 -0.1914
vn 0.2805 0.8640 -0.4180
vn 0.0319 0.8841 -0.4663
vn 0.5001 0.7888 -0.3574
vn 0.5315 0.6052 -0.5926
vn 0.3121 0.6804 -0.6631
vn 0.5131 0.3431 -0.7868
vn 0.2742 0.4503 -0.8498
vn 0.4114 0.0490 -0.9101
vn 0.1571 0.1977 -0.9676
vn -0.2697 0.1343 -0.9535
vn -0.1024 0.3549 -0.9293
vn -0.0083 -0.0487 -0.9988
vn 0.2553 -0.2194 -0.9416
vn 0.4852 -0.4016 -0.7767
vn 0.6641 -0.1048 -0.7403
vn 0.8800 -0.2735 -0.3882
vn 0.7490 0.2203 -0.6248
vn 0.9366 0.0811 -0.3409
vn 0.7360 -0.6592 -0.1542
vn 0.6866 -0.5876 -0.4281
vn 0.9257 -0.3553 -0.1298
vn 0.9960 0.0175 -0.0881
vn -0.2801 0.9583 0.0562
vn -0.0094 0.9955 0.0940
vn -0.2739 0.9323 -0.2362
vn -0.5297 0.7992 -0.2840
vn -0.2142 0.8298 -0.5153
vn -0.4500 0.6905 -0.5664
vn -0.2436 0.9210 0.3041
vn 0.0268 0.9427 0.3326
vn -0.5490 0.8356 0.0170
vn 0.9312 0.3616 -0.0457
vn -0.1370 -0.5632 0.8149
vn -0.1213 -0.8869 0.4457
vn 0.1691 -0.4442 0.8798
vn -0.4207 -0.5667 0.7085
vn -0.4418 -0.7877 0.4293
vn -0.3878 -0.2373 0.8907
vn -0.1594 -0.2349 0.9589
vn 0.0390 -0.1701 0.9846
vn 0.3435 -0.3032 0.8889
vn 0.3595 -0.8041 -0.4736
vn -0.4206 -0.8925 0.1629
vn -0.7107 -0.6872 0.1506
vn -0.7033 -0.6923 -0.1617
vn -0.9080 -0.3913 0.1496
vn -0.9053 -0.4063 -0.1237
vn -0.9754 -0.0949 0.1988
vn -0.9930 -0.1001 -0.0632
vn -0.9617 0.1406 0.2352
vn -0.9856 0.1676 -0.0208
vn -0.9166 -0.0707 0.3936
vn -0.8943 0.1195 0.4313
vn -0.7543 0.0583 0.6539
vn -0.7058 0.2524 0.6619
vn -0.8259 0.3309 0.4565
vn -0.7534 -0.1393 0.6427
vn -0.8547 -0.3307 -0.4001
vn -0.1780 -0.3014 -0.9367
vn -0.3037 0.5268 -0.7939
vn -0.5548 0.4687 0.6874
vn 0.1014 0.8421 0.5297
vn -0.2749 0.2450 0.9297
vn -0.1619 0.3402 0.9263
vn 0.4568 0.6490 0.6084
vn -0.0916 0.0357 0.9952
usemtl Material.002
s off
f 1/1/1 58/2/1 59/3/1 60/4/1
f 1/1/2 61/5/2 62/6/2 58/2/2
f 1/1/3 5/7/3 63/8/3 61/5/3
f 1/1/4 64/9/4 65/10/4 5/7/4
f 2/11/5 66/12/5 67/13/5 68/14/5
f 2/11/6 69/15/6 70/16/6 66/12/6
f 2/11/7 68/14/7 71/17/7 69/15/7
f 3/18/8 72/19/8 73/20/8 74/21/8
f 3/18/9 75/22/9 76/23/9 77/24/9
f 3/18/10 78/25/10 79/26/10 72/19/10
f 3/18/11 77/24/11 80/27/11 78/25/11
f 81/28/12 82/29/12 83/30/12 84/31/12
f 4/32/13 85/33/13 86/34/13 87/35/13
f 4/32/14 87/35/14 88/36/14 89/37/14
f 4/32/15 90/38/15 91/39/15 85/33/15
f 5/7/16 65/10/16 6/40/16 63/8/16
f 6/40/17 92/41/17 93/42/17 63/8/17
f 6/40/18 65/10/18 94/43/18 92/41/18
f 7/44/19 95/45/19 96/46/19 97/47/19
f 7/44/20 98/48/20 99/49/20 95/45/20
f 7/44/21 97/47/21 100/50/21 98/48/21
f 8/51/22 101/52/22 102/53/22 103/54/22
f 8/51/23 103/54/23 104/55/23 105/56/23
f 8/51/24 105/56/24 106/57/24 101/52/24
f 9/58/25 107/59/25 108/60/25 109/61/25
f 9/58/26 110/62/26 111/63/26 107/59/26
f 9/58/27 112/64/27 113/65/27 110/62/27
f 10/66/28 114/67/28 115/68/28 116/69/28
f 10/66/29 116/69/29 117/70/29 118/71/29
f 10/66/30 118/71/30 119/72/30 114/67/30
f 11/73/31 120/74/31 121/75/31 122/76/31
f 11/73/32 122/76/32 123/77/32 124/78/32
f 11/73/33 125/79/33 126/80/33 120/74/33
f 12/81/34 42/82/34 124/78/34 123/77/34
f 12/81/35 127/83/35 128/84/35 42/82/35
f 13/85/36 129/86/36 130/87/36 131/88/36
f 13/85/37 131/88/37 132/89/37 133/90/37
f 13/85/38 133/90/38 134/91/38 129/86/38
f 14/92/39 135/93/39 136/94/39 137/95/39
f 14/92/40 138/96/40 139/97/40 135/93/40
f 14/92/41 137/95/41 140/98/41 138/96/41
f 15/99/42 141/100/42 142/101/42 143/102/42
f 15/99/43 144/103/43 145/104/43 84/31/43
f 15/99/44 143/102/44 146/105/44 144/103/44
f 16/106/45 147/107/45 148/108/45 100/50/45
f 16/106/46 149/109/46 150/110/46 147/107/46
f 16/106/47 100/50/47 97/47/47 149/109/47
f 17/111/48 151/112/48 152/113/48 153/114/48
f 17/111/49 154/115/49 155/116/49 151/112/49
f 17/111/50 153/114/50 156/117/50 157/118/50
f 17/111/51 157/118/51 158/119/51 159/120/51
f 17/111/52 159/120/52 160/121/52 154/115/52
f 18/122/53 161/123/53 162/124/53 163/125/53
f 18/122/54 164/126/54 165/127/54 161/123/54
f 18/122/55 163/125/55 166/128/55 164/126/55
f 19/129/56 167/130/56 168/131/56 169/132/56
f 19/129/57 169/132/57 170/133/57 171/134/57
f 19/129/58 171/134/58 172/135/58 173/136/58
f 19/129/59 173/136/59 174/137/59 175/138/59
f 19/129/60 175/138/60 176/139/60 167/130/60
f 20/140/61 177/141/61 178/142/61 179/143/61
f 20/140/62 179/143/62 180/144/62 181/145/62
f 20/140/63 181/145/63 182/146/63 177/141/63
f 21/147/64 183/148/64 184/149/64 185/150/64
f 21/147/65 185/150/65 186/151/65 187/152/65
f 21/147/66 187/152/66 188/153/66 183/148/66
f 22/154/67 189/155/67 190/156/67 191/157/67
f 22/154/68 192/158/68 193/159/68 189/155/68
f 22/154/69 191/157/69 194/160/69 195/161/69
f 22/154/70 196/162/70 197/163/70 192/158/70
f 22/154/71 195/161/71 198/164/71 196/162/71
f 199/165/72 200/166/72 201/167/72 202/168/72
f 23/169/73 203/170/73 204/171/73 205/172/73
f 23/169/74 206/173/74 207/174/74 203/170/74
f 23/169/75 208/175/75 209/176/75 210/177/75
f 23/169/76 210/177/76 211/178/76 206/173/76
f 23/169/77 205/172/77 212/179/77 208/175/77
f 24/180/78 213/181/78 214/182/78 215/183/78
f 217/184/79 218/185/79 213/181/79 24/180/79
f 24/180/80 215/183/80 216/186/80 217/184/80
f 25/187/81 219/188/81 220/189/81 221/190/81
f 25/187/82 222/191/82 223/192/82 219/188/82
f 25/187/83 221/190/83 224/193/83 222/191/83
f 26/194/84 225/195/84 226/196/84 227/197/84
f 26/194/85 227/197/85 228/198/85 229/199/85
f 26/194/86 214/182/86 230/200/86 225/195/86
f 26/194/87 229/199/87 231/201/87 232/202/87
f 26/194/88 232/202/88 215/183/88 214/182/88
f 27/203/89 233/204/89 75/22/89 234/205/89
f 27/203/90 235/206/90 236/207/90 233/204/90
f 27/203/91 234/205/91 237/208/91 235/206/91
f 28/209/92 238/210/92 239/211/92 240/212/92
f 28/209/93 241/213/93 242/214/93 238/210/93
f 28/209/94 240/212/94 243/215/94 241/213/94
f 29/216/95 244/217/95 245/218/95 246/219/95
f 29/216/96 246/219/96 247/220/96 248/221/96
f 29/216/97 249/222/97 158/119/97 244/217/97
f 30/223/98 250/224/98 251/225/98 252/226/98
f 30/223/99 252/226/99 253/227/99 254/228/99
f 30/223/100 254/228/100 255/229/100 256/230/100
f 31/231/101 257/232/101 258/233/101 259/234/101
f 31/231/102 260/235/102 261/236/102 262/237/102
f 31/231/103 262/237/103 263/238/103 257/232/103
f 32/239/104 264/240/104 265/241/104 266/242/104
f 32/239/105 267/243/105 268/244/105 264/240/105
f 32/239/106 266/242/106 269/245/106 267/243/106
f 33/246/107 270/247/107 271/248/107 272/249/107
f 33/246/108 273/250/108 269/245/108 266/242/108
f 33/246/109 266/242/109 265/241/109 270/247/109
f 34/251/110 274/252/110 275/253/110 276/254/110
f 34/251/111 277/255/111 278/256/111 274/252/111
f 34/251/112 279/257/112 280/258/112 277/255/112
f 35/259/113 281/260/113 282/261/113 283/262/113
f 35/259/114 284/263/114 285/264/114 281/260/114
f 35/259/115 286/265/115 287/266/115 284/263/115
f 36/267/116 288/268/116 289/269/116 290/270/116
f 36/267/117 290/270/117 291/271/117 292/272/117
f 36/267/118 292/272/118 293/273/118 288/268/118
f 37/274/119 294/275/119 295/276/119 296/277/119
f 37/274/120 297/278/120 298/279/120 294/275/120
f 37/274/121 296/277/121 299/280/121 297/278/121
f 38/281/122 300/282/122 301/283/122 302/284/122
f 38/281/123 302/284/123 303/285/123 304/286/123
f 38/281/124 304/286/124 305/287/124 306/288/124
f 39/289/125 307/290/125 308/291/125 309/292/125
f 39/289/126 309/292/126 310/293/126 311/294/126
f 39/289/127 311/294/127 305/287/127 312/295/127
f 39/289/128 313/296/128 314/297/128 307/290/128
f 40/298/129 315/299/129 209/176/129 208/175/129
f 40/298/130 316/300/130 317/301/130 315/299/130
f 40/298/131 318/302/131 319/303/131 316/300/131
f 40/298/132 208/175/132 212/179/132 320/304/132
f 40/298/133 320/304/133 321/305/133 318/302/133
f 41/306/134 322/307/134 323/308/134 324/309/134
f 41/306/135 325/310/135 326/311/135 322/307/135
f 41/306/136 324/309/136 327/312/136 325/310/136
f 42/82/137 328/313/137 329/314/137 124/78/137
f 42/82/138 330/315/138 331/316/138 328/313/138
f 42/82/139 128/84/139 332/317/139 330/315/139
f 43/318/140 333/319/140 334/320/140 335/321/140
f 43/318/141 335/321/141 336/322/141 337/323/141
f 43/318/142 337/323/142 338/324/142 333/319/142
f 44/325/143 339/326/143 340/327/143 341/328/143
f 44/325/144 342/329/144 343/330/144 339/326/144
f 44/325/145 344/331/145 193/159/145 342/329/145
f 44/325/146 341/328/146 345/332/146 346/333/146
f 44/325/147 346/333/147 347/334/147 344/331/147
f 45/335/148 348/336/148 349/337/148 350/338/148
f 45/335/149 350/338/149 351/339/149 352/340/149
f 45/335/150 353/341/150 354/342/150 355/343/150
f 45/335/151 355/343/151 356/344/151 348/336/151
f 45/335/152 352/340/152 357/345/152 353/341/152
f 46/346/153 358/347/153 359/348/153 360/349/153
f 46/346/154 361/350/154 362/351/154 358/347/154
f 46/346/155 360/349/155 363/352/155 361/350/155
f 11/73/156 124/78/156 329/314/156 125/79/156
f 47/353/157 364/354/157 365/355/157 366/356/157
f 47/353/158 367/357/158 368/358/158 364/354/158
f 47/353/159 366/356/159 369/359/159 367/357/159
f 48/360/160 370/361/160 371/362/160 372/363/160
f 48/360/161 373/364/161 374/365/161 370/361/161
f 48/360/162 372/363/162 375/366/162 373/364/162
f 49/367/163 204/171/163 203/170/163 376/368/163
f 49/367/164 377/369/164 378/370/164 204/171/164
f 49/367/165 376/368/165 50/371/165 377/369/165
f 50/371/166 379/372/166 380/373/166 381/374/166
f 50/371/167 376/368/167 57/375/167 379/372/167
f 51/376/168 382/377/168 383/378/168 384/379/168
f 51/376/169 384/379/169 385/380/169 386/381/169
f 51/376/170 386/381/170 387/382/170 382/377/170
f 52/383/171 388/384/171 389/385/171 390/386/171
f 52/383/172 391/387/172 392/388/172 388/384/172
f 52/383/173 390/386/173 393/389/173 391/387/173
f 53/390/174 394/391/174 395/392/174 396/393/174
f 53/390/175 397/394/175 398/395/175 394/391/175
f 54/396/176 399/397/176 400/398/176 401/399/176
f 54/396/177 402/400/177 403/401/177 404/402/177
f 54/396/178 404/402/178 405/403/178 399/397/178
f 54/396/179 401/399/179 406/404/179 407/405/179
f 55/406/180 408/407/180 409/408/180 410/409/180
f 55/406/181 411/410/181 412/411/181 408/407/181
f 55/406/182 410/409/182 413/412/182 411/410/182
f 56/413/183 414/414/183 415/415/183 416/416/183
f 56/413/184 417/417/184 418/418/184 414/414/184
f 56/413/185 416/416/185 419/419/185 417/417/185
f 57/375/186 376/368/186 203/170/186 207/174/186
f 57/375/187 207/174/187 345/332/187 379/372/187
f 419/419/188 420/420/188 421/421/188 422/422/188
f 419/419/189 422/422/189 423/423/189 417/417/189
f 419/419/190 416/416/190 108/60/190 420/420/190
f 423/423/191 422/422/191 424/424/191 425/425/191
f 423/423/192 425/425/192 426/426/192 427/427/192
f 423/423/193 427/427/193 418/418/193 417/417/193
f 427/427/194 426/426/194 428/428/194 429/429/194
f 427/427/195 429/429/195 430/430/195 418/418/195
f 430/430/196 429/429/196 431/431/196 432/432/196
f 430/430/197 432/432/197 433/433/197 434/434/197
f 430/430/198 434/434/198 414/414/198 418/418/198
f 434/434/199 433/433/199 435/435/199 436/436/199
f 434/434/200 436/436/200 415/415/200 414/414/200
f 436/436/201 435/435/201 437/437/201 438/438/201
f 436/436/202 438/438/202 109/61/202 415/415/202
f 438/438/203 437/437/203 439/439/203 440/440/203
f 438/438/204 440/440/204 9/58/204 109/61/204
f 440/440/205 439/439/205 441/441/205 442/442/205
f 440/440/206 442/442/206 112/64/206 9/58/206
f 442/442/207 441/441/207 443/443/207 444/444/207
f 442/442/208 444/444/208 445/445/208 112/64/208
f 445/445/209 446/446/209 113/65/209 112/64/209
f 445/445/210 444/444/210 447/447/210 448/448/210
f 445/445/211 448/448/211 449/449/211 446/446/211
f 449/449/212 450/450/212 451/451/212 446/446/212
f 449/449/213 448/448/213 452/452/213 453/453/213
f 449/449/214 453/453/214 454/454/214 450/450/214
f 454/454/215 453/453/215 455/455/215 456/456/215
f 454/454/216 456/456/216 457/457/216 176/139/216
f 454/454/217 176/139/217 175/138/217 450/450/217
f 457/457/218 456/456/218 458/458/218 459/459/218
f 457/457/219 459/459/219 460/460/219 461/461/219
f 457/457/220 461/461/220 167/130/220 176/139/220
f 461/461/221 460/460/221 462/462/221 463/463/221
f 461/461/222 463/463/222 168/131/222 167/130/222
f 463/463/223 462/462/223 464/464/223 465/465/223
f 463/463/224 465/465/224 466/466/224 168/131/224
f 466/466/225 467/467/225 169/132/225 168/131/225
f 466/466/226 465/465/226 468/468/226 469/469/226
f 466/466/227 469/469/227 470/470/227 467/467/227
f 470/470/228 471/471/228 472/472/228 467/467/228
f 470/470/229 469/469/229 473/473/229 474/474/229
f 470/470/230 474/474/230 475/475/230 471/471/230
f 475/475/231 476/476/231 477/477/231 471/471/231
f 475/475/232 474/474/232 478/478/232 479/479/232
f 475/475/233 479/479/233 480/480/233 476/476/233
f 480/480/234 481/481/234 482/482/234 476/476/234
f 480/480/235 479/479/235 483/483/235 484/484/235
f 480/480/236 484/484/236 485/485/236 481/481/236
f 485/485/237 486/486/237 487/487/237 481/481/237
f 485/485/238 484/484/238 488/488/238 489/489/238
f 485/485/239 489/489/239 490/490/239 486/486/239
f 490/490/240 489/489/240 491/491/240 492/492/240
f 490/490/241 492/492/241 493/493/241 494/494/241
f 490/490/242 494/494/242 495/495/242 486/486/242
f 495/495/243 153/114/243 152/113/243 496/496/243
f 495/495/244 496/496/244 487/487/244 486/486/244
f 495/495/245 494/494/245 156/117/245 153/114/245
f 496/496/246 152/113/246 497/497/246 498/498/246
f 496/496/247 498/498/247 499/499/247 487/487/247
f 499/499/248 498/498/248 500/500/248 501/501/248
f 499/499/249 501/501/249 502/502/249 482/482/249
f 499/499/250 482/482/250 481/481/250 487/487/250
f 502/502/251 501/501/251 503/503/251 504/504/251
f 502/502/252 504/504/252 505/505/252 477/477/252
f 502/502/253 477/477/253 476/476/253 482/482/253
f 505/505/254 504/504/254 506/506/254 507/507/254
f 505/505/255 507/507/255 170/133/255 472/472/255
f 505/505/256 472/472/256 471/471/256 477/477/256
f 507/507/257 506/506/257 508/508/257 509/509/257
f 507/507/258 509/509/258 171/134/258 170/133/258
f 509/509/259 508/508/259 510/510/259 511/511/259
f 509/509/260 511/511/260 172/135/260 171/134/260
f 511/511/261 510/510/261 512/512/261 513/513/261
f 511/511/262 513/513/262 514/514/262 172/135/262
f 514/514/263 513/513/263 515/515/263 516/516/263
f 514/514/264 516/516/264 517/517/264 518/518/264
f 514/514/265 518/518/265 173/136/265 172/135/265
f 518/518/266 517/517/266 519/519/266 520/520/266
f 518/518/267 520/520/267 174/137/267 173/136/267
f 520/520/268 519/519/268 521/521/268 522/522/268
f 520/520/269 522/522/269 451/451/269 174/137/269
f 522/522/270 521/521/270 110/62/270 113/65/270
f 522/522/271 113/65/271 446/446/271 451/451/271
f 521/521/272 519/519/272 523/523/272 524/524/272
f 521/521/273 524/524/273 111/63/273 110/62/273
f 524/524/274 523/523/274 525/525/274 526/526/274
f 524/524/275 526/526/275 527/527/275 111/63/275
f 527/527/276 526/526/276 528/528/276 529/529/276
f 527/527/277 529/529/277 530/530/277 531/531/277
f 527/527/278 531/531/278 107/59/278 111/63/278
f 531/531/279 530/530/279 421/421/279 420/420/279
f 531/531/280 420/420/280 108/60/280 107/59/280
f 530/530/281 529/529/281 532/532/281 533/533/281
f 530/530/282 533/533/282 534/534/282 421/421/282
f 534/534/283 533/533/283 535/535/283 536/536/283
f 534/534/284 536/536/284 537/537/284 424/424/284
f 534/534/285 424/424/285 422/422/285 421/421/285
f 537/537/286 536/536/286 538/538/286 387/382/286
f 537/537/287 387/382/287 386/381/287 539/539/287
f 537/537/288 539/539/288 425/425/288 424/424/288
f 539/539/289 386/381/289 385/380/289 540/540/289
f 539/539/290 540/540/290 426/426/290 425/425/290
f 540/540/291 385/380/291 541/541/291 542/542/291
f 540/540/292 542/542/292 428/428/292 426/426/292
f 542/542/293 541/541/293 543/543/293 544/544/293
f 542/542/294 544/544/294 545/545/294 428/428/294
f 545/545/295 544/544/295 546/546/295 547/547/295
f 545/545/296 547/547/296 548/548/296 431/431/296
f 545/545/297 431/431/297 429/429/297 428/428/297
f 548/548/298 547/547/298 549/549/298 550/550/298
f 548/548/299 550/550/299 551/551/299 552/552/299
f 548/548/300 552/552/300 432/432/300 431/431/300
f 552/552/301 551/551/301 553/553/301 554/554/301
f 552/552/302 554/554/302 433/433/302 432/432/302
f 554/554/303 553/553/303 555/555/303 556/556/303
f 554/554/304 556/556/304 435/435/304 433/433/304
f 556/556/305 555/555/305 557/557/305 558/558/305
f 556/556/306 558/558/306 437/437/306 435/435/306
f 558/558/307 557/557/307 559/559/307 560/560/307
f 558/558/308 560/560/308 439/439/308 437/437/308
f 560/560/309 559/559/309 561/561/309 562/562/309
f 560/560/310 562/562/310 441/441/310 439/439/310
f 562/562/311 561/561/311 563/563/311 564/564/311
f 562/562/312 564/564/312 443/443/312 441/441/312
f 564/564/313 563/563/313 565/565/313 566/566/313
f 564/564/314 566/566/314 567/567/314 443/443/314
f 567/567/315 447/447/315 444/444/315 443/443/315
f 567/567/316 566/566/316 568/568/316 569/569/316
f 567/567/317 569/569/317 570/570/317 447/447/317
f 570/570/318 452/452/318 448/448/318 447/447/318
f 570/570/319 569/569/319 571/571/319 572/572/319
f 570/570/320 572/572/320 573/573/320 452/452/320
f 573/573/321 572/572/321 574/574/321 575/575/321
f 573/573/322 575/575/322 576/576/322 455/455/322
f 573/573/323 455/455/323 453/453/323 452/452/323
f 576/576/324 575/575/324 577/577/324 578/578/324
f 576/576/325 578/578/325 579/579/325 458/458/325
f 576/576/326 458/458/326 456/456/326 455/455/326
f 579/579/327 578/578/327 580/580/327 581/581/327
f 579/579/328 581/581/328 582/582/328 583/583/328
f 579/579/329 583/583/329 459/459/329 458/458/329
f 583/583/330 582/582/330 584/584/330 585/585/330
f 583/583/331 585/585/331 460/460/331 459/459/331
f 585/585/332 584/584/332 586/586/332 587/587/332
f 585/585/333 587/587/333 462/462/333 460/460/333
f 587/587/334 586/586/334 588/588/334 589/589/334
f 587/587/335 589/589/335 464/464/335 462/462/335
f 589/589/336 588/588/336 590/590/336 591/591/336
f 589/589/337 591/591/337 592/592/337 464/464/337
f 592/592/338 468/468/338 465/465/338 464/464/338
f 592/592/339 591/591/339 593/593/339 594/594/339
f 592/592/340 594/594/340 595/595/340 468/468/340
f 595/595/341 473/473/341 469/469/341 468/468/341
f 595/595/342 594/594/342 596/596/342 597/597/342
f 595/595/343 597/597/343 598/598/343 473/473/343
f 598/598/344 478/478/344 474/474/344 473/473/344
f 598/598/345 597/597/345 363/352/345 599/599/345
f 598/598/346 599/599/346 600/600/346 478/478/346
f 600/600/347 483/483/347 479/479/347 478/478/347
f 600/600/348 599/599/348 601/601/348 602/602/348
f 600/600/349 602/602/349 603/603/349 483/483/349
f 603/603/350 602/602/350 604/604/350 605/605/350
f 603/603/351 605/605/351 606/606/351 488/488/351
f 603/603/352 488/488/352 484/484/352 483/483/352
f 606/606/353 605/605/353 607/607/353 608/608/353
f 606/606/354 608/608/354 609/609/354 491/491/354
f 606/606/355 491/491/355 489/489/355 488/488/355
f 609/609/356 608/608/356 610/610/356 611/611/356
f 609/609/357 611/611/357 612/612/357 613/613/357
f 609/609/358 613/613/358 492/492/358 491/491/358
f 613/613/359 612/612/359 614/614/359 615/615/359
f 613/613/360 615/615/360 493/493/360 492/492/360
f 615/615/361 614/614/361 616/616/361 617/617/361
f 615/615/362 617/617/362 618/618/362 493/493/362
f 618/618/363 156/117/363 494/494/363 493/493/363
f 618/618/364 617/617/364 619/619/364 620/620/364
f 618/618/365 620/620/365 157/118/365 156/117/365
f 620/620/366 619/619/366 245/218/366 244/217/366
f 620/620/367 244/217/367 158/119/367 157/118/367
f 619/619/368 617/617/368 616/616/368 621/621/368
f 619/619/369 621/621/369 622/622/369 245/218/369
f 622/622/370 621/621/370 623/623/370 624/624/370
f 622/622/371 624/624/371 625/625/371 626/626/371
f 622/622/372 626/626/372 246/219/372 245/218/372
f 626/626/373 625/625/373 627/627/373 628/628/373
f 626/626/374 628/628/374 247/220/374 246/219/374
f 628/628/375 627/627/375 629/629/375 258/233/375
f 628/628/376 258/233/376 257/232/376 247/220/376
f 629/629/377 627/627/377 630/630/377 327/312/377
f 629/629/378 327/312/378 324/309/378 631/631/378
f 629/629/379 631/631/379 259/234/379 258/233/379
f 631/631/380 324/309/380 323/308/380 632/632/380
f 631/631/381 632/632/381 633/633/381 259/234/381
f 633/633/382 634/634/382 31/231/382 259/234/382
f 633/633/383 632/632/383 635/635/383 636/636/383
f 633/633/384 636/636/384 637/637/384 634/634/384
f 637/637/385 638/638/385 639/639/385 634/634/385
f 637/637/386 636/636/386 640/640/386 641/641/386
f 637/637/387 641/641/387 642/642/387 638/638/387
f 642/642/388 643/643/388 644/644/388 638/638/388
f 642/642/389 641/641/389 645/645/389 646/646/389
f 642/642/390 646/646/390 647/647/390 643/643/390
f 647/648/391 648/649/391 649/650/391 643/651/391
f 647/647/392 646/646/392 650/652/392 651/653/392
f 647/648/393 651/654/393 652/655/393 648/649/393
f 652/655/394 653/656/394 654/657/394 648/649/394
f 652/655/395 651/654/395 655/658/395 656/659/395
f 652/655/396 656/659/396 657/660/396 653/656/396
f 657/660/397 658/661/397 659/662/397 653/656/397
f 657/660/398 656/659/398 660/663/398 661/664/398
f 657/660/399 661/664/399 662/665/399 658/661/399
f 662/665/400 299/280/400 282/261/400 658/661/400
f 662/665/401 661/664/401 663/666/401 664/667/401
f 662/665/402 664/667/402 297/278/402 299/280/402
f 664/667/403 663/666/403 665/668/403 666/669/403
f 664/667/404 666/669/404 298/279/404 297/278/404
f 666/669/405 665/668/405 667/670/405 668/671/405
f 666/669/406 668/671/406 669/672/406 298/279/406
f 669/672/407 668/671/407 670/673/407 671/674/407
f 669/672/408 671/674/408 672/675/408 673/676/408
f 669/672/409 673/676/409 294/275/409 298/279/409
f 673/676/410 672/675/410 674/677/410 675/678/410
f 673/676/411 675/678/411 295/276/411 294/275/411
f 675/678/412 674/677/412 676/679/412 677/680/412
f 675/678/413 677/680/413 678/681/413 295/276/413
f 678/681/414 677/680/414 679/682/414 680/683/414
f 678/681/415 680/683/415 35/259/415 283/262/415
f 678/681/416 283/262/416 296/277/416 295/276/416
f 680/683/417 679/682/417 681/684/417 682/685/417
f 680/683/418 682/685/418 286/265/418 35/259/418
f 682/685/419 681/684/419 683/686/419 684/687/419
f 682/685/420 684/687/420 685/688/420 286/265/420
f 685/688/421 684/687/421 686/689/421 687/690/421
f 685/688/422 687/690/422 688/691/422 689/692/422
f 685/688/423 689/692/423 287/266/423 286/265/423
f 689/692/424 688/691/424 690/693/424 691/694/424
f 689/692/425 691/694/425 692/695/425 287/266/425
f 692/695/426 272/249/426 284/263/426 287/266/426
f 692/695/427 691/694/427 693/696/427 694/697/427
f 692/695/428 694/697/428 33/246/428 272/249/428
f 694/697/429 693/696/429 695/698/429 696/699/429
f 694/697/430 696/699/430 273/250/430 33/246/430
f 696/699/431 695/698/431 697/700/431 698/701/431
f 696/699/432 698/701/432 699/702/432 273/250/432
f 699/702/433 698/701/433 700/703/433 701/704/433
f 699/702/434 701/704/434 702/705/434 703/706/434
f 699/702/435 703/706/435 269/245/435 273/250/435
f 703/706/436 702/705/436 704/707/436 705/708/436
f 703/706/437 705/708/437 267/243/437 269/245/437
f 705/708/438 704/707/438 706/709/438 707/710/438
f 705/708/439 707/710/439 268/244/439 267/243/439
f 707/710/440 706/709/440 708/711/440 709/712/440
f 707/710/441 709/712/441 710/713/441 268/244/441
f 710/713/442 709/712/442 711/714/442 712/715/442
f 710/713/443 712/715/443 713/716/443 714/717/443
f 710/713/444 714/717/444 264/240/444 268/244/444
f 714/717/445 713/716/445 715/718/445 716/719/445
f 714/717/446 716/719/446 265/241/446 264/240/446
f 716/719/447 715/718/447 717/720/447 718/721/447
f 716/719/448 718/721/448 270/247/448 265/241/448
f 718/721/449 717/720/449 719/722/449 720/723/449
f 718/721/450 720/723/450 271/248/450 270/247/450
f 720/723/451 719/722/451 654/657/451 721/724/451
f 720/723/452 721/724/452 285/264/452 271/248/452
f 721/724/453 654/657/453 653/656/453 659/662/453
f 721/724/454 659/662/454 281/260/454 285/264/454
f 719/722/455 717/720/455 722/725/455 649/650/455
f 719/722/456 649/650/456 648/649/456 654/657/456
f 722/725/457 717/720/457 715/718/457 723/726/457
f 722/725/458 723/726/458 724/727/458 644/728/458
f 722/725/459 644/728/459 643/651/459 649/650/459
f 724/727/460 723/726/460 725/729/460 726/730/460
f 724/731/461 726/732/461 260/235/461 639/639/461
f 724/731/462 639/639/462 638/638/462 644/644/462
f 726/730/463 725/729/463 727/733/463 728/734/463
f 726/732/464 728/735/464 261/236/464 260/235/464
f 728/734/465 727/733/465 729/736/465 730/737/465
f 728/735/466 730/738/466 731/739/466 261/236/466
f 731/739/467 730/738/467 732/740/467 733/741/467
f 731/739/468 733/741/468 734/742/468 735/743/468
f 731/739/469 735/743/469 262/237/469 261/236/469
f 735/743/470 734/742/470 736/744/470 737/745/470
f 735/743/471 737/745/471 263/238/471 262/237/471
f 737/745/472 736/744/472 738/746/472 739/747/472
f 737/745/473 739/747/473 248/221/473 263/238/473
f 739/747/474 738/746/474 740/748/474 741/749/474
f 739/747/475 741/749/475 29/216/475 248/221/475
f 741/749/476 740/748/476 131/88/476 130/87/476
f 741/749/477 130/87/477 249/222/477 29/216/477
f 740/748/478 738/746/478 742/750/478 743/751/478
f 740/748/479 743/751/479 132/89/479 131/88/479
f 743/751/480 742/750/480 744/752/480 745/753/480
f 743/751/481 745/753/481 746/754/481 132/89/481
f 746/754/482 745/753/482 747/755/482 748/756/482
f 746/754/483 748/756/483 99/49/483 749/757/483
f 746/754/484 749/757/484 133/90/484 132/89/484
f 749/757/485 99/49/485 98/48/485 750/758/485
f 749/757/486 750/758/486 134/91/486 133/90/486
f 750/758/487 98/48/487 100/50/487 148/108/487
f 750/758/488 148/108/488 751/759/488 134/91/488
f 751/759/489 148/108/489 147/107/489 160/121/489
f 751/759/490 160/121/490 159/120/490 752/760/490
f 751/759/491 752/760/491 129/86/491 134/91/491
f 752/760/492 159/120/492 158/119/492 249/222/492
f 752/760/493 249/222/493 130/87/493 129/86/493
f 748/756/494 747/755/494 753/761/494 754/762/494
f 748/756/495 754/762/495 95/45/495 99/49/495
f 754/762/496 753/761/496 30/223/496 256/230/496
f 754/762/497 256/230/497 96/46/497 95/45/497
f 753/761/498 755/763/498 250/224/498 30/223/498
f 753/761/499 747/755/499 756/764/499 755/763/499
f 756/764/500 757/765/500 758/766/500 755/763/500
f 756/764/501 747/755/501 745/753/501 744/752/501
f 756/764/502 744/752/502 759/767/502 757/765/502
f 759/767/503 760/768/503 761/769/503 757/765/503
f 759/767/504 744/752/504 742/750/504 762/770/504
f 759/767/505 762/770/505 763/771/505 760/768/505
f 763/771/506 764/772/506 765/773/506 760/768/506
f 763/771/507 762/770/507 736/744/507 734/742/507
f 763/771/508 734/742/508 733/741/508 764/772/508
f 765/773/509 766/774/509 767/775/509 768/776/509
f 765/773/510 768/776/510 761/769/510 760/768/510
f 765/773/511 764/772/511 769/777/511 766/774/511
f 769/778/512 770/779/512 771/780/512 766/781/512
f 769/777/513 764/772/513 733/741/513 732/740/513
f 769/778/514 732/782/514 772/783/514 770/779/514
f 772/783/515 773/784/515 774/785/515 770/779/515
f 772/783/516 732/782/516 730/737/516 729/736/516
f 772/783/517 729/736/517 711/714/517 773/784/517
f 774/785/518 775/786/518 776/787/518 777/788/518
f 774/785/519 777/788/519 771/780/519 770/779/519
f 774/785/520 773/784/520 708/711/520 775/786/520
f 777/788/521 776/787/521 778/789/521 779/790/521
f 777/788/522 779/790/522 780/791/522 771/780/522
f 780/791/523 779/790/523 781/792/523 782/793/523
f 780/791/524 782/793/524 783/794/524 767/795/524
f 780/791/525 767/795/525 766/781/525 771/780/525
f 783/794/526 782/793/526 784/796/526 785/797/526
f 783/798/527 785/799/527 786/800/527 787/801/527
f 783/798/528 787/801/528 768/776/528 767/775/528
f 787/801/529 786/800/529 788/802/529 789/803/529
f 787/801/530 789/803/530 761/769/530 768/776/530
f 789/803/531 788/802/531 790/804/531 758/766/531
f 789/803/532 758/766/532 757/765/532 761/769/532
f 790/804/533 788/802/533 791/805/533 792/806/533
f 790/804/534 792/806/534 251/225/534 250/224/534
f 790/804/535 250/224/535 755/763/535 758/766/535
f 792/806/536 791/805/536 793/807/536 794/808/536
f 792/806/537 794/808/537 795/809/537 251/225/537
f 795/809/538 794/808/538 796/810/538 797/811/538
f 795/809/539 797/811/539 798/812/539 799/813/539
f 795/809/540 799/813/540 252/226/540 251/225/540
f 799/813/541 798/812/541 800/814/541 801/815/541
f 799/813/542 801/815/542 253/227/542 252/226/542
f 801/815/543 800/814/543 802/816/543 803/817/543
f 801/815/544 803/817/544 804/818/544 253/227/544
f 804/818/545 803/817/545 805/819/545 806/820/545
f 804/818/546 806/820/546 807/821/546 808/822/546
f 804/818/547 808/822/547 254/228/547 253/227/547
f 808/822/548 807/821/548 809/823/548 810/824/548
f 808/822/549 810/824/549 255/229/549 254/228/549
f 810/824/550 809/823/550 155/116/550 811/825/550
f 810/824/551 811/825/551 812/826/551 255/229/551
f 812/826/552 96/46/552 256/230/552 255/229/552
f 812/826/553 811/825/553 150/110/553 149/109/553
f 812/826/554 149/109/554 97/47/554 96/46/554
f 811/825/555 155/116/555 154/115/555 150/110/555
f 809/823/556 807/821/556 813/827/556 814/828/556
f 809/823/557 814/828/557 151/112/557 155/116/557
f 814/828/558 813/827/558 815/829/558 497/497/558
f 814/828/559 497/497/559 152/113/559 151/112/559
f 815/829/560 813/827/560 816/830/560 817/831/560
f 815/829/561 817/831/561 818/832/561 500/500/561
f 815/829/562 500/500/562 498/498/562 497/497/562
f 818/832/563 817/831/563 819/833/563 820/834/563
f 818/832/564 820/834/564 821/835/564 503/503/564
f 818/832/565 503/503/565 501/501/565 500/500/565
f 821/835/566 820/834/566 822/836/566 823/837/566
f 821/835/567 823/837/567 508/508/567 506/506/567
f 821/835/568 506/506/568 504/504/568 503/503/568
f 823/837/569 822/836/569 824/838/569 825/839/569
f 823/837/570 825/839/570 510/510/570 508/508/570
f 825/839/571 824/838/571 826/840/571 827/841/571
f 825/839/572 827/841/572 512/512/572 510/510/572
f 827/841/573 826/840/573 828/842/573 829/843/573
f 827/841/574 829/843/574 830/844/574 512/512/574
f 830/844/575 829/843/575 831/845/575 832/846/575
f 830/844/576 832/846/576 833/847/576 515/515/576
f 830/844/577 515/515/577 513/513/577 512/512/577
f 833/847/578 832/846/578 834/848/578 835/849/578
f 833/847/579 835/849/579 836/850/579 837/851/579
f 833/847/580 837/851/580 516/516/580 515/515/580
f 837/851/581 836/850/581 838/852/581 839/853/581
f 837/851/582 839/853/582 517/517/582 516/516/582
f 839/853/583 838/852/583 525/525/583 523/523/583
f 839/853/584 523/523/584 519/519/584 517/517/584
f 838/852/585 836/850/585 840/854/585 841/855/585
f 838/852/586 841/855/586 842/856/586 525/525/586
f 842/856/587 841/855/587 843/857/587 844/858/587
f 842/856/588 844/858/588 845/859/588 528/528/588
f 842/856/589 528/528/589 526/526/589 525/525/589
f 845/859/590 844/858/590 846/860/590 847/861/590
f 845/859/591 847/861/591 848/862/591 532/532/591
f 845/859/592 532/532/592 529/529/592 528/528/592
f 848/862/593 847/861/593 849/863/593 850/864/593
f 848/862/594 850/864/594 851/865/594 535/535/594
f 848/862/595 535/535/595 533/533/595 532/532/595
f 851/865/596 850/864/596 194/160/596 852/866/596
f 851/865/597 852/866/597 853/867/597 538/538/597
f 851/865/598 538/538/598 536/536/598 535/535/598
f 853/867/599 852/866/599 854/868/599 855/869/599
f 853/867/600 855/869/600 383/378/600 382/377/600
f 853/867/601 382/377/601 387/382/601 538/538/601
f 855/869/602 854/868/602 856/870/602 857/871/602
f 855/869/603 857/871/603 60/4/603 383/378/603
f 857/871/604 856/870/604 858/872/604 64/9/604
f 857/871/605 64/9/605 1/1/605 60/4/605
f 858/872/606 856/870/606 190/156/606 859/873/606
f 858/872/607 859/873/607 860/874/607 94/43/607
f 858/872/608 94/43/608 65/10/608 64/9/608
f 860/874/609 859/873/609 861/875/609 862/876/609
f 860/874/610 862/876/610 863/877/610 864/878/610
f 860/874/611 864/878/611 92/41/611 94/43/611
f 864/878/612 863/877/612 865/879/612 866/880/612
f 864/878/613 866/880/613 93/42/613 92/41/613
f 866/880/614 865/879/614 867/881/614 868/882/614
f 866/880/615 868/882/615 869/883/615 93/42/615
f 869/883/616 61/5/616 63/8/616 93/42/616
f 869/883/617 868/882/617 870/884/617 871/885/617
f 869/883/618 871/885/618 62/6/618 61/5/618
f 871/885/619 870/884/619 872/886/619 873/887/619
f 871/885/620 873/887/620 874/888/620 62/6/620
f 874/888/621 543/543/621 58/2/621 62/6/621
f 874/888/622 873/887/622 875/889/622 546/546/622
f 874/888/623 546/546/623 544/544/623 543/543/623
f 875/889/624 873/887/624 872/886/624 876/890/624
f 875/889/625 876/890/625 877/891/625 549/549/625
f 875/889/626 549/549/626 547/547/626 546/546/626
f 877/891/627 876/890/627 878/892/627 879/893/627
f 877/891/628 879/893/628 880/894/628 881/895/628
f 877/891/629 881/895/629 550/550/629 549/549/629
f 881/895/630 880/894/630 882/896/630 883/897/630
f 881/895/631 883/897/631 551/551/631 550/550/631
f 883/897/632 882/896/632 354/342/632 884/898/632
f 883/897/633 884/898/633 553/553/633 551/551/633
f 884/898/634 354/342/634 353/341/634 885/899/634
f 884/898/635 885/899/635 555/555/635 553/553/635
f 885/899/636 353/341/636 357/345/636 886/900/636
f 885/899/637 886/900/637 557/557/637 555/555/637
f 886/900/638 357/345/638 887/901/638 888/902/638
f 886/900/639 888/902/639 559/559/639 557/557/639
f 888/902/640 887/901/640 889/903/640 890/904/640
f 888/902/641 890/904/641 561/561/641 559/559/641
f 890/904/642 889/903/642 891/905/642 892/906/642
f 890/904/643 892/906/643 563/563/643 561/561/643
f 892/906/644 891/905/644 893/907/644 894/908/644
f 892/906/645 894/908/645 565/565/645 563/563/645
f 894/908/646 893/907/646 895/909/646 896/910/646
f 894/908/647 896/910/647 897/911/647 565/565/647
f 897/911/648 568/568/648 566/566/648 565/565/648
f 897/911/649 896/910/649 898/912/649 899/913/649
f 897/911/650 899/913/650 900/914/650 568/568/650
f 900/914/651 571/571/651 569/569/651 568/568/651
f 900/914/652 899/913/652 395/392/652 394/391/652
f 900/914/653 394/391/653 398/395/653 571/571/653
f 899/913/654 898/912/654 901/915/654 395/392/654
f 901/915/655 898/912/655 902/916/655 903/917/655
f 901/915/656 903/917/656 904/918/656 905/919/656
f 901/915/657 905/919/657 396/393/657 395/392/657
f 905/919/658 904/918/658 906/920/658 907/921/658
f 905/919/659 907/921/659 908/922/659 396/393/659
f 908/922/660 397/394/660 53/390/660 396/393/660
f 908/922/661 907/921/661 909/923/661 910/924/661
f 908/922/662 910/924/662 911/925/662 397/394/662
f 911/925/663 574/574/663 398/395/663 397/394/663
f 911/925/664 910/924/664 912/926/664 577/577/664
f 911/925/665 577/577/665 575/575/665 574/574/665
f 912/926/666 910/924/666 909/923/666 913/927/666
f 912/926/667 913/927/667 914/928/667 580/580/667
f 912/926/668 580/580/668 578/578/668 577/577/668
f 914/928/669 913/927/669 915/929/669 916/930/669
f 914/928/670 916/930/670 917/931/670 918/932/670
f 914/928/671 918/932/671 581/581/671 580/580/671
f 918/932/672 917/931/672 919/933/672 920/934/672
f 918/932/673 920/934/673 582/582/673 581/581/673
f 920/934/674 919/933/674 921/935/674 922/936/674
f 920/934/675 922/936/675 584/584/675 582/582/675
f 922/936/676 921/935/676 923/937/676 924/938/676
f 922/936/677 924/938/677 586/586/677 584/584/677
f 924/938/678 923/937/678 925/939/678 926/940/678
f 924/938/679 926/940/679 588/588/679 586/586/679
f 926/940/680 925/939/680 927/941/680 928/942/680
f 926/940/681 928/942/681 590/590/681 588/588/681
f 928/942/682 927/941/682 929/943/682 930/944/682
f 928/942/683 930/944/683 931/945/683 590/590/683
f 931/945/684 593/593/684 591/591/684 590/590/684
f 931/945/685 930/944/685 932/946/685 933/947/685
f 931/945/686 933/947/686 934/948/686 593/593/686
f 934/948/687 596/596/687 594/594/687 593/593/687
f 934/948/688 933/947/688 935/949/688 362/351/688
f 934/948/689 362/351/689 361/350/689 596/596/689
f 935/949/690 933/947/690 932/946/690 936/950/690
f 935/949/691 936/950/691 937/951/691 938/952/691
f 935/949/692 938/952/692 358/347/692 362/351/692
f 938/952/693 937/951/693 939/953/693 940/954/693
f 938/952/694 940/954/694 359/348/694 358/347/694
f 940/954/695 939/953/695 941/955/695 942/956/695
f 940/954/696 942/956/696 943/957/696 359/348/696
f 943/957/697 601/601/697 360/349/697 359/348/697
f 943/957/698 942/956/698 944/958/698 604/604/698
f 943/957/699 604/604/699 602/602/699 601/601/699
f 944/958/700 942/956/700 941/955/700 945/959/700
f 944/958/701 945/959/701 946/960/701 607/607/701
f 944/958/702 607/607/702 605/605/702 604/604/702
f 946/960/703 945/959/703 947/961/703 948/962/703
f 946/960/704 948/962/704 949/963/704 610/610/704
f 946/960/705 610/610/705 608/608/705 607/607/705
f 949/963/706 948/962/706 950/964/706 951/965/706
f 949/963/707 951/965/707 952/966/707 953/967/707
f 949/963/708 953/967/708 611/611/708 610/610/708
f 953/967/709 952/966/709 954/968/709 955/969/709
f 953/967/710 955/969/710 612/612/710 611/611/710
f 955/969/711 954/968/711 956/970/711 957/971/711
f 955/969/712 957/971/712 614/614/712 612/612/712
f 957/971/713 956/970/713 958/972/713 959/973/713
f 957/971/714 959/973/714 616/616/714 614/614/714
f 959/973/715 958/972/715 960/974/715 623/623/715
f 959/973/716 623/623/716 621/621/716 616/616/716
f 960/974/717 958/972/717 961/975/717 962/976/717
f 960/974/718 962/976/718 963/977/718 964/978/718
f 960/974/719 964/978/719 624/624/719 623/623/719
f 964/978/720 963/977/720 965/979/720 966/980/720
f 964/978/721 966/980/721 625/625/721 624/624/721
f 966/980/722 965/979/722 967/981/722 630/630/722
f 966/980/723 630/630/723 627/627/723 625/625/723
f 967/981/724 965/979/724 968/982/724 969/983/724
f 967/981/725 969/983/725 326/311/725 325/310/725
f 967/981/726 325/310/726 327/312/726 630/630/726
f 969/983/727 968/982/727 970/984/727 971/985/727
f 969/983/728 971/985/728 972/986/728 326/311/728
f 972/986/729 971/985/729 973/987/729 974/988/729
f 972/986/730 974/988/730 276/254/730 975/989/730
f 972/986/731 975/989/731 322/307/731 326/311/731
f 975/989/732 276/254/732 275/253/732 976/990/732
f 975/989/733 976/990/733 323/308/733 322/307/733
f 976/990/734 635/635/734 632/632/734 323/308/734
f 976/990/735 275/253/735 977/991/735 635/635/735
f 977/991/736 640/640/736 636/636/736 635/635/736
f 977/991/737 275/253/737 274/252/737 978/992/737
f 977/991/738 978/992/738 979/993/738 640/640/738
f 979/993/739 645/645/739 641/641/739 640/640/739
f 979/993/740 978/992/740 980/994/740 981/995/740
f 979/993/741 981/995/741 982/996/741 645/645/741
f 982/996/742 650/652/742 646/646/742 645/645/742
f 982/996/743 981/995/743 983/997/743 984/998/743
f 982/996/744 984/998/744 985/999/744 650/652/744
f 985/999/745 655/1000/745 651/653/745 650/652/745
f 985/999/746 984/998/746 986/1001/746 987/1002/746
f 985/999/747 987/1002/747 988/1003/747 655/1000/747
f 988/1004/748 660/663/748 656/659/748 655/658/748
f 988/1003/749 987/1002/749 989/1005/749 990/1006/749
f 988/1004/750 990/1007/750 991/1008/750 660/663/750
f 991/1008/751 663/666/751 661/664/751 660/663/751
f 991/1008/752 990/1007/752 992/1009/752 993/1010/752
f 991/1008/753 993/1010/753 665/668/753 663/666/753
f 993/1010/754 992/1009/754 994/1011/754 995/1012/754
f 993/1010/755 995/1012/755 667/670/755 665/668/755
f 995/1012/756 994/1011/756 996/1013/756 997/1014/756
f 995/1012/757 997/1014/757 998/1015/757 667/670/757
f 998/1015/758 997/1014/758 999/1016/758 1000/1017/758
f 998/1015/759 1000/1017/759 1001/1018/759 670/673/759
f 998/1015/760 670/673/760 668/671/760 667/670/760
f 1001/1018/761 1000/1017/761 1002/1019/761 1003/1020/761
f 1001/1018/762 1003/1020/762 1004/1021/762 1005/1022/762
f 1001/1018/763 1005/1022/763 671/674/763 670/673/763
f 1005/1022/764 1004/1021/764 1006/1023/764 1007/1024/764
f 1005/1022/765 1007/1024/765 672/675/765 671/674/765
f 1007/1024/766 1006/1023/766 1008/1025/766 1009/1026/766
f 1007/1024/767 1009/1026/767 674/677/767 672/675/767
f 1009/1026/768 1008/1025/768 1010/1027/768 1011/1028/768
f 1009/1026/769 1011/1028/769 676/679/769 674/677/769
f 1011/1028/770 1010/1027/770 1012/1029/770 1013/1030/770
f 1011/1028/771 1013/1030/771 1014/1031/771 676/679/771
f 1014/1031/772 1013/1030/772 1015/1032/772 1016/1033/772
f 1014/1031/773 1016/1033/773 681/684/773 679/682/773
f 1014/1031/774 679/682/774 677/680/774 676/679/774
f 1016/1033/775 1015/1032/775 1017/1034/775 1018/1035/775
f 1016/1033/776 1018/1035/776 683/686/776 681/684/776
f 1018/1035/777 1017/1034/777 1019/1036/777 1020/1037/777
f 1018/1035/778 1020/1037/778 1021/1038/778 683/686/778
f 1021/1038/779 1020/1037/779 1022/1039/779 1023/1040/779
f 1021/1038/780 1023/1040/780 1024/1041/780 686/689/780
f 1021/1038/781 686/689/781 684/687/781 683/686/781
f 1024/1041/782 1023/1040/782 1025/1042/782 1026/1043/782
f 1024/1041/783 1026/1043/783 1027/1044/783 1028/1045/783
f 1024/1041/784 1028/1045/784 687/690/784 686/689/784
f 1028/1045/785 1027/1044/785 1029/1046/785 1030/1047/785
f 1028/1045/786 1030/1047/786 688/691/786 687/690/786
f 1030/1047/787 1029/1046/787 1031/1048/787 1032/1049/787
f 1030/1047/788 1032/1049/788 690/693/788 688/691/788
f 1032/1049/789 1031/1048/789 1033/1050/789 1034/1051/789
f 1032/1049/790 1034/1051/790 1035/1052/790 690/693/790
f 1035/1052/791 693/696/791 691/694/791 690/693/791
f 1035/1052/792 1034/1051/792 1036/1053/792 1037/1054/792
f 1035/1052/793 1037/1054/793 695/698/793 693/696/793
f 1037/1054/794 1036/1053/794 1038/1055/794 1039/1056/794
f 1037/1054/795 1039/1056/795 697/700/795 695/698/795
f 1039/1056/796 1038/1055/796 1040/1057/796 83/30/796
f 1039/1056/797 83/30/797 82/29/797 697/700/797
f 1040/1057/798 1038/1055/798 1041/1058/798 1042/1059/798
f 1040/1057/799 1042/1059/799 141/100/799 15/99/799
f 1040/1057/800 15/99/800 84/31/800 83/30/800
f 1042/1059/801 1041/1058/801 162/124/801 1043/1060/801
f 1042/1059/802 1043/1060/802 1044/1061/802 141/100/802
f 1044/1061/803 1043/1060/803 1045/1062/803 1046/1063/803
f 1044/1061/804 1046/1063/804 1047/1064/804 1048/1065/804
f 1044/1061/805 1048/1065/805 142/101/805 141/100/805
f 1048/1065/806 1047/1064/806 1049/1066/806 1050/1067/806
f 1048/1065/807 1050/1067/807 1051/1068/807 142/101/807
f 1051/1068/808 1050/1067/808 1052/1069/808 1053/1070/808
f 1051/1068/809 1053/1070/809 1054/1071/809 1055/1072/809
f 1051/1068/810 1055/1072/810 143/102/810 142/101/810
f 1055/1072/811 1054/1071/811 1056/1073/811 1057/1074/811
f 1055/1072/812 1057/1074/812 146/105/812 143/102/812
f 1057/1074/813 1056/1073/813 1058/1075/813 1059/1076/813
f 1057/1074/814 1059/1076/814 1060/1077/814 146/105/814
f 1060/1077/815 1059/1076/815 1061/1078/815 1062/1079/815
f 1060/1077/816 1062/1079/816 1063/1080/816 1064/1081/816
f 1060/1077/817 1064/1081/817 144/103/817 146/105/817
f 1064/1081/818 1063/1080/818 1065/1082/818 1066/1083/818
f 1064/1081/819 1066/1083/819 145/104/819 144/103/819
f 1066/1083/820 1065/1082/820 1067/1084/820 1068/1085/820
f 1066/1083/821 1068/1085/821 1069/1086/821 145/104/821
f 1069/1086/822 81/28/822 84/31/822 145/104/822
f 1069/1086/823 1068/1085/823 701/704/823 700/703/823
f 1069/1086/824 700/703/824 82/29/824 81/28/824
f 1068/1085/825 1067/1084/825 702/705/825 701/704/825
f 1067/1084/826 1065/1082/826 1070/1087/826 1071/1088/826
f 1067/1084/827 1071/1088/827 704/707/827 702/705/827
f 1071/1088/828 1070/1087/828 1072/1089/828 1073/1090/828
f 1071/1088/829 1073/1090/829 706/709/829 704/707/829
f 1073/1090/830 1072/1089/830 776/787/830 775/786/830
f 1073/1090/831 775/786/831 708/711/831 706/709/831
f 1072/1089/832 1070/1087/832 1074/1091/832 1075/1092/832
f 1072/1089/833 1075/1092/833 778/789/833 776/787/833
f 1075/1092/834 1074/1091/834 1076/1093/834 1077/1094/834
f 1075/1092/835 1077/1094/835 1078/1095/835 778/789/835
f 1078/1095/836 1077/1094/836 1079/1096/836 1080/1097/836
f 1078/1095/837 1080/1097/837 1081/1098/837 781/792/837
f 1078/1095/838 781/792/838 779/790/838 778/789/838
f 1081/1098/839 1080/1097/839 1082/1099/839 1083/1100/839
f 1081/1098/840 1083/1100/840 1084/1101/840 784/796/840
f 1081/1098/841 784/796/841 782/793/841 781/792/841
f 1084/1101/842 1083/1100/842 1085/1102/842 1086/1103/842
f 1084/1101/843 1086/1103/843 1087/1104/843 1088/1105/843
f 1084/1101/844 1088/1105/844 785/797/844 784/796/844
f 1088/1105/845 1087/1104/845 1089/1106/845 1090/1107/845
f 1088/1105/846 1090/1107/846 786/1108/846 785/797/846
f 1090/1109/847 1089/1110/847 793/807/847 791/805/847
f 1090/1109/848 791/805/848 788/802/848 786/800/848
f 1089/1106/849 1087/1104/849 1091/1111/849 1092/1112/849
f 1089/1110/850 1092/1113/850 1093/1114/850 793/807/850
f 1093/1114/851 1092/1113/851 1094/1115/851 1095/1116/851
f 1093/1114/852 1095/1116/852 1096/1117/852 796/810/852
f 1093/1114/853 796/810/853 794/808/853 793/807/853
f 1096/1117/854 1095/1116/854 1097/1118/854 1098/1119/854
f 1096/1117/855 1098/1119/855 1099/1120/855 1100/1121/855
f 1096/1117/856 1100/1121/856 797/811/856 796/810/856
f 1100/1121/857 1099/1120/857 1101/1122/857 1102/1123/857
f 1100/1121/858 1102/1123/858 798/812/858 797/811/858
f 1102/1123/859 1101/1122/859 1103/1124/859 1104/1125/859
f 1102/1123/860 1104/1125/860 800/814/860 798/812/860
f 1104/1125/861 1103/1124/861 1105/1126/861 1106/1127/861
f 1104/1125/862 1106/1127/862 802/816/862 800/814/862
f 1106/1127/863 1105/1126/863 1107/1128/863 1108/1129/863
f 1106/1127/864 1108/1129/864 1109/1130/864 802/816/864
f 1109/1130/865 1108/1129/865 1110/1131/865 1111/1132/865
f 1109/1130/866 1111/1132/866 1112/1133/866 805/819/866
f 1109/1130/867 805/819/867 803/817/867 802/816/867
f 1112/1133/868 1111/1132/868 1113/1134/868 819/833/868
f 1112/1133/869 819/833/869 817/831/869 816/830/869
f 1112/1133/870 816/830/870 806/820/870 805/819/870
f 1113/1134/871 1111/1132/871 1110/1131/871 1114/1135/871
f 1113/1134/872 1114/1135/872 824/838/872 822/836/872
f 1113/1134/873 822/836/873 820/834/873 819/833/873
f 1114/1135/874 1110/1131/874 1115/1136/874 1116/1137/874
f 1114/1135/875 1116/1137/875 826/840/875 824/838/875
f 1116/1137/876 1115/1136/876 1117/1138/876 1118/1139/876
f 1116/1137/877 1118/1139/877 828/842/877 826/840/877
f 1118/1139/878 1117/1138/878 1119/1140/878 1120/1141/878
f 1118/1139/879 1120/1141/879 1121/1142/879 828/842/879
f 1121/1142/880 1120/1141/880 1122/1143/880 1123/1144/880
f 1121/1142/881 1123/1144/881 1124/1145/881 831/845/881
f 1121/1142/882 831/845/882 829/843/882 828/842/882
f 1124/1145/883 1123/1144/883 1125/1146/883 1126/1147/883
f 1124/1145/884 1126/1147/884 1127/1148/884 834/848/884
f 1124/1145/885 834/848/885 832/846/885 831/845/885
f 1127/1148/886 1126/1147/886 1128/1149/886 1129/1150/886
f 1127/1148/887 1129/1150/887 1130/1151/887 1131/1152/887
f 1127/1148/888 1131/1152/888 835/849/888 834/848/888
f 1131/1152/889 1130/1151/889 1132/1153/889 840/854/889
f 1131/1152/890 840/854/890 836/850/890 835/849/890
f 1132/1153/891 1130/1151/891 1133/1154/891 1134/1155/891
f 1132/1153/892 1134/1155/892 1135/1156/892 843/857/892
f 1132/1153/893 843/857/893 841/855/893 840/854/893
f 1135/1156/894 1134/1155/894 1136/1157/894 1137/1158/894
f 1135/1156/895 1137/1158/895 1138/1159/895 846/860/895
f 1135/1156/896 846/860/896 844/858/896 843/857/896
f 1138/1159/897 1137/1158/897 1139/1160/897 198/164/897
f 1138/1159/898 198/164/898 195/161/898 849/863/898
f 1138/1159/899 849/863/899 847/861/899 846/860/899
f 1139/1160/900 1140/1161/900 1141/1162/900 1142/1163/900
f 1139/1160/901 1142/1163/901 196/162/901 198/164/901
f 1139/1160/902 1137/1158/902 1136/1157/902 1140/1161/902
f 1142/1163/903 1141/1162/903 1143/1164/903 1144/1165/903
f 1142/1163/904 1144/1165/904 197/163/904 196/162/904
f 1144/1165/905 1143/1164/905 1145/1166/905 1146/1167/905
f 1144/1165/906 1146/1167/906 1147/1168/906 197/163/906
f 1147/1168/907 1146/1167/907 1148/1169/907 1149/1170/907
f 1147/1168/908 1149/1170/908 1150/1171/908 1151/1172/908
f 1147/1168/909 1151/1172/909 192/158/909 197/163/909
f 1151/1172/910 1150/1171/910 343/330/910 342/329/910
f 1151/1172/911 342/329/911 193/159/911 192/158/911
f 1150/1171/912 1149/1170/912 1152/1173/912 1153/1174/912
f 1150/1171/913 1153/1174/913 1154/1175/913 343/330/913
f 1154/1175/914 1153/1174/914 1155/1176/914 1156/1177/914
f 1154/1175/915 1156/1177/915 1157/1178/915 1158/1179/915
f 1154/1175/916 1158/1179/916 339/326/916 343/330/916
f 1158/1179/917 1157/1178/917 335/321/917 334/320/917
f 1158/1179/918 334/320/918 340/327/918 339/326/918
f 1157/1178/919 1156/1177/919 1159/1180/919 1160/1181/919
f 1157/1178/920 1160/1181/920 336/322/920 335/321/920
f 1160/1181/921 1159/1180/921 1161/1182/921 1162/1183/921
f 1160/1181/922 1162/1183/922 1163/1184/922 336/322/922
f 1163/1184/923 1162/1183/923 1164/1185/923 1165/1186/923
f 1163/1184/924 1165/1186/924 1166/1187/924 1167/1188/924
f 1163/1184/925 1167/1188/925 337/323/925 336/322/925
f 1167/1188/926 1166/1187/926 1168/1189/926 1169/1190/926
f 1167/1188/927 1169/1190/927 338/324/927 337/323/927
f 1169/1190/928 1168/1189/928 1170/1191/928 1171/1192/928
f 1169/1190/929 1171/1192/929 1172/1193/929 338/324/929
f 1172/1193/930 1171/1192/930 1173/1194/930 381/374/930
f 1172/1193/931 381/374/931 380/373/931 1174/1195/931
f 1172/1193/932 1174/1195/932 333/319/932 338/324/932
f 1174/1195/933 340/327/933 334/320/933 333/319/933
f 1174/1195/934 380/373/934 341/328/934 340/327/934
f 1173/1194/935 1171/1192/935 1170/1191/935 1175/1196/935
f 1173/1194/936 1175/1196/936 1176/1197/936 1177/1198/936
f 1173/1194/937 1177/1198/937 50/371/937 381/374/937
f 1177/1198/938 1176/1197/938 1178/1199/938 1179/1200/938
f 1177/1198/939 1179/1200/939 377/369/939 50/371/939
f 1179/1200/940 1178/1199/940 1180/1201/940 1181/1202/940
f 1179/1200/941 1181/1202/941 378/370/941 377/369/941
f 1181/1202/942 1180/1201/942 1182/1203/942 1183/1204/942
f 1181/1202/943 1183/1204/943 1184/1205/943 378/370/943
f 1184/1205/944 1183/1204/944 1185/1206/944 1186/1207/944
f 1184/1205/945 1186/1207/945 212/179/945 205/172/945
f 1184/1205/946 205/172/946 204/171/946 378/370/946
f 1186/1207/947 1185/1206/947 1187/1208/947 1188/1209/947
f 1186/1207/948 1188/1209/948 320/304/948 212/179/948
f 1188/1209/949 1187/1208/949 1189/1210/949 1190/1211/949
f 1188/1209/950 1190/1211/950 321/305/950 320/304/950
f 1190/1211/951 1189/1210/951 101/52/951 106/57/951
f 1190/1211/952 106/57/952 1191/1212/952 321/305/952
f 1191/1212/953 106/57/953 105/56/953 1192/1213/953
f 1191/1212/954 1192/1213/954 1193/1214/954 1194/1215/954
f 1191/1212/955 1194/1215/955 318/302/955 321/305/955
f 1194/1215/956 1193/1214/956 1195/1216/956 1196/1217/956
f 1194/1215/957 1196/1217/957 319/303/957 318/302/957
f 1196/1217/958 1195/1216/958 1197/1218/958 1198/1219/958
f 1196/1217/959 1198/1219/959 1199/1220/959 319/303/959
f 1199/1220/960 1200/1221/960 316/300/960 319/303/960
f 1199/1220/961 1198/1219/961 1201/1222/961 1202/1223/961
f 1199/1220/962 1202/1223/962 1203/1224/962 1200/1221/962
f 1203/1224/963 1204/1225/963 1205/1226/963 1200/1221/963
f 1203/1224/964 1202/1223/964 1206/1227/964 1207/1228/964
f 1203/1224/965 1207/1228/965 1208/1229/965 1204/1225/965
f 1208/1229/966 880/894/966 879/893/966 1204/1225/966
f 1208/1229/967 1207/1228/967 1209/1230/967 1210/1231/967
f 1208/1229/968 1210/1231/968 882/896/968 880/894/968
f 1210/1231/969 1209/1230/969 356/344/969 355/343/969
f 1210/1231/970 355/343/970 354/342/970 882/896/970
f 1209/1230/971 1207/1228/971 1206/1227/971 1211/1232/971
f 1209/1230/972 1211/1232/972 1212/1233/972 356/344/972
f 1212/1233/973 1211/1232/973 1213/1234/973 1214/1235/973
f 1212/1233/974 1214/1235/974 1215/1236/974 1216/1237/974
f 1212/1233/975 1216/1237/975 348/336/975 356/344/975
f 1216/1237/976 1215/1236/976 1217/1238/976 1218/1239/976
f 1216/1237/977 1218/1239/977 349/337/977 348/336/977
f 1218/1239/978 1217/1238/978 365/355/978 364/354/978
f 1218/1239/979 364/354/979 368/358/979 349/337/979
f 1217/1238/980 1215/1236/980 389/385/980 1219/1240/980
f 1217/1238/981 1219/1240/981 1220/1241/981 365/355/981
f 1220/1241/982 1221/1242/982 366/356/982 365/355/982
f 1220/1241/983 1219/1240/983 1222/1243/983 1223/1244/983
f 1220/1241/984 1223/1244/984 1224/1245/984 1221/1242/984
f 1224/1245/985 1225/1246/985 1226/1247/985 1221/1242/985
f 1224/1245/986 1223/1244/986 1227/1248/986 1228/1249/986
f 1224/1245/987 1228/1249/987 1229/1250/987 1225/1246/987
f 1229/1250/988 1230/1251/988 1231/1252/988 1225/1246/988
f 1229/1250/989 1228/1249/989 1232/1253/989 1233/1254/989
f 1229/1250/990 1233/1254/990 1234/1255/990 1230/1251/990
f 1234/1255/991 308/291/991 307/290/991 1230/1251/991
f 1234/1255/992 1233/1254/992 1235/1256/992 1236/1257/992
f 1234/1255/993 1236/1257/993 1237/1258/993 308/291/993
f 1237/1258/994 1238/1259/994 309/292/994 308/291/994
f 1237/1258/995 1236/1257/995 1239/1260/995 1240/1261/995
f 1237/1258/996 1240/1261/996 1241/1262/996 1238/1259/996
f 1241/1262/997 1242/1263/997 1243/1264/997 1238/1259/997
f 1241/1262/998 1240/1261/998 1244/1265/998 1245/1266/998
f 1241/1262/999 1245/1266/999 1246/1267/999 1242/1263/999
f 1246/1267/1000 1247/1268/1000 1248/1269/1000 1242/1263/1000
f 1246/1267/1001 1245/1266/1001 1249/1270/1001 1250/1271/1001
f 1246/1267/1002 1250/1271/1002 1251/1272/1002 1247/1268/1002
f 1251/1272/1003 1252/1273/1003 1253/1274/1003 1247/1268/1003
f 1251/1272/1004 1250/1271/1004 1182/1203/1004 1180/1201/1004
f 1251/1272/1005 1180/1201/1005 1178/1199/1005 1252/1273/1005
f 1253/1274/1006 1254/1275/1006 1255/1276/1006 1256/1277/1006
f 1253/1274/1007 1256/1277/1007 1248/1269/1007 1247/1268/1007
f 1253/1274/1008 1252/1273/1008 1257/1278/1008 1254/1275/1008
f 1257/1278/1009 1258/1279/1009 1259/1280/1009 1254/1275/1009
f 1257/1278/1010 1252/1273/1010 1178/1199/1010 1176/1197/1010
f 1257/1278/1011 1176/1197/1011 1175/1196/1011 1258/1279/1011
f 1259/1280/1012 1260/1281/1012 1261/1282/1012 1262/1283/1012
f 1259/1280/1013 1262/1283/1013 1255/1276/1013 1254/1275/1013
f 1259/1280/1014 1258/1279/1014 1263/1284/1014 1260/1281/1014
f 1263/1284/1015 1264/1285/1015 1265/1286/1015 1260/1281/1015
f 1263/1284/1016 1258/1279/1016 1175/1196/1016 1170/1191/1016
f 1263/1284/1017 1170/1191/1017 1168/1189/1017 1264/1285/1017
f 1265/1286/1018 1266/1287/1018 1267/1288/1018 1268/1289/1018
f 1265/1286/1019 1268/1289/1019 1261/1282/1019 1260/1281/1019
f 1265/1286/1020 1264/1285/1020 1269/1290/1020 1266/1287/1020
f 1269/1290/1021 1270/1291/1021 1271/1292/1021 1266/1287/1021
f 1269/1290/1022 1264/1285/1022 1168/1189/1022 1166/1187/1022
f 1269/1290/1023 1166/1187/1023 1165/1186/1023 1270/1291/1023
f 1271/1292/1024 1272/1293/1024 199/165/1024 202/168/1024
f 1271/1292/1025 202/168/1025 1267/1288/1025 1266/1287/1025
f 1271/1292/1026 1270/1291/1026 1273/1294/1026 1272/1293/1026
f 1273/1294/1027 1274/1295/1027 1275/1296/1027 1272/1293/1027
f 1273/1294/1028 1270/1291/1028 1165/1186/1028 1164/1185/1028
f 1273/1294/1029 1164/1185/1029 1276/1297/1029 1274/1295/1029
f 1276/1297/1030 1277/1298/1030 1278/1299/1030 1274/1295/1030
f 1276/1297/1031 1164/1185/1031 1162/1183/1031 1161/1182/1031
f 1276/1297/1032 1161/1182/1032 1279/1300/1032 1277/1298/1032
f 1279/1300/1033 1280/1301/1033 1281/1302/1033 1277/1298/1033
f 1279/1300/1034 1161/1182/1034 1159/1180/1034 1282/1303/1034
f 1279/1300/1035 1282/1303/1035 1283/1304/1035 1280/1301/1035
f 1283/1304/1036 1284/1305/1036 1285/1306/1036 1280/1301/1036
f 1283/1304/1037 1282/1303/1037 1155/1176/1037 1286/1307/1037
f 1283/1304/1038 1286/1307/1038 1287/1308/1038 1284/1305/1038
f 1287/1308/1039 1288/1309/1039 1289/1310/1039 1284/1305/1039
f 1287/1308/1040 1286/1307/1040 1152/1173/1040 1290/1311/1040
f 1287/1308/1041 1290/1311/1041 1291/1312/1041 1288/1309/1041
f 1291/1312/1042 1292/1313/1042 1293/1314/1042 1288/1309/1042
f 1291/1312/1043 1290/1311/1043 1148/1169/1043 1294/1315/1043
f 1291/1312/1044 1294/1315/1044 1295/1316/1044 1292/1313/1044
f 1295/1316/1045 1296/1317/1045 1297/1318/1045 1292/1313/1045
f 1295/1316/1046 1294/1315/1046 1145/1166/1046 1298/1319/1046
f 1295/1316/1047 1298/1319/1047 1299/1320/1047 1296/1317/1047
f 1299/1320/1048 1300/1321/1048 1301/1322/1048 1296/1317/1048
f 1299/1320/1049 1298/1319/1049 1302/1323/1049 1303/1324/1049
f 1299/1320/1050 1303/1324/1050 1304/1325/1050 1300/1321/1050
f 1304/1325/1051 1305/1326/1051 1306/1327/1051 1300/1321/1051
f 1304/1325/1052 1303/1324/1052 1307/1328/1052 1308/1329/1052
f 1304/1325/1053 1308/1329/1053 1309/1330/1053 1305/1326/1053
f 1309/1330/1054 1310/1331/1054 1311/1332/1054 1305/1326/1054
f 1309/1330/1055 1308/1329/1055 1312/1333/1055 1313/1334/1055
f 1309/1330/1056 1313/1334/1056 1314/1335/1056 1310/1331/1056
f 1314/1335/1057 1315/1336/1057 1316/1337/1057 1310/1331/1057
f 1314/1335/1058 1313/1334/1058 1317/1338/1058 1318/1339/1058
f 1314/1335/1059 1318/1339/1059 1319/1340/1059 1315/1336/1059
f 1319/1340/1060 1320/1341/1060 1321/1342/1060 1315/1336/1060
f 1319/1340/1061 1318/1339/1061 1322/1343/1061 1323/1344/1061
f 1319/1340/1062 1323/1344/1062 1324/1345/1062 1320/1341/1062
f 1324/1345/1063 1325/1346/1063 1326/1347/1063 1320/1341/1063
f 1324/1345/1064 1323/1344/1064 1327/1348/1064 1328/1349/1064
f 1324/1345/1065 1328/1349/1065 1329/1350/1065 1325/1346/1065
f 1329/1350/1066 1330/1351/1066 1331/1352/1066 1325/1346/1066
f 1329/1350/1067 1328/1349/1067 1332/1353/1067 1333/1354/1067
f 1329/1350/1068 1333/1354/1068 1334/1355/1068 1330/1351/1068
f 1334/1355/1069 1335/1356/1069 1336/1357/1069 1330/1351/1069
f 1334/1355/1070 1333/1354/1070 1337/1358/1070 1338/1359/1070
f 1334/1355/1071 1338/1359/1071 1339/1360/1071 1335/1356/1071
f 1339/1360/1072 1340/1361/1072 1341/1362/1072 1335/1356/1072
f 1339/1360/1073 1338/1359/1073 1342/1363/1073 1343/1364/1073
f 1339/1360/1074 1343/1364/1074 1344/1365/1074 1340/1361/1074
f 1344/1365/1075 1345/1366/1075 1346/1367/1075 1340/1361/1075
f 1344/1365/1076 1343/1364/1076 1347/1368/1076 1348/1369/1076
f 1344/1365/1077 1348/1369/1077 1349/1370/1077 1345/1366/1077
f 1349/1370/1078 1350/1371/1078 1351/1372/1078 1345/1366/1078
f 1349/1370/1079 1348/1369/1079 1099/1120/1079 1098/1119/1079
f 1349/1370/1080 1098/1119/1080 1097/1118/1080 1350/1371/1080
f 1351/1372/1081 1352/1373/1081 1353/1374/1081 1354/1375/1081
f 1351/1372/1082 1354/1375/1082 1346/1367/1082 1345/1366/1082
f 1351/1372/1083 1350/1371/1083 1355/1376/1083 1352/1373/1083
f 1355/1377/1084 1356/1378/1084 1357/1379/1084 1352/1380/1084
f 1355/1376/1085 1350/1371/1085 1097/1118/1085 1358/1381/1085
f 1355/1377/1086 1358/1382/1086 1359/1383/1086 1356/1378/1086
f 1359/1383/1087 1360/1384/1087 1361/1385/1087 1356/1378/1087
f 1359/1383/1088 1358/1382/1088 1094/1386/1088 1362/1387/1088
f 1359/1383/1089 1362/1387/1089 1363/1388/1089 1360/1384/1089
f 1363/1388/1090 1364/1389/1090 1365/1390/1090 1360/1384/1090
f 1363/1388/1091 1362/1387/1091 1091/1111/1091 1366/1391/1091
f 1363/1388/1092 1366/1391/1092 1367/1392/1092 1364/1389/1092
f 1367/1392/1093 1368/1393/1093 1369/1394/1093 1364/1389/1093
f 1367/1392/1094 1366/1391/1094 1086/1103/1094 1085/1102/1094
f 1367/1392/1095 1085/1102/1095 1370/1395/1095 1368/1393/1095
f 1370/1395/1096 1371/1396/1096 1372/1397/1096 1368/1393/1096
f 1370/1395/1097 1085/1102/1097 1083/1100/1097 1082/1099/1097
f 1370/1395/1098 1082/1099/1098 1373/1398/1098 1371/1396/1098
f 1373/1398/1099 1374/1399/1099 1375/1400/1099 1371/1396/1099
f 1373/1398/1100 1082/1099/1100 1080/1097/1100 1079/1096/1100
f 1373/1398/1101 1079/1096/1101 1376/1401/1101 1374/1399/1101
f 1376/1401/1102 1061/1078/1102 1377/1402/1102 1374/1399/1102
f 1376/1401/1103 1079/1096/1103 1077/1094/1103 1076/1093/1103
f 1376/1401/1104 1076/1093/1104 1062/1079/1104 1061/1078/1104
f 1377/1402/1105 1058/1075/1105 1378/1403/1105 1379/1404/1105
f 1377/1402/1106 1379/1404/1106 1375/1400/1106 1374/1399/1106
f 1377/1402/1107 1061/1078/1107 1059/1076/1107 1058/1075/1107
f 1379/1404/1108 1378/1403/1108 1380/1405/1108 1381/1406/1108
f 1379/1404/1109 1381/1406/1109 1382/1407/1109 1375/1400/1109
f 1382/1407/1110 1381/1406/1110 1383/1408/1110 1384/1409/1110
f 1382/1407/1111 1384/1409/1111 1385/1410/1111 1372/1397/1111
f 1382/1407/1112 1372/1397/1112 1371/1396/1112 1375/1400/1112
f 1385/1410/1113 1384/1409/1113 1386/1411/1113 1387/1412/1113
f 1385/1410/1114 1387/1412/1114 1388/1413/1114 1369/1394/1114
f 1385/1410/1115 1369/1394/1115 1368/1393/1115 1372/1397/1115
f 1388/1413/1116 1387/1412/1116 1389/1414/1116 1390/1415/1116
f 1388/1413/1117 1390/1415/1117 1391/1416/1117 1365/1390/1117
f 1388/1413/1118 1365/1390/1118 1364/1389/1118 1369/1394/1118
f 1391/1416/1119 1390/1415/1119 1392/1417/1119 1393/1418/1119
f 1391/1416/1120 1393/1418/1120 1394/1419/1120 1361/1385/1120
f 1391/1416/1121 1361/1385/1121 1360/1384/1121 1365/1390/1121
f 1394/1419/1122 1393/1418/1122 1395/1420/1122 1396/1421/1122
f 1394/1419/1123 1396/1421/1123 1397/1422/1123 1357/1379/1123
f 1394/1419/1124 1357/1379/1124 1356/1378/1124 1361/1385/1124
f 1397/1422/1125 1396/1421/1125 1398/1423/1125 1399/1424/1125
f 1397/1425/1126 1399/1426/1126 1400/1427/1126 1353/1374/1126
f 1397/1425/1127 1353/1374/1127 1352/1373/1127 1357/1428/1127
f 1400/1427/1128 1399/1426/1128 1401/1429/1128 1402/1430/1128
f 1400/1427/1129 1402/1430/1129 1403/1431/1129 1404/1432/1129
f 1400/1427/1130 1404/1432/1130 1354/1375/1130 1353/1374/1130
f 1404/1432/1131 1403/1431/1131 1405/1433/1131 1406/1434/1131
f 1404/1432/1132 1406/1434/1132 1346/1367/1132 1354/1375/1132
f 1406/1434/1133 1405/1433/1133 1407/1435/1133 1341/1362/1133
f 1406/1434/1134 1341/1362/1134 1340/1361/1134 1346/1367/1134
f 1407/1435/1135 1405/1433/1135 1408/1436/1135 1409/1437/1135
f 1407/1435/1136 1409/1437/1136 1410/1438/1136 1336/1357/1136
f 1407/1435/1137 1336/1357/1137 1335/1356/1137 1341/1362/1137
f 1410/1438/1138 1409/1437/1138 1411/1439/1138 1412/1440/1138
f 1410/1438/1139 1412/1440/1139 1413/1441/1139 1331/1352/1139
f 1410/1438/1140 1331/1352/1140 1330/1351/1140 1336/1357/1140
f 1413/1441/1141 1412/1440/1141 1414/1442/1141 1415/1443/1141
f 1413/1441/1142 1415/1443/1142 1416/1444/1142 1326/1347/1142
f 1413/1441/1143 1326/1347/1143 1325/1346/1143 1331/1352/1143
f 1416/1444/1144 1415/1443/1144 1417/1445/1144 1418/1446/1144
f 1416/1444/1145 1418/1446/1145 1419/1447/1145 1321/1342/1145
f 1416/1444/1146 1321/1342/1146 1320/1341/1146 1326/1347/1146
f 1419/1447/1147 1418/1446/1147 1420/1448/1147 1421/1449/1147
f 1419/1447/1148 1421/1449/1148 1422/1450/1148 1316/1337/1148
f 1419/1447/1149 1316/1337/1149 1315/1336/1149 1321/1342/1149
f 1422/1450/1150 1421/1449/1150 1423/1451/1150 1424/1452/1150
f 1422/1450/1151 1424/1452/1151 1425/1453/1151 1311/1332/1151
f 1422/1450/1152 1311/1332/1152 1310/1331/1152 1316/1337/1152
f 1425/1453/1153 1424/1452/1153 1426/1454/1153 1427/1455/1153
f 1425/1453/1154 1427/1455/1154 1428/1456/1154 1306/1327/1154
f 1425/1453/1155 1306/1327/1155 1305/1326/1155 1311/1332/1155
f 1428/1456/1156 1427/1455/1156 1429/1457/1156 1430/1458/1156
f 1428/1456/1157 1430/1458/1157 1431/1459/1157 1301/1322/1157
f 1428/1456/1158 1301/1322/1158 1300/1321/1158 1306/1327/1158
f 1431/1459/1159 1430/1458/1159 1432/1460/1159 1433/1461/1159
f 1431/1459/1160 1433/1461/1160 1434/1462/1160 1297/1318/1160
f 1431/1459/1161 1297/1318/1161 1296/1317/1161 1301/1322/1161
f 1434/1462/1162 1433/1461/1162 1435/1463/1162 1436/1464/1162
f 1434/1462/1163 1436/1464/1163 1437/1465/1163 1293/1314/1163
f 1434/1462/1164 1293/1314/1164 1292/1313/1164 1297/1318/1164
f 1437/1465/1165 1436/1464/1165 1438/1466/1165 1439/1467/1165
f 1437/1465/1166 1439/1467/1166 1440/1468/1166 1289/1310/1166
f 1437/1465/1167 1289/1310/1167 1288/1309/1167 1293/1314/1167
f 1440/1468/1168 1439/1467/1168 1441/1469/1168 1442/1470/1168
f 1440/1468/1169 1442/1470/1169 1443/1471/1169 1285/1306/1169
f 1440/1468/1170 1285/1306/1170 1284/1305/1170 1289/1310/1170
f 1443/1471/1171 1442/1470/1171 226/196/1171 1444/1472/1171
f 1443/1471/1172 1444/1472/1172 1445/1473/1172 1281/1302/1172
f 1443/1471/1173 1281/1302/1173 1280/1301/1173 1285/1306/1173
f 1445/1473/1174 1444/1472/1174 1446/1474/1174 1447/1475/1174
f 1445/1473/1175 1447/1475/1175 1448/1476/1175 1278/1299/1175
f 1445/1473/1176 1278/1299/1176 1277/1298/1176 1281/1302/1176
f 1448/1476/1177 1447/1475/1177 1449/1477/1177 1450/1478/1177
f 1448/1476/1178 1450/1478/1178 200/166/1178 1275/1296/1178
f 1448/1476/1179 1275/1296/1179 1274/1295/1179 1278/1299/1179
f 1450/1478/1180 1449/1477/1180 1451/1479/1180 1452/1480/1180
f 1450/1478/1181 1452/1480/1181 201/167/1181 200/166/1181
f 1452/1480/1182 1451/1479/1182 1453/1481/1182 1454/1482/1182
f 1452/1480/1183 1454/1482/1183 1455/1483/1183 201/167/1183
f 1455/1483/1184 1456/1484/1184 1268/1289/1184 1267/1288/1184
f 1455/1483/1185 1267/1288/1185 202/168/1185 201/167/1185
f 1455/1483/1186 1454/1482/1186 1457/1485/1186 1456/1484/1186
f 1457/1485/1187 1458/1486/1187 1459/1487/1187 1456/1484/1187
f 1457/1485/1188 1454/1482/1188 1453/1481/1188 1460/1488/1188
f 1457/1485/1189 1460/1488/1189 1461/1489/1189 1458/1486/1189
f 1461/1489/1190 88/36/1190 87/35/1190 1458/1486/1190
f 1461/1489/1191 1460/1488/1191 1462/1490/1191 1463/1491/1191
f 1461/1489/1192 1463/1491/1192 1464/1492/1192 88/36/1192
f 1464/1492/1193 1465/1493/1193 89/37/1193 88/36/1193
f 1464/1492/1194 1463/1491/1194 1466/1494/1194 1467/1495/1194
f 1464/1492/1195 1467/1495/1195 1468/1496/1195 1465/1493/1195
f 1468/1496/1196 1469/1497/1196 1470/1498/1196 1465/1493/1196
f 1468/1496/1197 1467/1495/1197 1471/1499/1197 1472/1500/1197
f 1468/1496/1198 1472/1500/1198 1473/1501/1198 1469/1497/1198
f 1473/1501/1199 1474/1502/1199 1475/1503/1199 1469/1497/1199
f 1473/1501/1200 1472/1500/1200 1476/1504/1200 1477/1505/1200
f 1473/1501/1201 1477/1505/1201 1478/1506/1201 1474/1502/1201
f 1478/1506/1202 1479/1507/1202 1480/1508/1202 1474/1502/1202
f 1478/1506/1203 1477/1505/1203 1481/1509/1203 1482/1510/1203
f 1478/1506/1204 1482/1510/1204 1483/1511/1204 1479/1507/1204
f 1483/1511/1205 1484/1512/1205 1485/1513/1205 1479/1507/1205
f 1483/1511/1206 1482/1510/1206 1486/1514/1206 1487/1515/1206
f 1483/1511/1207 1487/1515/1207 1488/1516/1207 1484/1512/1207
f 1488/1516/1208 1489/1517/1208 1490/1518/1208 1484/1512/1208
f 1488/1516/1209 1487/1515/1209 1491/1519/1209 1492/1520/1209
f 1488/1516/1210 1492/1520/1210 1493/1521/1210 1489/1517/1210
f 1493/1521/1211 1494/1522/1211 1495/1523/1211 1489/1517/1211
f 1493/1521/1212 1492/1520/1212 1496/1524/1212 1497/1525/1212
f 1493/1521/1213 1497/1525/1213 1498/1526/1213 1494/1522/1213
f 1498/1526/1214 1499/1527/1214 1500/1528/1214 1494/1522/1214
f 1498/1526/1215 1497/1525/1215 1501/1529/1215 1502/1530/1215
f 1498/1526/1216 1502/1530/1216 1503/1531/1216 1499/1527/1216
f 1503/1531/1217 1504/1532/1217 1505/1533/1217 1499/1527/1217
f 1503/1531/1218 1502/1530/1218 1506/1534/1218 1507/1535/1218
f 1503/1531/1219 1507/1535/1219 1508/1536/1219 1504/1532/1219
f 1508/1536/1220 1509/1537/1220 1510/1538/1220 1504/1532/1220
f 1508/1536/1221 1507/1535/1221 1511/1539/1221 1512/1540/1221
f 1508/1536/1222 1512/1540/1222 1513/1541/1222 1509/1537/1222
f 1513/1541/1223 1514/1542/1223 1515/1543/1223 1509/1537/1223
f 1513/1541/1224 1512/1540/1224 1516/1544/1224 1517/1545/1224
f 1513/1541/1225 1517/1545/1225 1518/1546/1225 1514/1542/1225
f 1518/1546/1226 1519/1547/1226 1520/1548/1226 1514/1542/1226
f 1518/1546/1227 1517/1545/1227 1521/1549/1227 1522/1550/1227
f 1518/1546/1228 1522/1550/1228 1523/1551/1228 1519/1547/1228
f 1523/1551/1229 1524/1552/1229 1525/1553/1229 1519/1547/1229
f 1523/1551/1230 1522/1550/1230 1526/1554/1230 1527/1555/1230
f 1523/1551/1231 1527/1555/1231 1528/1556/1231 1524/1552/1231
f 1528/1556/1232 1529/1557/1232 1530/1558/1232 1524/1552/1232
f 1528/1559/1233 1527/1560/1233 1531/1561/1233 1532/1562/1233
f 1528/1559/1234 1532/1562/1234 1533/1563/1234 1529/1564/1234
f 1533/1563/1235 1534/1565/1235 1535/1566/1235 1529/1564/1235
f 1533/1563/1236 1532/1562/1236 1536/1567/1236 996/1013/1236
f 1533/1563/1237 996/1013/1237 994/1011/1237 1534/1565/1237
f 1536/1567/1238 1532/1562/1238 1531/1561/1238 1537/1568/1238
f 1536/1567/1239 1537/1568/1239 1538/1569/1239 999/1016/1239
f 1536/1567/1240 999/1016/1240 997/1014/1240 996/1013/1240
f 1538/1569/1241 1537/1568/1241 1539/1570/1241 1540/1571/1241
f 1538/1569/1242 1540/1571/1242 1541/1572/1242 1002/1019/1242
f 1538/1569/1243 1002/1019/1243 1000/1017/1243 999/1016/1243
f 1541/1572/1244 1540/1571/1244 1542/1573/1244 1543/1574/1244
f 1541/1572/1245 1543/1574/1245 1544/1575/1245 1545/1576/1245
f 1541/1572/1246 1545/1576/1246 1003/1020/1246 1002/1019/1246
f 1545/1576/1247 1544/1575/1247 1546/1577/1247 1547/1578/1247
f 1545/1576/1248 1547/1578/1248 1004/1021/1248 1003/1020/1248
f 1547/1578/1249 1546/1577/1249 1548/1579/1249 1549/1580/1249
f 1547/1578/1250 1549/1580/1250 1006/1023/1250 1004/1021/1250
f 1549/1580/1251 1548/1579/1251 1550/1581/1251 1551/1582/1251
f 1549/1580/1252 1551/1582/1252 1008/1025/1252 1006/1023/1252
f 1551/1582/1253 1550/1581/1253 1552/1583/1253 1553/1584/1253
f 1551/1582/1254 1553/1584/1254 1010/1027/1254 1008/1025/1254
f 1553/1584/1255 1552/1583/1255 1554/1585/1255 1555/1586/1255
f 1553/1584/1256 1555/1586/1256 1012/1029/1256 1010/1027/1256
f 1555/1586/1257 1554/1585/1257 1556/1587/1257 1557/1588/1257
f 1555/1586/1258 1557/1588/1258 1558/1589/1258 1012/1029/1258
f 1558/1589/1259 1557/1588/1259 1559/1590/1259 1560/1591/1259
f 1558/1589/1260 1560/1591/1260 1017/1034/1260 1015/1032/1260
f 1558/1589/1261 1015/1032/1261 1013/1030/1261 1012/1029/1261
f 1560/1591/1262 1559/1590/1262 1561/1592/1262 1562/1593/1262
f 1560/1591/1263 1562/1593/1263 1019/1036/1263 1017/1034/1263
f 1562/1593/1264 1561/1592/1264 1563/1594/1264 1564/1595/1264
f 1562/1593/1265 1564/1595/1265 1565/1596/1265 1019/1036/1265
f 1565/1596/1266 1564/1595/1266 1566/1597/1266 1567/1598/1266
f 1565/1596/1267 1567/1598/1267 1568/1599/1267 1022/1039/1267
f 1565/1596/1268 1022/1039/1268 1020/1037/1268 1019/1036/1268
f 1568/1599/1269 1567/1598/1269 1569/1600/1269 1570/1601/1269
f 1568/1599/1270 1570/1601/1270 1571/1602/1270 1025/1042/1270
f 1568/1599/1271 1025/1042/1271 1023/1040/1271 1022/1039/1271
f 1571/1602/1272 1570/1601/1272 1572/1603/1272 1573/1604/1272
f 1571/1602/1273 1573/1604/1273 1574/1605/1273 1575/1606/1273
f 1571/1602/1274 1575/1606/1274 1026/1043/1274 1025/1042/1274
f 1575/1606/1275 1574/1605/1275 1576/1607/1275 1577/1608/1275
f 1575/1606/1276 1577/1608/1276 1027/1044/1276 1026/1043/1276
f 1577/1608/1277 1576/1607/1277 1578/1609/1277 1579/1610/1277
f 1577/1608/1278 1579/1610/1278 1029/1046/1278 1027/1044/1278
f 1579/1610/1279 1578/1609/1279 1580/1611/1279 1581/1612/1279
f 1579/1610/1280 1581/1612/1280 1031/1048/1280 1029/1046/1280
f 1581/1612/1281 1580/1611/1281 164/126/1281 166/128/1281
f 1581/1612/1282 166/128/1282 1033/1050/1282 1031/1048/1282
f 1580/1611/1283 1578/1609/1283 1582/1613/1283 1583/1614/1283
f 1580/1611/1284 1583/1614/1284 165/127/1284 164/126/1284
f 1583/1614/1285 1582/1613/1285 1584/1615/1285 1585/1616/1285
f 1583/1614/1286 1585/1616/1286 1586/1617/1286 165/127/1286
f 1586/1617/1287 1585/1616/1287 1587/1618/1287 1588/1619/1287
f 1586/1617/1288 1588/1619/1288 1046/1063/1288 1045/1062/1288
f 1586/1617/1289 1045/1062/1289 161/123/1289 165/127/1289
f 1588/1619/1290 1587/1618/1290 1589/1620/1290 1590/1621/1290
f 1588/1619/1291 1590/1621/1291 1047/1064/1291 1046/1063/1291
f 1590/1621/1292 1589/1620/1292 1591/1622/1292 1592/1623/1292
f 1590/1621/1293 1592/1623/1293 1049/1066/1293 1047/1064/1293
f 1592/1623/1294 1591/1622/1294 1593/1624/1294 1594/1625/1294
f 1592/1623/1295 1594/1625/1295 1595/1626/1295 1049/1066/1295
f 1595/1626/1296 1594/1625/1296 1596/1627/1296 1597/1628/1296
f 1595/1626/1297 1597/1628/1297 1598/1629/1297 1052/1069/1297
f 1595/1626/1298 1052/1069/1298 1050/1067/1298 1049/1066/1298
f 1598/1629/1299 1597/1628/1299 1599/1630/1299 1600/1631/1299
f 1598/1629/1300 1600/1631/1300 1601/1632/1300 1602/1633/1300
f 1598/1629/1301 1602/1633/1301 1053/1070/1301 1052/1069/1301
f 1602/1633/1302 1601/1632/1302 1603/1634/1302 1604/1635/1302
f 1602/1633/1303 1604/1635/1303 1054/1071/1303 1053/1070/1303
f 1604/1635/1304 1603/1634/1304 1605/1636/1304 1606/1637/1304
f 1604/1635/1305 1606/1637/1305 1056/1073/1305 1054/1071/1305
f 1606/1637/1306 1605/1636/1306 1380/1405/1306 1378/1403/1306
f 1606/1637/1307 1378/1403/1307 1058/1075/1307 1056/1073/1307
f 1605/1636/1308 1603/1634/1308 1607/1638/1308 1608/1639/1308
f 1605/1636/1309 1608/1639/1309 1609/1640/1309 1380/1405/1309
f 1609/1640/1310 1608/1639/1310 1610/1641/1310 1611/1642/1310
f 1609/1640/1311 1611/1642/1311 1612/1643/1311 1383/1408/1311
f 1609/1640/1312 1383/1408/1312 1381/1406/1312 1380/1405/1312
f 1612/1643/1313 1611/1642/1313 1613/1644/1313 1614/1645/1313
f 1612/1643/1314 1614/1645/1314 1615/1646/1314 1386/1411/1314
f 1612/1643/1315 1386/1411/1315 1384/1409/1315 1383/1408/1315
f 1615/1646/1316 1614/1645/1316 1616/1647/1316 1617/1648/1316
f 1615/1646/1317 1617/1648/1317 1618/1649/1317 1389/1414/1317
f 1615/1646/1318 1389/1414/1318 1387/1412/1318 1386/1411/1318
f 1618/1649/1319 1617/1648/1319 1619/1650/1319 1620/1651/1319
f 1618/1649/1320 1620/1651/1320 1621/1652/1320 1392/1417/1320
f 1618/1649/1321 1392/1417/1321 1390/1415/1321 1389/1414/1321
f 1621/1652/1322 1620/1651/1322 1622/1653/1322 1623/1654/1322
f 1621/1652/1323 1623/1654/1323 1624/1655/1323 1395/1420/1323
f 1621/1652/1324 1395/1420/1324 1393/1418/1324 1392/1417/1324
f 1624/1655/1325 1623/1654/1325 1625/1656/1325 1626/1657/1325
f 1624/1655/1326 1626/1657/1326 1627/1658/1326 1398/1423/1326
f 1624/1655/1327 1398/1423/1327 1396/1421/1327 1395/1420/1327
f 1627/1658/1328 1626/1657/1328 1628/1659/1328 1629/1660/1328
f 1627/1658/1329 1629/1660/1329 1630/1661/1329 1401/1662/1329
f 1627/1658/1330 1401/1662/1330 1399/1424/1330 1398/1423/1330
f 1630/1661/1331 1629/1660/1331 1631/1663/1331 1632/1664/1331
f 1630/1665/1332 1632/1666/1332 1633/1667/1332 1634/1668/1332
f 1630/1665/1333 1634/1668/1333 1402/1430/1333 1401/1429/1333
f 1634/1668/1334 1633/1667/1334 1635/1669/1334 1636/1670/1334
f 1634/1668/1335 1636/1670/1335 1403/1431/1335 1402/1430/1335
f 1636/1670/1336 1635/1669/1336 1637/1671/1336 1408/1436/1336
f 1636/1670/1337 1408/1436/1337 1405/1433/1337 1403/1431/1337
f 1637/1671/1338 1635/1669/1338 1638/1672/1338 1639/1673/1338
f 1637/1671/1339 1639/1673/1339 1640/1674/1339 1411/1439/1339
f 1637/1671/1340 1411/1439/1340 1409/1437/1340 1408/1436/1340
f 1640/1674/1341 1639/1673/1341 1641/1675/1341 1642/1676/1341
f 1640/1674/1342 1642/1676/1342 1643/1677/1342 1414/1442/1342
f 1640/1674/1343 1414/1442/1343 1412/1440/1343 1411/1439/1343
f 1643/1677/1344 1642/1676/1344 1644/1678/1344 1645/1679/1344
f 1643/1677/1345 1645/1679/1345 1646/1680/1345 1417/1445/1345
f 1643/1677/1346 1417/1445/1346 1415/1443/1346 1414/1442/1346
f 1646/1680/1347 1645/1679/1347 1647/1681/1347 1648/1682/1347
f 1646/1680/1348 1648/1682/1348 1649/1683/1348 1420/1448/1348
f 1646/1680/1349 1420/1448/1349 1418/1446/1349 1417/1445/1349
f 1649/1683/1350 1648/1682/1350 1650/1684/1350 1651/1685/1350
f 1649/1683/1351 1651/1685/1351 1652/1686/1351 1423/1451/1351
f 1649/1683/1352 1423/1451/1352 1421/1449/1352 1420/1448/1352
f 1652/1686/1353 1651/1685/1353 1653/1687/1353 1654/1688/1353
f 1652/1686/1354 1654/1688/1354 1655/1689/1354 1426/1454/1354
f 1652/1686/1355 1426/1454/1355 1424/1452/1355 1423/1451/1355
f 1655/1689/1356 1654/1688/1356 1656/1690/1356 1657/1691/1356
f 1655/1689/1357 1657/1691/1357 1658/1692/1357 1429/1457/1357
f 1655/1689/1358 1429/1457/1358 1427/1455/1358 1426/1454/1358
f 1658/1692/1359 1657/1691/1359 1659/1693/1359 1660/1694/1359
f 1658/1692/1360 1660/1694/1360 1661/1695/1360 1432/1460/1360
f 1658/1692/1361 1432/1460/1361 1430/1458/1361 1429/1457/1361
f 1661/1695/1362 1660/1694/1362 1662/1696/1362 1663/1697/1362
f 1661/1695/1363 1663/1697/1363 1664/1698/1363 1435/1463/1363
f 1661/1695/1364 1435/1463/1364 1433/1461/1364 1432/1460/1364
f 1664/1698/1365 1663/1697/1365 1665/1699/1365 1666/1700/1365
f 1664/1698/1366 1666/1700/1366 1667/1701/1366 1438/1466/1366
f 1664/1698/1367 1438/1466/1367 1436/1464/1367 1435/1463/1367
f 1667/1701/1368 1666/1700/1368 242/214/1368 228/198/1368
f 1667/1701/1369 228/198/1369 227/197/1369 1441/1469/1369
f 1667/1701/1370 1441/1469/1370 1439/1467/1370 1438/1466/1370
f 1666/1700/1371 1665/1699/1371 238/210/1371 242/214/1371
f 1665/1699/1372 1668/1702/1372 239/211/1372 238/210/1372
f 1665/1699/1373 1663/1697/1373 1662/1696/1373 1668/1702/1373
f 1668/1702/1374 1669/1703/1374 1670/1704/1374 239/211/1374
f 1668/1702/1375 1662/1696/1375 1671/1705/1375 1669/1703/1375
f 1671/1705/1376 1672/1706/1376 1673/1707/1376 1669/1703/1376
f 1671/1705/1377 1662/1696/1377 1660/1694/1377 1659/1693/1377
f 1671/1705/1378 1659/1693/1378 1674/1708/1378 1672/1706/1378
f 1674/1708/1379 1675/1709/1379 1676/1710/1379 1672/1706/1379
f 1674/1708/1380 1659/1693/1380 1657/1691/1380 1656/1690/1380
f 1674/1708/1381 1656/1690/1381 1677/1711/1381 1675/1709/1381
f 1677/1711/1382 1678/1712/1382 1679/1713/1382 1675/1709/1382
f 1677/1711/1383 1656/1690/1383 1654/1688/1383 1653/1687/1383
f 1677/1711/1384 1653/1687/1384 1680/1714/1384 1678/1712/1384
f 1680/1714/1385 1681/1715/1385 1682/1716/1385 1678/1712/1385
f 1680/1714/1386 1653/1687/1386 1651/1685/1386 1650/1684/1386
f 1680/1714/1387 1650/1684/1387 1683/1717/1387 1681/1715/1387
f 1683/1717/1388 1684/1718/1388 1685/1719/1388 1681/1715/1388
f 1683/1717/1389 1650/1684/1389 1648/1682/1389 1647/1681/1389
f 1683/1717/1390 1647/1681/1390 1686/1720/1390 1684/1718/1390
f 1686/1720/1391 1687/1721/1391 1688/1722/1391 1684/1718/1391
f 1686/1720/1392 1647/1681/1392 1645/1679/1392 1644/1678/1392
f 1686/1720/1393 1644/1678/1393 1689/1723/1393 1687/1721/1393
f 1689/1723/1394 1690/1724/1394 1691/1725/1394 1687/1721/1394
f 1689/1723/1395 1644/1678/1395 1642/1676/1395 1641/1675/1395
f 1689/1723/1396 1641/1675/1396 1692/1726/1396 1690/1724/1396
f 1692/1726/1397 1693/1727/1397 1694/1728/1397 1690/1724/1397
f 1692/1726/1398 1641/1675/1398 1639/1673/1398 1638/1672/1398
f 1692/1726/1399 1638/1672/1399 1695/1729/1399 1693/1727/1399
f 1695/1729/1400 1696/1730/1400 1697/1731/1400 1693/1727/1400
f 1695/1729/1401 1638/1672/1401 1635/1669/1401 1633/1667/1401
f 1695/1729/1402 1633/1667/1402 1632/1666/1402 1696/1730/1402
f 1697/1732/1403 1698/1733/1403 1699/1734/1403 1700/1735/1403
f 1697/1731/1404 1700/1736/1404 1694/1728/1404 1693/1727/1404
f 1697/1732/1405 1696/1737/1405 1701/1738/1405 1698/1733/1405
f 1701/1738/1406 1702/1739/1406 1703/1740/1406 1698/1733/1406
f 1701/1738/1407 1696/1737/1407 1632/1664/1407 1631/1663/1407
f 1701/1738/1408 1631/1663/1408 1704/1741/1408 1702/1739/1408
f 1704/1741/1409 1705/1742/1409 1706/1743/1409 1702/1739/1409
f 1704/1741/1410 1631/1663/1410 1629/1660/1410 1628/1659/1410
f 1704/1741/1411 1628/1659/1411 1707/1744/1411 1705/1742/1411
f 1707/1744/1412 1708/1745/1412 1709/1746/1412 1705/1742/1412
f 1707/1744/1413 1628/1659/1413 1626/1657/1413 1625/1656/1413
f 1707/1744/1414 1625/1656/1414 1710/1747/1414 1708/1745/1414
f 1710/1747/1415 1711/1748/1415 1712/1749/1415 1708/1745/1415
f 1710/1747/1416 1625/1656/1416 1623/1654/1416 1622/1653/1416
f 1710/1747/1417 1622/1653/1417 1713/1750/1417 1711/1748/1417
f 1713/1750/1418 1714/1751/1418 1715/1752/1418 1711/1748/1418
f 1713/1750/1419 1622/1653/1419 1620/1651/1419 1619/1650/1419
f 1713/1750/1420 1619/1650/1420 1716/1753/1420 1714/1751/1420
f 1716/1753/1421 1717/1754/1421 1718/1755/1421 1714/1751/1421
f 1716/1753/1422 1619/1650/1422 1617/1648/1422 1616/1647/1422
f 1716/1753/1423 1616/1647/1423 1719/1756/1423 1717/1754/1423
f 1719/1756/1424 1720/1757/1424 1721/1758/1424 1717/1754/1424
f 1719/1756/1425 1616/1647/1425 1614/1645/1425 1613/1644/1425
f 1719/1756/1426 1613/1644/1426 1722/1759/1426 1720/1757/1426
f 1722/1759/1427 118/71/1427 117/70/1427 1720/1757/1427
f 1722/1759/1428 1613/1644/1428 1611/1642/1428 1610/1641/1428
f 1722/1759/1429 1610/1641/1429 119/72/1429 118/71/1429
f 1721/1758/1430 1723/1760/1430 1724/1761/1430 1725/1762/1430
f 1721/1758/1431 1725/1762/1431 1718/1755/1431 1717/1754/1431
f 1721/1758/1432 1720/1757/1432 117/70/1432 1723/1760/1432
f 1725/1762/1433 1724/1761/1433 1726/1763/1433 1727/1764/1433
f 1725/1762/1434 1727/1764/1434 1728/1765/1434 1718/1755/1434
f 1728/1765/1435 1727/1764/1435 1729/1766/1435 1730/1767/1435
f 1728/1765/1436 1730/1767/1436 1731/1768/1436 1715/1752/1436
f 1728/1765/1437 1715/1752/1437 1714/1751/1437 1718/1755/1437
f 1731/1768/1438 1730/1767/1438 1732/1769/1438 1733/1770/1438
f 1731/1768/1439 1733/1770/1439 1734/1771/1439 1712/1749/1439
f 1731/1768/1440 1712/1749/1440 1711/1748/1440 1715/1752/1440
f 1734/1771/1441 1733/1770/1441 1735/1772/1441 1736/1773/1441
f 1734/1771/1442 1736/1773/1442 1737/1774/1442 1709/1746/1442
f 1734/1771/1443 1709/1746/1443 1708/1745/1443 1712/1749/1443
f 1737/1774/1444 1736/1773/1444 1738/1775/1444 1739/1776/1444
f 1737/1774/1445 1739/1776/1445 1740/1777/1445 1706/1743/1445
f 1737/1774/1446 1706/1743/1446 1705/1742/1446 1709/1746/1446
f 1740/1777/1447 1739/1776/1447 1741/1778/1447 1742/1779/1447
f 1740/1777/1448 1742/1779/1448 1743/1780/1448 1703/1740/1448
f 1740/1777/1449 1703/1740/1449 1702/1739/1449 1706/1743/1449
f 1743/1780/1450 1742/1779/1450 1744/1781/1450 1745/1782/1450
f 1743/1780/1451 1745/1782/1451 1746/1783/1451 1699/1734/1451
f 1743/1780/1452 1699/1734/1452 1698/1733/1452 1703/1740/1452
f 1746/1783/1453 1745/1782/1453 1747/1784/1453 1748/1785/1453
f 1746/1783/1454 1748/1785/1454 1749/1786/1454 1750/1787/1454
f 1746/1783/1455 1750/1787/1455 1700/1735/1455 1699/1734/1455
f 1750/1788/1456 1749/1789/1456 1751/1790/1456 1752/1791/1456
f 1750/1788/1457 1752/1791/1457 1694/1728/1457 1700/1736/1457
f 1752/1791/1458 1751/1790/1458 1753/1792/1458 1691/1725/1458
f 1752/1791/1459 1691/1725/1459 1690/1724/1459 1694/1728/1459
f 1753/1792/1460 1751/1790/1460 1754/1793/1460 1755/1794/1460
f 1753/1792/1461 1755/1794/1461 1756/1795/1461 1688/1722/1461
f 1753/1792/1462 1688/1722/1462 1687/1721/1462 1691/1725/1462
f 1756/1795/1463 1755/1794/1463 1757/1796/1463 1758/1797/1463
f 1756/1795/1464 1758/1797/1464 1759/1798/1464 1685/1719/1464
f 1756/1795/1465 1685/1719/1465 1684/1718/1465 1688/1722/1465
f 1759/1798/1466 1758/1797/1466 1760/1799/1466 1761/1800/1466
f 1759/1798/1467 1761/1800/1467 1762/1801/1467 1682/1716/1467
f 1759/1798/1468 1682/1716/1468 1681/1715/1468 1685/1719/1468
f 1762/1801/1469 1761/1800/1469 1763/1802/1469 1764/1803/1469
f 1762/1801/1470 1764/1803/1470 1765/1804/1470 1679/1713/1470
f 1762/1801/1471 1679/1713/1471 1678/1712/1471 1682/1716/1471
f 1765/1804/1472 1764/1803/1472 1766/1805/1472 1767/1806/1472
f 1765/1804/1473 1767/1806/1473 1768/1807/1473 1676/1710/1473
f 1765/1804/1474 1676/1710/1474 1675/1709/1474 1679/1713/1474
f 1768/1807/1475 1767/1806/1475 1769/1808/1475 1770/1809/1475
f 1768/1807/1476 1770/1809/1476 1771/1810/1476 1673/1707/1476
f 1768/1807/1477 1673/1707/1477 1672/1706/1477 1676/1710/1477
f 1771/1810/1478 1770/1809/1478 236/207/1478 1772/1811/1478
f 1771/1810/1479 1772/1811/1479 1773/1812/1479 1670/1704/1479
f 1771/1810/1480 1670/1704/1480 1669/1703/1480 1673/1707/1480
f 1773/1812/1481 1772/1811/1481 1774/1813/1481 1775/1814/1481
f 1773/1812/1482 1775/1814/1482 243/215/1482 240/212/1482
f 1773/1812/1483 240/212/1483 239/211/1483 1670/1704/1483
f 1775/1814/1484 1776/1815/1484 231/201/1484 243/215/1484
f 1775/1814/1485 1774/1813/1485 1777/1816/1485 1776/1815/1485
f 1777/1816/1486 1778/1817/1486 1779/1818/1486 1776/1815/1486
f 1777/1816/1487 1774/1813/1487 235/206/1487 237/208/1487
f 1777/1816/1488 237/208/1488 1780/1819/1488 1778/1817/1488
f 1780/1819/1489 1781/1820/1489 1782/1821/1489 1778/1817/1489
f 1780/1819/1490 237/208/1490 234/205/1490 74/21/1490
f 1780/1819/1491 74/21/1491 73/20/1491 1781/1820/1491
f 1782/1821/1492 1783/1822/1492 1784/1823/1492 1785/1824/1492
f 1782/1821/1493 1785/1824/1493 1779/1818/1493 1778/1817/1493
f 1782/1821/1494 1781/1820/1494 1786/1825/1494 1783/1822/1494
f 1786/1825/1495 1787/1826/1495 220/189/1495 1783/1822/1495
f 1786/1825/1496 1781/1820/1496 73/20/1496 1788/1827/1496
f 1786/1825/1497 1788/1827/1497 1789/1828/1497 1787/1826/1497
f 1789/1828/1498 1790/1829/1498 1791/1830/1498 1787/1826/1498
f 1789/1828/1499 1788/1827/1499 1792/1831/1499 1793/1832/1499
f 1789/1828/1500 1793/1832/1500 1794/1833/1500 1790/1829/1500
f 1794/1833/1501 1795/1834/1501 1796/1835/1501 1790/1829/1501
f 1794/1833/1502 1793/1832/1502 1797/1836/1502 1798/1837/1502
f 1794/1833/1503 1798/1837/1503 1799/1838/1503 1795/1834/1503
f 1799/1838/1504 1800/1839/1504 1801/1840/1504 1795/1834/1504
f 1799/1838/1505 1798/1837/1505 1802/1841/1505 1803/1842/1505
f 1799/1838/1506 1803/1842/1506 1804/1843/1506 1800/1839/1506
f 1804/1843/1507 1805/1844/1507 1806/1845/1507 1800/1839/1507
f 1804/1843/1508 1803/1842/1508 1807/1846/1508 1808/1847/1508
f 1804/1843/1509 1808/1847/1509 1809/1848/1509 1805/1844/1509
f 1809/1848/1510 1810/1849/1510 1811/1850/1510 1805/1844/1510
f 1809/1848/1511 1808/1847/1511 1812/1851/1511 1813/1852/1511
f 1809/1848/1512 1813/1852/1512 1814/1853/1512 1810/1849/1512
f 1814/1853/1513 1815/1854/1513 1816/1855/1513 1810/1849/1513
f 1814/1856/1514 1813/1857/1514 1817/1858/1514 1818/1859/1514
f 1814/1856/1515 1818/1859/1515 1819/1860/1515 1815/1861/1515
f 1819/1860/1516 1820/1862/1516 1821/1863/1516 1815/1861/1516
f 1819/1860/1517 1818/1859/1517 1822/1864/1517 1823/1865/1517
f 1819/1860/1518 1823/1865/1518 1824/1866/1518 1820/1862/1518
f 1824/1866/1519 1825/1867/1519 1826/1868/1519 1820/1862/1519
f 1824/1866/1520 1823/1865/1520 1827/1869/1520 1828/1870/1520
f 1824/1866/1521 1828/1870/1521 1829/1871/1521 1825/1867/1521
f 1829/1871/1522 1830/1872/1522 1831/1873/1522 1825/1867/1522
f 1829/1871/1523 1828/1870/1523 1832/1874/1523 1833/1875/1523
f 1829/1871/1524 1833/1875/1524 1834/1876/1524 1830/1872/1524
f 1834/1876/1525 1835/1877/1525 1836/1878/1525 1830/1872/1525
f 1834/1876/1526 1833/1875/1526 1837/1879/1526 1838/1880/1526
f 1834/1876/1527 1838/1880/1527 1839/1881/1527 1835/1877/1527
f 1839/1881/1528 1840/1882/1528 1841/1883/1528 1835/1877/1528
f 1839/1881/1529 1838/1880/1529 1842/1884/1529 1843/1885/1529
f 1839/1881/1530 1843/1885/1530 1844/1886/1530 1840/1882/1530
f 1844/1886/1531 1845/1887/1531 1846/1888/1531 1840/1882/1531
f 1844/1886/1532 1843/1885/1532 1847/1889/1532 1848/1890/1532
f 1844/1886/1533 1848/1890/1533 1849/1891/1533 1845/1887/1533
f 1849/1891/1534 1850/1892/1534 1851/1893/1534 1845/1887/1534
f 1849/1891/1535 1848/1890/1535 1852/1894/1535 1853/1895/1535
f 1849/1891/1536 1853/1895/1536 1854/1896/1536 1850/1892/1536
f 1854/1896/1537 1855/1897/1537 1856/1898/1537 1850/1892/1537
f 1854/1896/1538 1853/1895/1538 1857/1899/1538 1858/1900/1538
f 1854/1896/1539 1858/1900/1539 1859/1901/1539 1855/1897/1539
f 1859/1901/1540 1860/1902/1540 1861/1903/1540 1855/1897/1540
f 1859/1901/1541 1858/1900/1541 1862/1904/1541 1863/1905/1541
f 1859/1901/1542 1863/1905/1542 1864/1906/1542 1860/1902/1542
f 1864/1906/1543 1554/1585/1543 1552/1583/1543 1860/1902/1543
f 1864/1906/1544 1863/1905/1544 1865/1907/1544 1866/1908/1544
f 1864/1906/1545 1866/1908/1545 1556/1587/1545 1554/1585/1545
f 1866/1908/1546 1865/1907/1546 1867/1909/1546 1868/1910/1546
f 1866/1908/1547 1868/1910/1547 1869/1911/1547 1556/1587/1547
f 1869/1911/1548 1868/1910/1548 1870/1912/1548 1871/1913/1548
f 1869/1911/1549 1871/1913/1549 1561/1592/1549 1559/1590/1549
f 1869/1911/1550 1559/1590/1550 1557/1588/1550 1556/1587/1550
f 1871/1913/1551 1870/1912/1551 1872/1914/1551 1873/1915/1551
f 1871/1913/1552 1873/1915/1552 1563/1594/1552 1561/1592/1552
f 1873/1915/1553 1872/1914/1553 1874/1916/1553 1875/1917/1553
f 1873/1915/1554 1875/1917/1554 1876/1918/1554 1563/1594/1554
f 1876/1918/1555 1875/1917/1555 1877/1919/1555 1878/1920/1555
f 1876/1918/1556 1878/1920/1556 1879/1921/1556 1566/1597/1556
f 1876/1918/1557 1566/1597/1557 1564/1595/1557 1563/1594/1557
f 1879/1921/1558 1878/1920/1558 1880/1922/1558 1881/1923/1558
f 1879/1921/1559 1881/1923/1559 1882/1924/1559 1569/1600/1559
f 1879/1921/1560 1569/1600/1560 1567/1598/1560 1566/1597/1560
f 1882/1924/1561 1881/1923/1561 1883/1925/1561 1884/1926/1561
f 1882/1924/1562 1884/1926/1562 1885/1927/1562 1572/1603/1562
f 1882/1924/1563 1572/1603/1563 1570/1601/1563 1569/1600/1563
f 1885/1927/1564 1884/1926/1564 1886/1928/1564 1887/1929/1564
f 1885/1927/1565 1887/1929/1565 1888/1930/1565 1889/1931/1565
f 1885/1927/1566 1889/1931/1566 1573/1604/1566 1572/1603/1566
f 1889/1931/1567 1888/1930/1567 1890/1932/1567 1891/1933/1567
f 1889/1931/1568 1891/1933/1568 1574/1605/1568 1573/1604/1568
f 1891/1933/1569 1890/1932/1569 1892/1934/1569 1893/1935/1569
f 1891/1933/1570 1893/1935/1570 1576/1607/1570 1574/1605/1570
f 1893/1935/1571 1892/1934/1571 1584/1615/1571 1582/1613/1571
f 1893/1935/1572 1582/1613/1572 1578/1609/1572 1576/1607/1572
f 1892/1934/1573 1890/1932/1573 1894/1936/1573 1895/1937/1573
f 1892/1934/1574 1895/1937/1574 1896/1938/1574 1584/1615/1574
f 1896/1938/1575 1895/1937/1575 1897/1939/1575 1898/1940/1575
f 1896/1938/1576 1898/1940/1576 1589/1620/1576 1587/1618/1576
f 1896/1938/1577 1587/1618/1577 1585/1616/1577 1584/1615/1577
f 1898/1940/1578 1897/1939/1578 1899/1941/1578 1900/1942/1578
f 1898/1940/1579 1900/1942/1579 1591/1622/1579 1589/1620/1579
f 1900/1942/1580 1899/1941/1580 1901/1943/1580 1902/1944/1580
f 1900/1942/1581 1902/1944/1581 1593/1624/1581 1591/1622/1581
f 1902/1944/1582 1901/1943/1582 1903/1945/1582 1904/1946/1582
f 1902/1944/1583 1904/1946/1583 1905/1947/1583 1593/1624/1583
f 1905/1947/1584 1904/1946/1584 1906/1948/1584 1907/1949/1584
f 1905/1947/1585 1907/1949/1585 1908/1950/1585 1596/1627/1585
f 1905/1947/1586 1596/1627/1586 1594/1625/1586 1593/1624/1586
f 1908/1950/1587 1907/1949/1587 1909/1951/1587 1910/1952/1587
f 1908/1950/1588 1910/1952/1588 1911/1953/1588 1599/1630/1588
f 1908/1950/1589 1599/1630/1589 1597/1628/1589 1596/1627/1589
f 1911/1953/1590 1910/1952/1590 1912/1954/1590 1913/1955/1590
f 1911/1953/1591 1913/1955/1591 115/68/1591 1914/1956/1591
f 1911/1953/1592 1914/1956/1592 1600/1631/1592 1599/1630/1592
f 1914/1956/1593 115/68/1593 114/67/1593 1915/1957/1593
f 1914/1956/1594 1915/1957/1594 1601/1632/1594 1600/1631/1594
f 1915/1957/1595 114/67/1595 119/72/1595 1607/1638/1595
f 1915/1957/1596 1607/1638/1596 1603/1634/1596 1601/1632/1596
f 1913/1955/1597 1912/1954/1597 1916/1958/1597 1917/1959/1597
f 1913/1955/1598 1917/1959/1598 116/69/1598 115/68/1598
f 1917/1959/1599 1916/1958/1599 1724/1761/1599 1723/1760/1599
f 1917/1959/1600 1723/1760/1600 117/70/1600 116/69/1600
f 1916/1958/1601 1912/1954/1601 1918/1960/1601 1919/1961/1601
f 1916/1958/1602 1919/1961/1602 1726/1763/1602 1724/1761/1602
f 1919/1961/1603 1918/1960/1603 1920/1962/1603 1921/1963/1603
f 1919/1961/1604 1921/1963/1604 1922/1964/1604 1726/1763/1604
f 1922/1964/1605 1921/1963/1605 1923/1965/1605 1924/1966/1605
f 1922/1964/1606 1924/1966/1606 1925/1967/1606 1729/1766/1606
f 1922/1964/1607 1729/1766/1607 1727/1764/1607 1726/1763/1607
f 1925/1967/1608 1924/1966/1608 1926/1968/1608 1927/1969/1608
f 1925/1967/1609 1927/1969/1609 1928/1970/1609 1732/1769/1609
f 1925/1967/1610 1732/1769/1610 1730/1767/1610 1729/1766/1610
f 1928/1970/1611 1927/1969/1611 1929/1971/1611 1930/1972/1611
f 1928/1970/1612 1930/1972/1612 1931/1973/1612 1735/1772/1612
f 1928/1970/1613 1735/1772/1613 1733/1770/1613 1732/1769/1613
f 1931/1973/1614 1930/1972/1614 1932/1974/1614 1933/1975/1614
f 1931/1973/1615 1933/1975/1615 1934/1976/1615 1738/1775/1615
f 1931/1973/1616 1738/1775/1616 1736/1773/1616 1735/1772/1616
f 1934/1976/1617 1933/1975/1617 1935/1977/1617 1936/1978/1617
f 1934/1976/1618 1936/1978/1618 1937/1979/1618 1741/1778/1618
f 1934/1976/1619 1741/1778/1619 1739/1776/1619 1738/1775/1619
f 1937/1979/1620 1936/1978/1620 1938/1980/1620 1939/1981/1620
f 1937/1979/1621 1939/1981/1621 1940/1982/1621 1744/1781/1621
f 1937/1979/1622 1744/1781/1622 1742/1779/1622 1741/1778/1622
f 1940/1982/1623 1939/1981/1623 1941/1983/1623 1942/1984/1623
f 1940/1982/1624 1942/1984/1624 1943/1985/1624 1747/1784/1624
f 1940/1982/1625 1747/1784/1625 1745/1782/1625 1744/1781/1625
f 1943/1985/1626 1942/1984/1626 1944/1986/1626 1945/1987/1626
f 1943/1985/1627 1945/1987/1627 1946/1988/1627 1947/1989/1627
f 1943/1985/1628 1947/1989/1628 1748/1785/1628 1747/1784/1628
f 1947/1989/1629 1946/1988/1629 1948/1990/1629 1949/1991/1629
f 1947/1989/1630 1949/1991/1630 1749/1786/1630 1748/1785/1630
f 1949/1992/1631 1948/1993/1631 1950/1994/1631 1754/1793/1631
f 1949/1992/1632 1754/1793/1632 1751/1790/1632 1749/1789/1632
f 1950/1994/1633 1948/1993/1633 1951/1995/1633 1952/1996/1633
f 1950/1994/1634 1952/1996/1634 1953/1997/1634 1757/1796/1634
f 1950/1994/1635 1757/1796/1635 1755/1794/1635 1754/1793/1635
f 1953/1997/1636 1952/1996/1636 1954/1998/1636 1955/1999/1636
f 1953/1997/1637 1955/1999/1637 1956/2000/1637 1760/1799/1637
f 1953/1997/1638 1760/1799/1638 1758/1797/1638 1757/1796/1638
f 1956/2000/1639 1955/1999/1639 1957/2001/1639 1958/2002/1639
f 1956/2000/1640 1958/2002/1640 1959/2003/1640 1763/1802/1640
f 1956/2000/1641 1763/1802/1641 1761/1800/1641 1760/1799/1641
f 1959/2003/1642 1958/2002/1642 80/27/1642 77/24/1642
f 1959/2003/1643 77/24/1643 76/23/1643 1766/1805/1643
f 1959/2003/1644 1766/1805/1644 1764/1803/1644 1763/1802/1644
f 1958/2002/1645 1957/2001/1645 1960/2004/1645 80/27/1645
f 1960/2004/1646 1961/2005/1646 1962/2006/1646 1963/2007/1646
f 1960/2004/1647 1963/2007/1647 78/25/1647 80/27/1647
f 1960/2004/1648 1957/2001/1648 1964/2008/1648 1961/2005/1648
f 1964/2008/1649 1965/2009/1649 1966/2010/1649 1961/2005/1649
f 1964/2008/1650 1957/2001/1650 1955/1999/1650 1954/1998/1650
f 1964/2008/1651 1954/1998/1651 1967/2011/1651 1965/2009/1651
f 1967/2012/1652 1968/2013/1652 1969/2014/1652 1965/2015/1652
f 1967/2011/1653 1954/1998/1653 1952/1996/1653 1951/1995/1653
f 1967/2012/1654 1951/2016/1654 1970/2017/1654 1968/2013/1654
f 1970/2017/1655 1971/2018/1655 1972/2019/1655 1968/2013/1655
f 1970/2017/1656 1951/2016/1656 1948/1990/1656 1946/1988/1656
f 1970/2017/1657 1946/1988/1657 1945/1987/1657 1971/2018/1657
f 1972/2019/1658 1973/2020/1658 1974/2021/1658 1975/2022/1658
f 1972/2019/1659 1975/2022/1659 1969/2014/1659 1968/2013/1659
f 1972/2019/1660 1971/2018/1660 1976/2023/1660 1973/2020/1660
f 1976/2023/1661 1977/2024/1661 1978/2025/1661 1973/2020/1661
f 1976/2023/1662 1971/2018/1662 1945/1987/1662 1944/1986/1662
f 1976/2023/1663 1944/1986/1663 1979/2026/1663 1977/2024/1663
f 1979/2026/1664 1980/2027/1664 1981/2028/1664 1977/2024/1664
f 1979/2026/1665 1944/1986/1665 1942/1984/1665 1941/1983/1665
f 1979/2026/1666 1941/1983/1666 1982/2029/1666 1980/2027/1666
f 1982/2029/1667 1983/2030/1667 1984/2031/1667 1980/2027/1667
f 1982/2029/1668 1941/1983/1668 1939/1981/1668 1938/1980/1668
f 1982/2029/1669 1938/1980/1669 1985/2032/1669 1983/2030/1669
f 1985/2032/1670 1986/2033/1670 1987/2034/1670 1983/2030/1670
f 1985/2032/1671 1938/1980/1671 1936/1978/1671 1935/1977/1671
f 1985/2032/1672 1935/1977/1672 1988/2035/1672 1986/2033/1672
f 1988/2035/1673 1989/2036/1673 1990/2037/1673 1986/2033/1673
f 1988/2035/1674 1935/1977/1674 1933/1975/1674 1932/1974/1674
f 1988/2035/1675 1932/1974/1675 1991/2038/1675 1989/2036/1675
f 1991/2038/1676 1992/2039/1676 1993/2040/1676 1989/2036/1676
f 1991/2038/1677 1932/1974/1677 1930/1972/1677 1929/1971/1677
f 1991/2038/1678 1929/1971/1678 1994/2041/1678 1992/2039/1678
f 1994/2041/1679 1995/2042/1679 1996/2043/1679 1992/2039/1679
f 1994/2041/1680 1929/1971/1680 1927/1969/1680 1926/1968/1680
f 1994/2041/1681 1926/1968/1681 1997/2044/1681 1995/2042/1681
f 1997/2044/1682 1998/2045/1682 1999/2046/1682 1995/2042/1682
f 1997/2044/1683 1926/1968/1683 1924/1966/1683 1923/1965/1683
f 1997/2044/1684 1923/1965/1684 2000/2047/1684 1998/2045/1684
f 2000/2047/1685 2001/2048/1685 2002/2049/1685 1998/2045/1685
f 2000/2047/1686 1923/1965/1686 1921/1963/1686 1920/1962/1686
f 2000/2047/1687 1920/1962/1687 2003/2050/1687 2001/2048/1687
f 2003/2050/1688 1906/1948/1688 2004/2051/1688 2001/2048/1688
f 2003/2050/1689 1920/1962/1689 1918/1960/1689 1909/1951/1689
f 2003/2050/1690 1909/1951/1690 1907/1949/1690 1906/1948/1690
f 2004/2051/1691 1903/1945/1691 2005/2052/1691 2006/2053/1691
f 2004/2051/1692 2006/2053/1692 2002/2049/1692 2001/2048/1692
f 2004/2051/1693 1906/1948/1693 1904/1946/1693 1903/1945/1693
f 2006/2053/1694 2005/2052/1694 2007/2054/1694 2008/2055/1694
f 2006/2053/1695 2008/2055/1695 2009/2056/1695 2002/2049/1695
f 2009/2056/1696 2008/2055/1696 2010/2057/1696 2011/2058/1696
f 2009/2056/1697 2011/2058/1697 2012/2059/1697 1999/2046/1697
f 2009/2056/1698 1999/2046/1698 1998/2045/1698 2002/2049/1698
f 2012/2059/1699 2011/2058/1699 2013/2060/1699 2014/2061/1699
f 2012/2059/1700 2014/2061/1700 2015/2062/1700 1996/2043/1700
f 2012/2059/1701 1996/2043/1701 1995/2042/1701 1999/2046/1701
f 2015/2062/1702 2014/2061/1702 2016/2063/1702 2017/2064/1702
f 2015/2062/1703 2017/2064/1703 2018/2065/1703 1993/2040/1703
f 2015/2062/1704 1993/2040/1704 1992/2039/1704 1996/2043/1704
f 2018/2065/1705 2017/2064/1705 2019/2066/1705 2020/2067/1705
f 2018/2065/1706 2020/2067/1706 2021/2068/1706 1990/2037/1706
f 2018/2065/1707 1990/2037/1707 1989/2036/1707 1993/2040/1707
f 2021/2068/1708 2020/2067/1708 2022/2069/1708 2023/2070/1708
f 2021/2068/1709 2023/2070/1709 2024/2071/1709 1987/2034/1709
f 2021/2068/1710 1987/2034/1710 1986/2033/1710 1990/2037/1710
f 2024/2071/1711 2023/2070/1711 2025/2072/1711 2026/2073/1711
f 2024/2071/1712 2026/2073/1712 2027/2074/1712 1984/2031/1712
f 2024/2071/1713 1984/2031/1713 1983/2030/1713 1987/2034/1713
f 2027/2074/1714 2026/2073/1714 2028/2075/1714 2029/2076/1714
f 2027/2074/1715 2029/2076/1715 2030/2077/1715 1981/2028/1715
f 2027/2074/1716 1981/2028/1716 1980/2027/1716 1984/2031/1716
f 2030/2077/1717 2029/2076/1717 2031/2078/1717 2032/2079/1717
f 2030/2077/1718 2032/2079/1718 2033/2080/1718 1978/2025/1718
f 2030/2077/1719 1978/2025/1719 1977/2024/1719 1981/2028/1719
f 2033/2080/1720 2032/2079/1720 2034/2081/1720 2035/2082/1720
f 2033/2080/1721 2035/2082/1721 2036/2083/1721 1974/2021/1721
f 2033/2080/1722 1974/2021/1722 1973/2020/1722 1978/2025/1722
f 2036/2083/1723 2035/2082/1723 2037/2084/1723 2038/2085/1723
f 2036/2083/1724 2038/2085/1724 2039/2086/1724 2040/2087/1724
f 2036/2083/1725 2040/2087/1725 1975/2022/1725 1974/2021/1725
f 2040/2087/1726 2039/2086/1726 2041/2088/1726 2042/2089/1726
f 2040/2087/1727 2042/2089/1727 1969/2014/1727 1975/2022/1727
f 2042/2089/1728 2041/2088/1728 2043/2090/1728 1966/2091/1728
f 2042/2089/1729 1966/2091/1729 1965/2015/1729 1969/2014/1729
f 2043/2090/1730 2041/2088/1730 2044/2092/1730 2045/2093/1730
f 2043/2094/1731 2045/2095/1731 2046/2096/1731 1962/2006/1731
f 2043/2094/1732 1962/2006/1732 1961/2005/1732 1966/2010/1732
f 2046/2096/1733 2047/2097/1733 2048/2098/1733 2049/2099/1733
f 2046/2096/1734 2049/2099/1734 1963/2007/1734 1962/2006/1734
f 2046/2096/1735 2045/2095/1735 2050/2100/1735 2047/2097/1735
f 2050/2100/1736 2051/2101/1736 2052/2102/1736 2047/2097/1736
f 2050/2103/1737 2045/2093/1737 2044/2092/1737 2053/2104/1737
f 2050/2103/1738 2053/2104/1738 2054/2105/1738 2051/2106/1738
f 2054/2105/1739 2055/2107/1739 2056/2108/1739 2051/2106/1739
f 2054/2105/1740 2053/2104/1740 2057/2109/1740 2058/2110/1740
f 2054/2105/1741 2058/2110/1741 2059/2111/1741 2055/2107/1741
f 2059/2111/1742 2060/2112/1742 2061/2113/1742 2055/2107/1742
f 2059/2111/1743 2058/2110/1743 2062/2114/1743 2063/2115/1743
f 2059/2111/1744 2063/2115/1744 2064/2116/1744 2060/2112/1744
f 2064/2116/1745 2065/2117/1745 2066/2118/1745 2060/2112/1745
f 2064/2116/1746 2063/2115/1746 2067/2119/1746 2068/2120/1746
f 2064/2116/1747 2068/2120/1747 2069/2121/1747 2065/2117/1747
f 2069/2121/1748 2070/2122/1748 2071/2123/1748 2065/2117/1748
f 2069/2121/1749 2068/2120/1749 2072/2124/1749 2073/2125/1749
f 2069/2121/1750 2073/2125/1750 2074/2126/1750 2070/2122/1750
f 2074/2126/1751 2075/2127/1751 2076/2128/1751 2070/2122/1751
f 2074/2126/1752 2073/2125/1752 2077/2129/1752 2078/2130/1752
f 2074/2126/1753 2078/2130/1753 2079/2131/1753 2075/2127/1753
f 2079/2131/1754 2080/2132/1754 2081/2133/1754 2075/2127/1754
f 2079/2131/1755 2078/2130/1755 2082/2134/1755 2083/2135/1755
f 2079/2131/1756 2083/2135/1756 2084/2136/1756 2080/2132/1756
f 2084/2136/1757 2085/2137/1757 2086/2138/1757 2080/2132/1757
f 2084/2136/1758 2083/2135/1758 2087/2139/1758 2088/2140/1758
f 2084/2136/1759 2088/2140/1759 2089/2141/1759 2085/2137/1759
f 2089/2141/1760 2090/2142/1760 2091/2143/1760 2085/2137/1760
f 2089/2141/1761 2088/2140/1761 2092/2144/1761 2093/2145/1761
f 2089/2141/1762 2093/2145/1762 2094/2146/1762 2090/2142/1762
f 2094/2146/1763 2095/2147/1763 2096/2148/1763 2090/2142/1763
f 2094/2146/1764 2093/2145/1764 2097/2149/1764 2098/2150/1764
f 2094/2146/1765 2098/2150/1765 2099/2151/1765 2095/2147/1765
f 2099/2151/1766 2100/2152/1766 2101/2153/1766 2095/2147/1766
f 2099/2151/1767 2098/2150/1767 2102/2154/1767 2103/2155/1767
f 2099/2151/1768 2103/2155/1768 2104/2156/1768 2100/2152/1768
f 2104/2156/1769 184/149/1769 2105/2157/1769 2100/2152/1769
f 2104/2156/1770 2103/2155/1770 2106/2158/1770 2107/2159/1770
f 2104/2156/1771 2107/2159/1771 185/150/1771 184/149/1771
f 2107/2159/1772 2106/2158/1772 2108/2160/1772 2109/2161/1772
f 2107/2159/1773 2109/2161/1773 186/151/1773 185/150/1773
f 2109/2161/1774 2108/2160/1774 2110/2162/1774 2111/2163/1774
f 2109/2161/1775 2111/2163/1775 2112/2164/1775 186/151/1775
f 2112/2164/1776 1867/1909/1776 187/152/1776 186/151/1776
f 2112/2164/1777 2111/2163/1777 1872/1914/1777 1870/1912/1777
f 2112/2164/1778 1870/1912/1778 1868/1910/1778 1867/1909/1778
f 2111/2163/1779 2110/2162/1779 1874/1916/1779 1872/1914/1779
f 2110/2162/1780 2108/2160/1780 2113/2165/1780 2114/2166/1780
f 2110/2162/1781 2114/2166/1781 2115/2167/1781 1874/1916/1781
f 2115/2167/1782 2114/2166/1782 2116/2168/1782 2117/2169/1782
f 2115/2167/1783 2117/2169/1783 2118/2170/1783 1877/1919/1783
f 2115/2167/1784 1877/1919/1784 1875/1917/1784 1874/1916/1784
f 2118/2170/1785 2117/2169/1785 2119/2171/1785 2120/2172/1785
f 2118/2170/1786 2120/2172/1786 2121/2173/1786 1880/1922/1786
f 2118/2170/1787 1880/1922/1787 1878/1920/1787 1877/1919/1787
f 2121/2173/1788 2120/2172/1788 2122/2174/1788 2123/2175/1788
f 2121/2173/1789 2123/2175/1789 2124/2176/1789 1883/1925/1789
f 2121/2173/1790 1883/1925/1790 1881/1923/1790 1880/1922/1790
f 2124/2176/1791 2123/2175/1791 2125/2177/1791 2126/2178/1791
f 2124/2176/1792 2126/2178/1792 2127/2179/1792 1886/1928/1792
f 2124/2176/1793 1886/1928/1793 1884/1926/1793 1883/1925/1793
f 2127/2179/1794 2126/2178/1794 2128/2180/1794 2129/2181/1794
f 2127/2179/1795 2129/2181/1795 2130/2182/1795 2131/2183/1795
f 2127/2179/1796 2131/2183/1796 1887/1929/1796 1886/1928/1796
f 2131/2183/1797 2130/2182/1797 2132/2184/1797 2133/2185/1797
f 2131/2183/1798 2133/2185/1798 1888/1930/1798 1887/1929/1798
f 2133/2185/1799 2132/2184/1799 2134/2186/1799 1894/1936/1799
f 2133/2185/1800 1894/1936/1800 1890/1932/1800 1888/1930/1800
f 2134/2186/1801 2132/2184/1801 2135/2187/1801 2136/2188/1801
f 2134/2186/1802 2136/2188/1802 1899/1941/1802 1897/1939/1802
f 2134/2186/1803 1897/1939/1803 1895/1937/1803 1894/1936/1803
f 2136/2188/1804 2135/2187/1804 2137/2189/1804 2138/2190/1804
f 2136/2188/1805 2138/2190/1805 1901/1943/1805 1899/1941/1805
f 2138/2190/1806 2137/2189/1806 2007/2054/1806 2005/2052/1806
f 2138/2190/1807 2005/2052/1807 1903/1945/1807 1901/1943/1807
f 2137/2189/1808 2135/2187/1808 2139/2191/1808 2140/2192/1808
f 2137/2189/1809 2140/2192/1809 2141/2193/1809 2007/2054/1809
f 2141/2193/1810 2140/2192/1810 2142/2194/1810 2143/2195/1810
f 2141/2193/1811 2143/2195/1811 2144/2196/1811 2010/2057/1811
f 2141/2193/1812 2010/2057/1812 2008/2055/1812 2007/2054/1812
f 2144/2196/1813 2143/2195/1813 2145/2197/1813 2146/2198/1813
f 2144/2196/1814 2146/2198/1814 2147/2199/1814 2013/2060/1814
f 2144/2196/1815 2013/2060/1815 2011/2058/1815 2010/2057/1815
f 2147/2199/1816 2146/2198/1816 2148/2200/1816 2149/2201/1816
f 2147/2199/1817 2149/2201/1817 2150/2202/1817 2016/2063/1817
f 2147/2199/1818 2016/2063/1818 2014/2061/1818 2013/2060/1818
f 2150/2202/1819 2149/2201/1819 2151/2203/1819 2152/2204/1819
f 2150/2202/1820 2152/2204/1820 2153/2205/1820 2019/2066/1820
f 2150/2202/1821 2019/2066/1821 2017/2064/1821 2016/2063/1821
f 2153/2205/1822 2152/2204/1822 2154/2206/1822 2155/2207/1822
f 2153/2205/1823 2155/2207/1823 2156/2208/1823 2022/2069/1823
f 2153/2205/1824 2022/2069/1824 2020/2067/1824 2019/2066/1824
f 2156/2208/1825 2155/2207/1825 2157/2209/1825 2158/2210/1825
f 2156/2208/1826 2158/2210/1826 2159/2211/1826 2025/2072/1826
f 2156/2208/1827 2025/2072/1827 2023/2070/1827 2022/2069/1827
f 2159/2211/1828 2158/2210/1828 2160/2212/1828 2161/2213/1828
f 2159/2211/1829 2161/2213/1829 2162/2214/1829 2028/2075/1829
f 2159/2211/1830 2028/2075/1830 2026/2073/1830 2025/2072/1830
f 2162/2214/1831 2161/2213/1831 2163/2215/1831 2164/2216/1831
f 2162/2214/1832 2164/2216/1832 2165/2217/1832 2031/2078/1832
f 2162/2214/1833 2031/2078/1833 2029/2076/1833 2028/2075/1833
f 2165/2217/1834 2164/2216/1834 2166/2218/1834 2167/2219/1834
f 2165/2217/1835 2167/2219/1835 2168/2220/1835 2034/2081/1835
f 2165/2217/1836 2034/2081/1836 2032/2079/1836 2031/2078/1836
f 2168/2220/1837 2169/2221/1837 2170/2222/1837 2037/2084/1837
f 2168/2220/1838 2037/2084/1838 2035/2082/1838 2034/2081/1838
f 2168/2220/1839 2167/2219/1839 2171/2223/1839 2169/2221/1839
f 2171/2223/1840 2172/2224/1840 2173/2225/1840 2169/2221/1840
f 2171/2223/1841 2167/2219/1841 2166/2218/1841 2174/2226/1841
f 2171/2223/1842 2174/2226/1842 2175/2227/1842 2172/2224/1842
f 2175/2227/1843 2176/2228/1843 2177/2229/1843 2172/2224/1843
f 2175/2227/1844 2174/2226/1844 2178/2230/1844 2179/2231/1844
f 2175/2227/1845 2179/2231/1845 2180/2232/1845 2176/2228/1845
f 2180/2232/1846 2181/2233/1846 2182/2234/1846 2176/2228/1846
f 2180/2232/1847 2179/2231/1847 2183/2235/1847 2184/2236/1847
f 2180/2232/1848 2184/2236/1848 2185/2237/1848 2181/2233/1848
f 2185/2237/1849 2186/2238/1849 2187/2239/1849 2181/2233/1849
f 2185/2237/1850 2184/2236/1850 2188/2240/1850 2189/2241/1850
f 2185/2237/1851 2189/2241/1851 2190/2242/1851 2186/2238/1851
f 2190/2242/1852 2191/2243/1852 2192/2244/1852 2186/2238/1852
f 2190/2242/1853 2189/2241/1853 2193/2245/1853 2194/2246/1853
f 2190/2242/1854 2194/2246/1854 2195/2247/1854 2191/2243/1854
f 2195/2247/1855 2196/2248/1855 2197/2249/1855 2191/2243/1855
f 2195/2247/1856 2194/2246/1856 2198/2250/1856 2199/2251/1856
f 2195/2247/1857 2199/2251/1857 2200/2252/1857 2196/2248/1857
f 2200/2252/1858 2201/2253/1858 2202/2254/1858 2196/2248/1858
f 2200/2252/1859 2199/2251/1859 2203/2255/1859 2204/2256/1859
f 2200/2252/1860 2204/2256/1860 2205/2257/1860 2201/2253/1860
f 2205/2257/1861 2206/2258/1861 2207/2259/1861 2201/2253/1861
f 2205/2257/1862 2204/2256/1862 2208/2260/1862 2209/2261/1862
f 2205/2257/1863 2209/2261/1863 2210/2262/1863 2206/2258/1863
f 2210/2262/1864 2116/2168/1864 2211/2263/1864 2206/2258/1864
f 2210/2262/1865 2209/2261/1865 2212/2264/1865 2119/2171/1865
f 2210/2262/1866 2119/2171/1866 2117/2169/1866 2116/2168/1866
f 2212/2264/1867 2209/2261/1867 2208/2260/1867 2213/2265/1867
f 2212/2264/1868 2213/2265/1868 2214/2266/1868 2122/2174/1868
f 2212/2264/1869 2122/2174/1869 2120/2172/1869 2119/2171/1869
f 2214/2266/1870 2213/2265/1870 2215/2267/1870 2216/2268/1870
f 2214/2266/1871 2216/2268/1871 2217/2269/1871 2125/2177/1871
f 2214/2266/1872 2125/2177/1872 2123/2175/1872 2122/2174/1872
f 2217/2269/1873 2216/2268/1873 2218/2270/1873 2219/2271/1873
f 2217/2269/1874 2219/2271/1874 2220/2272/1874 2128/2180/1874
f 2217/2269/1875 2128/2180/1875 2126/2178/1875 2125/2177/1875
f 2220/2272/1876 2219/2271/1876 2221/2273/1876 2222/2274/1876
f 2220/2272/1877 2222/2274/1877 2142/2194/1877 2223/2275/1877
f 2220/2272/1878 2223/2275/1878 2129/2181/1878 2128/2180/1878
f 2223/2275/1879 2142/2194/1879 2140/2192/1879 2139/2191/1879
f 2223/2275/1880 2139/2191/1880 2130/2182/1880 2129/2181/1880
f 2222/2274/1881 2221/2273/1881 2224/2276/1881 2145/2197/1881
f 2222/2274/1882 2145/2197/1882 2143/2195/1882 2142/2194/1882
f 2224/2276/1883 2221/2273/1883 2225/2277/1883 2226/2278/1883
f 2224/2276/1884 2226/2278/1884 2227/2279/1884 2148/2200/1884
f 2224/2276/1885 2148/2200/1885 2146/2198/1885 2145/2197/1885
f 2227/2279/1886 2226/2278/1886 2228/2280/1886 2229/2281/1886
f 2227/2279/1887 2229/2281/1887 2230/2282/1887 2151/2203/1887
f 2227/2279/1888 2151/2203/1888 2149/2201/1888 2148/2200/1888
f 2230/2282/1889 2229/2281/1889 2231/2283/1889 2232/2284/1889
f 2230/2282/1890 2232/2284/1890 2233/2285/1890 2154/2206/1890
f 2230/2282/1891 2154/2206/1891 2152/2204/1891 2151/2203/1891
f 2233/2285/1892 2232/2284/1892 2234/2286/1892 2235/2287/1892
f 2233/2285/1893 2235/2287/1893 2236/2288/1893 2157/2209/1893
f 2233/2285/1894 2157/2209/1894 2155/2207/1894 2154/2206/1894
f 2236/2288/1895 2235/2287/1895 66/12/1895 70/16/1895
f 2236/2288/1896 70/16/1896 2237/2289/1896 2160/2212/1896
f 2236/2288/1897 2160/2212/1897 2158/2210/1897 2157/2209/1897
f 2237/2289/1898 70/16/1898 69/15/1898 2238/2290/1898
f 2237/2289/1899 2238/2290/1899 2239/2291/1899 2163/2215/1899
f 2237/2289/1900 2163/2215/1900 2161/2213/1900 2160/2212/1900
f 2239/2291/1901 2178/2230/1901 2174/2226/1901 2166/2218/1901
f 2239/2291/1902 2166/2218/1902 2164/2216/1902 2163/2215/1902
f 2239/2291/1903 2238/2290/1903 2240/2292/1903 2178/2230/1903
f 2240/2292/1904 2183/2235/1904 2179/2231/1904 2178/2230/1904
f 2240/2292/1905 2238/2290/1905 69/15/1905 71/17/1905
f 2240/2292/1906 71/17/1906 2241/2293/1906 2183/2235/1906
f 2241/2293/1907 2188/2240/1907 2184/2236/1907 2183/2235/1907
f 2241/2293/1908 71/17/1908 68/14/1908 2242/2294/1908
f 2241/2293/1909 2242/2294/1909 2243/2295/1909 2188/2240/1909
f 2243/2295/1910 2193/2245/1910 2189/2241/1910 2188/2240/1910
f 2243/2295/1911 2242/2294/1911 2244/2296/1911 2245/2297/1911
f 2243/2295/1912 2245/2297/1912 2246/2298/1912 2193/2245/1912
f 2246/2298/1913 2198/2250/1913 2194/2246/1913 2193/2245/1913
f 2246/2298/1914 2245/2297/1914 2247/2299/1914 2248/2300/1914
f 2246/2298/1915 2248/2300/1915 2249/2301/1915 2198/2250/1915
f 2249/2301/1916 2203/2255/1916 2199/2251/1916 2198/2250/1916
f 2249/2301/1917 2248/2300/1917 2250/2302/1917 2251/2303/1917
f 2249/2301/1918 2251/2303/1918 2252/2304/1918 2203/2255/1918
f 2252/2304/1919 2208/2260/1919 2204/2256/1919 2203/2255/1919
f 2252/2304/1920 2251/2303/1920 2253/2305/1920 2215/2267/1920
f 2252/2304/1921 2215/2267/1921 2213/2265/1921 2208/2260/1921
f 2253/2305/1922 2251/2303/1922 2250/2302/1922 2254/2306/1922
f 2253/2305/1923 2254/2306/1923 2225/2277/1923 2218/2270/1923
f 2253/2305/1924 2218/2270/1924 2216/2268/1924 2215/2267/1924
f 2254/2306/1925 2250/2302/1925 2255/2307/1925 2228/2280/1925
f 2254/2306/1926 2228/2280/1926 2226/2278/1926 2225/2277/1926
f 2255/2307/1927 2250/2302/1927 2248/2300/1927 2247/2299/1927
f 2255/2307/1928 2247/2299/1928 2256/2308/1928 2231/2283/1928
f 2255/2307/1929 2231/2283/1929 2229/2281/1929 2228/2280/1929
f 2256/2308/1930 2247/2299/1930 2245/2297/1930 2244/2296/1930
f 2256/2308/1931 2244/2296/1931 67/13/1931 2234/2286/1931
f 2256/2308/1932 2234/2286/1932 2232/2284/1932 2231/2283/1932
f 2244/2296/1933 2242/2294/1933 68/14/1933 67/13/1933
f 2235/2287/1934 2234/2286/1934 67/13/1934 66/12/1934
f 2225/2277/1935 2221/2273/1935 2219/2271/1935 2218/2270/1935
f 2211/2263/1936 2113/2165/1936 2257/2309/1936 2258/2310/1936
f 2211/2263/1937 2258/2310/1937 2207/2259/1937 2206/2258/1937
f 2211/2263/1938 2116/2168/1938 2114/2166/1938 2113/2165/1938
f 2258/2310/1939 2257/2309/1939 2102/2154/1939 2259/2311/1939
f 2258/2310/1940 2259/2311/1940 2260/2312/1940 2207/2259/1940
f 2260/2312/1941 2259/2311/1941 2097/2149/1941 2261/2313/1941
f 2260/2312/1942 2261/2313/1942 2262/2314/1942 2202/2254/1942
f 2260/2312/1943 2202/2254/1943 2201/2253/1943 2207/2259/1943
f 2262/2314/1944 2261/2313/1944 2092/2144/1944 2263/2315/1944
f 2262/2314/1945 2263/2315/1945 2264/2316/1945 2197/2249/1945
f 2262/2314/1946 2197/2249/1946 2196/2248/1946 2202/2254/1946
f 2264/2316/1947 2263/2315/1947 2087/2139/1947 2265/2317/1947
f 2264/2316/1948 2265/2317/1948 2266/2318/1948 2192/2244/1948
f 2264/2316/1949 2192/2244/1949 2191/2243/1949 2197/2249/1949
f 2266/2318/1950 2265/2317/1950 2082/2134/1950 2267/2319/1950
f 2266/2318/1951 2267/2319/1951 2268/2320/1951 2187/2239/1951
f 2266/2318/1952 2187/2239/1952 2186/2238/1952 2192/2244/1952
f 2268/2320/1953 2267/2319/1953 2077/2129/1953 2269/2321/1953
f 2268/2320/1954 2269/2321/1954 2270/2322/1954 2182/2234/1954
f 2268/2320/1955 2182/2234/1955 2181/2233/1955 2187/2239/1955
f 2270/2322/1956 2269/2321/1956 2072/2124/1956 2271/2323/1956
f 2270/2322/1957 2271/2323/1957 2272/2324/1957 2177/2229/1957
f 2270/2322/1958 2177/2229/1958 2176/2228/1958 2182/2234/1958
f 2272/2324/1959 2271/2323/1959 2067/2119/1959 2273/2325/1959
f 2272/2324/1960 2273/2325/1960 2274/2326/1960 2173/2225/1960
f 2272/2324/1961 2173/2225/1961 2172/2224/1961 2177/2229/1961
f 2274/2326/1962 2273/2325/1962 2062/2114/1962 2275/2327/1962
f 2274/2326/1963 2275/2327/1963 2276/2328/1963 2170/2222/1963
f 2274/2326/1964 2170/2222/1964 2169/2221/1964 2173/2225/1964
f 2276/2328/1965 2275/2327/1965 2057/2109/1965 2277/2329/1965
f 2276/2328/1966 2277/2329/1966 2039/2086/1966 2038/2085/1966
f 2276/2328/1967 2038/2085/1967 2037/2084/1967 2170/2222/1967
f 2277/2329/1968 2057/2109/1968 2053/2104/1968 2044/2092/1968
f 2277/2329/1969 2044/2092/1969 2041/2088/1969 2039/2086/1969
f 2275/2327/1970 2062/2114/1970 2058/2110/1970 2057/2109/1970
f 2273/2325/1971 2067/2119/1971 2063/2115/1971 2062/2114/1971
f 2271/2323/1972 2072/2124/1972 2068/2120/1972 2067/2119/1972
f 2269/2321/1973 2077/2129/1973 2073/2125/1973 2072/2124/1973
f 2267/2319/1974 2082/2134/1974 2078/2130/1974 2077/2129/1974
f 2265/2317/1975 2087/2139/1975 2083/2135/1975 2082/2134/1975
f 2263/2315/1976 2092/2144/1976 2088/2140/1976 2087/2139/1976
f 2261/2313/1977 2097/2149/1977 2093/2145/1977 2092/2144/1977
f 2259/2311/1978 2102/2154/1978 2098/2150/1978 2097/2149/1978
f 2257/2309/1979 2106/2158/1979 2103/2155/1979 2102/2154/1979
f 2257/2309/1980 2113/2165/1980 2108/2160/1980 2106/2158/1980
f 2139/2191/1981 2135/2187/1981 2132/2184/1981 2130/2182/1981
f 2105/2157/1982 2278/2330/1982 1857/1899/1982 2279/2331/1982
f 2105/2157/1983 2279/2331/1983 2101/2153/1983 2100/2152/1983
f 2105/2157/1984 184/149/1984 183/148/1984 2278/2330/1984
f 2279/2331/1985 1857/1899/1985 1853/1895/1985 1852/1894/1985
f 2279/2331/1986 1852/1894/1986 2280/2332/1986 2101/2153/1986
f 2280/2332/1987 1852/1894/1987 1848/1890/1987 1847/1889/1987
f 2280/2332/1988 1847/1889/1988 2281/2333/1988 2096/2148/1988
f 2280/2332/1989 2096/2148/1989 2095/2147/1989 2101/2153/1989
f 2281/2333/1990 1847/1889/1990 1843/1885/1990 1842/1884/1990
f 2281/2333/1991 1842/1884/1991 2282/2334/1991 2091/2143/1991
f 2281/2333/1992 2091/2143/1992 2090/2142/1992 2096/2148/1992
f 2282/2334/1993 1842/1884/1993 1838/1880/1993 1837/1879/1993
f 2282/2334/1994 1837/1879/1994 2283/2335/1994 2086/2138/1994
f 2282/2334/1995 2086/2138/1995 2085/2137/1995 2091/2143/1995
f 2283/2335/1996 1837/1879/1996 1833/1875/1996 1832/1874/1996
f 2283/2335/1997 1832/1874/1997 2284/2336/1997 2081/2133/1997
f 2283/2335/1998 2081/2133/1998 2080/2132/1998 2086/2138/1998
f 2284/2336/1999 1832/1874/1999 1828/1870/1999 1827/1869/1999
f 2284/2336/2000 1827/1869/2000 2285/2337/2000 2076/2128/2000
f 2284/2336/2001 2076/2128/2001 2075/2127/2001 2081/2133/2001
f 2285/2337/2002 1827/1869/2002 1823/1865/2002 1822/1864/2002
f 2285/2337/2003 1822/1864/2003 2286/2338/2003 2071/2123/2003
f 2285/2337/2004 2071/2123/2004 2070/2122/2004 2076/2128/2004
f 2286/2338/2005 1822/1864/2005 1818/1859/2005 1817/1858/2005
f 2286/2338/2006 1817/1858/2006 2287/2339/2006 2066/2118/2006
f 2286/2338/2007 2066/2118/2007 2065/2117/2007 2071/2123/2007
f 2287/2339/2008 1817/1858/2008 1813/1857/2008 1812/2340/2008
f 2287/2339/2009 1812/2340/2009 2288/2341/2009 2061/2113/2009
f 2287/2339/2010 2061/2113/2010 2060/2112/2010 2066/2118/2010
f 2288/2342/2011 1812/1851/2011 1808/1847/2011 1807/1846/2011
f 2288/2342/2012 1807/1846/2012 2289/2343/2012 2056/2344/2012
f 2288/2341/2013 2056/2108/2013 2055/2107/2013 2061/2113/2013
f 2289/2343/2014 1807/1846/2014 1803/1842/2014 1802/1841/2014
f 2289/2343/2015 1802/1841/2015 2290/2345/2015 2052/2102/2015
f 2289/2343/2016 2052/2102/2016 2051/2101/2016 2056/2344/2016
f 2290/2345/2017 1802/1841/2017 1798/1837/2017 1797/1836/2017
f 2290/2345/2018 1797/1836/2018 2291/2346/2018 2048/2098/2018
f 2290/2345/2019 2048/2098/2019 2047/2097/2019 2052/2102/2019
f 2291/2346/2020 1797/1836/2020 1793/1832/2020 1792/1831/2020
f 2291/2346/2021 1792/1831/2021 72/19/2021 79/26/2021
f 2291/2346/2022 79/26/2022 2049/2099/2022 2048/2098/2022
f 2278/2330/2023 1862/1904/2023 1858/1900/2023 1857/1899/2023
f 2278/2330/2024 183/148/2024 188/153/2024 1862/1904/2024
f 2049/2099/2025 79/26/2025 78/25/2025 1963/2007/2025
f 1918/1960/2026 1912/1954/2026 1910/1952/2026 1909/1951/2026
f 1867/1909/2027 1865/1907/2027 188/153/2027 187/152/2027
f 1865/1907/2028 1863/1905/2028 1862/1904/2028 188/153/2028
f 1861/1903/2029 1550/1581/2029 1548/1579/2029 2292/2347/2029
f 1861/1903/2030 2292/2347/2030 1856/1898/2030 1855/1897/2030
f 1861/1903/2031 1860/1902/2031 1552/1583/2031 1550/1581/2031
f 2292/2347/2032 1548/1579/2032 1546/1577/2032 2293/2348/2032
f 2292/2347/2033 2293/2348/2033 2294/2349/2033 1856/1898/2033
f 2294/2349/2034 2293/2348/2034 2295/2350/2034 2296/2351/2034
f 2294/2349/2035 2296/2351/2035 2297/2352/2035 1851/1893/2035
f 2294/2349/2036 1851/1893/2036 1850/1892/2036 1856/1898/2036
f 2297/2352/2037 2296/2351/2037 2298/2353/2037 2299/2354/2037
f 2297/2352/2038 2299/2354/2038 2300/2355/2038 1846/1888/2038
f 2297/2352/2039 1846/1888/2039 1845/1887/2039 1851/1893/2039
f 2300/2355/2040 2299/2354/2040 2301/2356/2040 2302/2357/2040
f 2300/2355/2041 2302/2357/2041 2303/2358/2041 1841/1883/2041
f 2300/2355/2042 1841/1883/2042 1840/1882/2042 1846/1888/2042
f 2303/2358/2043 2302/2357/2043 2304/2359/2043 2305/2360/2043
f 2303/2358/2044 2305/2360/2044 2306/2361/2044 1836/1878/2044
f 2303/2358/2045 1836/1878/2045 1835/1877/2045 1841/1883/2045
f 2306/2361/2046 2305/2360/2046 2307/2362/2046 2308/2363/2046
f 2306/2361/2047 2308/2363/2047 2309/2364/2047 1831/1873/2047
f 2306/2361/2048 1831/1873/2048 1830/1872/2048 1836/1878/2048
f 2309/2364/2049 2308/2363/2049 2310/2365/2049 2311/2366/2049
f 2309/2364/2050 2311/2366/2050 2312/2367/2050 1826/1868/2050
f 2309/2364/2051 1826/1868/2051 1825/1867/2051 1831/1873/2051
f 2312/2368/2052 2311/2369/2052 2313/2370/2052 2314/2371/2052
f 2312/2368/2053 2314/2371/2053 2315/2372/2053 1821/2373/2053
f 2312/2367/2054 1821/1863/2054 1820/1862/2054 1826/1868/2054
f 2315/2372/2055 2314/2371/2055 2316/2374/2055 2317/2375/2055
f 2315/2372/2056 2317/2375/2056 2318/2376/2056 1816/1855/2056
f 2315/2372/2057 1816/1855/2057 1815/1854/2057 1821/2373/2057
f 2318/2376/2058 2317/2375/2058 2319/2377/2058 2320/2378/2058
f 2318/2376/2059 2320/2378/2059 2321/2379/2059 1811/1850/2059
f 2318/2376/2060 1811/1850/2060 1810/1849/2060 1816/1855/2060
f 2321/2379/2061 2320/2378/2061 2322/2380/2061 2323/2381/2061
f 2321/2379/2062 2323/2381/2062 2324/2382/2062 1806/1845/2062
f 2321/2379/2063 1806/1845/2063 1805/1844/2063 1811/1850/2063
f 2324/2382/2064 2323/2381/2064 2325/2383/2064 2326/2384/2064
f 2324/2382/2065 2326/2384/2065 2327/2385/2065 1801/1840/2065
f 2324/2382/2066 1801/1840/2066 1800/1839/2066 1806/1845/2066
f 2327/2385/2067 2326/2384/2067 2328/2386/2067 2329/2387/2067
f 2327/2385/2068 2329/2387/2068 2330/2388/2068 1796/1835/2068
f 2327/2385/2069 1796/1835/2069 1795/1834/2069 1801/1840/2069
f 2330/2388/2070 2329/2387/2070 2331/2389/2070 224/193/2070
f 2330/2388/2071 224/193/2071 221/190/2071 1791/1830/2071
f 2330/2388/2072 1791/1830/2072 1790/1829/2072 1796/1835/2072
f 2331/2389/2073 2332/2390/2073 2333/2391/2073 2334/2392/2073
f 2331/2389/2074 2334/2392/2074 222/191/2074 224/193/2074
f 2331/2389/2075 2329/2387/2075 2328/2386/2075 2332/2390/2075
f 2334/2392/2076 2333/2391/2076 2335/2393/2076 2336/2394/2076
f 2334/2392/2077 2336/2394/2077 223/192/2077 222/191/2077
f 2336/2394/2078 2335/2393/2078 2337/2395/2078 217/184/2078
f 2336/2394/2079 217/184/2079 216/186/2079 223/192/2079
f 2337/2395/2080 2338/2396/2080 2339/2397/2080 2340/2398/2080
f 2337/2395/2081 2340/2398/2081 218/185/2081 217/184/2081
f 2337/2395/2082 2335/2393/2082 2341/2399/2082 2338/2396/2082
f 2341/2399/2083 2342/2400/2083 2343/2401/2083 2338/2396/2083
f 2341/2399/2084 2335/2393/2084 2333/2391/2084 2344/2402/2084
f 2341/2399/2085 2344/2402/2085 2345/2403/2085 2342/2400/2085
f 2345/2403/2086 2346/2404/2086 2347/2405/2086 2342/2400/2086
f 2345/2403/2087 2344/2402/2087 2348/2406/2087 2349/2407/2087
f 2345/2403/2088 2349/2407/2088 2350/2408/2088 2346/2404/2088
f 2350/2408/2089 2351/2409/2089 2352/2410/2089 2346/2404/2089
f 2350/2408/2090 2349/2407/2090 2353/2411/2090 2354/2412/2090
f 2350/2408/2091 2354/2412/2091 2355/2413/2091 2351/2409/2091
f 2355/2413/2092 2356/2414/2092 2357/2415/2092 2351/2409/2092
f 2355/2413/2093 2354/2412/2093 2358/2416/2093 2359/2417/2093
f 2355/2413/2094 2359/2417/2094 2360/2418/2094 2356/2414/2094
f 2360/2418/2095 2361/2419/2095 2362/2420/2095 2356/2414/2095
f 2360/2418/2096 2359/2417/2096 2363/2421/2096 2364/2422/2096
f 2360/2418/2097 2364/2422/2097 2365/2423/2097 2361/2419/2097
f 2365/2423/2098 2366/2424/2098 2367/2425/2098 2361/2419/2098
f 2365/2423/2099 2364/2422/2099 2368/2426/2099 2369/2427/2099
f 2365/2423/2100 2369/2427/2100 2370/2428/2100 2366/2424/2100
f 2370/2428/2101 2371/2429/2101 2372/2430/2101 2366/2424/2101
f 2370/2428/2102 2369/2427/2102 2373/2431/2102 2374/2432/2102
f 2370/2428/2103 2374/2432/2103 2375/2433/2103 2371/2429/2103
f 2375/2433/2104 2376/2434/2104 2377/2435/2104 2371/2429/2104
f 2375/2433/2105 2374/2432/2105 2378/2436/2105 2379/2437/2105
f 2375/2433/2106 2379/2437/2106 2380/2438/2106 2376/2434/2106
f 2380/2438/2107 2381/2439/2107 2382/2440/2107 2376/2434/2107
f 2380/2438/2108 2379/2437/2108 2383/2441/2108 2384/2442/2108
f 2380/2438/2109 2384/2442/2109 2385/2443/2109 2381/2439/2109
f 2385/2443/2110 2386/2444/2110 2387/2445/2110 2381/2439/2110
f 2385/2446/2111 2384/2447/2111 2388/2448/2111 2389/2449/2111
f 2385/2446/2112 2389/2449/2112 2390/2450/2112 2386/2451/2112
f 2390/2450/2113 2391/2452/2113 2392/2453/2113 2386/2451/2113
f 2390/2450/2114 2389/2449/2114 2393/2454/2114 2394/2455/2114
f 2390/2450/2115 2394/2455/2115 2395/2456/2115 2391/2452/2115
f 2395/2456/2116 1539/1570/2116 2396/2457/2116 2391/2452/2116
f 2395/2456/2117 2394/2455/2117 2397/2458/2117 1542/1573/2117
f 2395/2456/2118 1542/1573/2118 1540/1571/2118 1539/1570/2118
f 2397/2458/2119 2394/2455/2119 2393/2454/2119 2398/2459/2119
f 2397/2458/2120 2398/2459/2120 2298/2353/2120 2399/2460/2120
f 2397/2458/2121 2399/2460/2121 1543/1574/2121 1542/1573/2121
f 2399/2460/2122 2298/2353/2122 2296/2351/2122 2295/2350/2122
f 2399/2460/2123 2295/2350/2123 1544/1575/2123 1543/1574/2123
f 2398/2459/2124 2393/2454/2124 2400/2461/2124 2301/2356/2124
f 2398/2459/2125 2301/2356/2125 2299/2354/2125 2298/2353/2125
f 2400/2461/2126 2393/2454/2126 2389/2449/2126 2388/2448/2126
f 2400/2461/2127 2388/2448/2127 2401/2462/2127 2304/2359/2127
f 2400/2461/2128 2304/2359/2128 2302/2357/2128 2301/2356/2128
f 2401/2462/2129 2388/2448/2129 2384/2447/2129 2383/2463/2129
f 2401/2462/2130 2383/2463/2130 2402/2464/2130 2307/2362/2130
f 2401/2462/2131 2307/2362/2131 2305/2360/2131 2304/2359/2131
f 2402/2465/2132 2383/2441/2132 2379/2437/2132 2378/2436/2132
f 2402/2465/2133 2378/2436/2133 2403/2466/2133 2310/2467/2133
f 2402/2464/2134 2310/2365/2134 2308/2363/2134 2307/2362/2134
f 2403/2466/2135 2378/2436/2135 2374/2432/2135 2373/2431/2135
f 2403/2466/2136 2373/2431/2136 2404/2468/2136 2313/2370/2136
f 2403/2466/2137 2313/2370/2137 2311/2369/2137 2310/2467/2137
f 2404/2468/2138 2373/2431/2138 2369/2427/2138 2368/2426/2138
f 2404/2468/2139 2368/2426/2139 2405/2469/2139 2316/2374/2139
f 2404/2468/2140 2316/2374/2140 2314/2371/2140 2313/2370/2140
f 2405/2469/2141 2368/2426/2141 2364/2422/2141 2363/2421/2141
f 2405/2469/2142 2363/2421/2142 2406/2470/2142 2319/2377/2142
f 2405/2469/2143 2319/2377/2143 2317/2375/2143 2316/2374/2143
f 2406/2470/2144 2363/2421/2144 2359/2417/2144 2358/2416/2144
f 2406/2470/2145 2358/2416/2145 2407/2471/2145 2322/2380/2145
f 2406/2470/2146 2322/2380/2146 2320/2378/2146 2319/2377/2146
f 2407/2471/2147 2358/2416/2147 2354/2412/2147 2353/2411/2147
f 2407/2471/2148 2353/2411/2148 2408/2472/2148 2325/2383/2148
f 2407/2471/2149 2325/2383/2149 2323/2381/2149 2322/2380/2149
f 2408/2472/2150 2353/2411/2150 2349/2407/2150 2348/2406/2150
f 2408/2472/2151 2348/2406/2151 2332/2390/2151 2328/2386/2151
f 2408/2472/2152 2328/2386/2152 2326/2384/2152 2325/2383/2152
f 2396/2457/2153 1531/1561/2153 1527/1560/2153 1526/2473/2153
f 2396/2457/2154 1526/2473/2154 2392/2453/2154 2391/2452/2154
f 2396/2457/2155 1539/1570/2155 1537/1568/2155 1531/1561/2155
f 2392/2474/2156 1526/1554/2156 1522/1550/2156 1521/1549/2156
f 2392/2474/2157 1521/1549/2157 2387/2445/2157 2386/2444/2157
f 2387/2445/2158 1521/1549/2158 1517/1545/2158 1516/1544/2158
f 2387/2445/2159 1516/1544/2159 2382/2440/2159 2381/2439/2159
f 2382/2440/2160 1516/1544/2160 1512/1540/2160 1511/1539/2160
f 2382/2440/2161 1511/1539/2161 2377/2435/2161 2376/2434/2161
f 2377/2435/2162 1511/1539/2162 1507/1535/2162 1506/1534/2162
f 2377/2435/2163 1506/1534/2163 2372/2430/2163 2371/2429/2163
f 2372/2430/2164 1506/1534/2164 1502/1530/2164 1501/1529/2164
f 2372/2430/2165 1501/1529/2165 2367/2425/2165 2366/2424/2165
f 2367/2425/2166 1501/1529/2166 1497/1525/2166 1496/1524/2166
f 2367/2425/2167 1496/1524/2167 2362/2420/2167 2361/2419/2167
f 2362/2420/2168 1496/1524/2168 1492/1520/2168 1491/1519/2168
f 2362/2420/2169 1491/1519/2169 2357/2415/2169 2356/2414/2169
f 2357/2415/2170 1491/1519/2170 1487/1515/2170 1486/1514/2170
f 2357/2415/2171 1486/1514/2171 2352/2410/2171 2351/2409/2171
f 2352/2410/2172 1486/1514/2172 1482/1510/2172 1481/1509/2172
f 2352/2410/2173 1481/1509/2173 2347/2405/2173 2346/2404/2173
f 2348/2406/2174 2344/2402/2174 2333/2391/2174 2332/2390/2174
f 2347/2405/2175 1481/1509/2175 1477/1505/2175 1476/1504/2175
f 2347/2405/2176 1476/1504/2176 2343/2401/2176 2342/2400/2176
f 2343/2401/2177 1476/1504/2177 1472/1500/2177 1471/1499/2177
f 2343/2401/2178 1471/1499/2178 2339/2397/2178 2338/2396/2178
f 2340/2398/2179 2339/2397/2179 1466/1494/2179 2409/2475/2179
f 2340/2398/2180 2409/2475/2180 2410/2476/2180 218/185/2180
f 2410/2476/2181 2409/2475/2181 1462/1490/2181 2411/2477/2181
f 2410/2476/2182 2411/2477/2182 2412/2478/2182 2413/2479/2182
f 2410/2476/2183 2413/2479/2183 213/181/2183 218/185/2183
f 2413/2479/2184 2412/2478/2184 2414/2480/2184 230/200/2184
f 2413/2479/2185 230/200/2185 214/182/2185 213/181/2185
f 2414/2480/2186 2412/2478/2186 1451/1479/2186 1449/1477/2186
f 2414/2480/2187 1449/1477/2187 1447/1475/2187 1446/1474/2187
f 2414/2480/2188 1446/1474/2188 225/195/2188 230/200/2188
f 2412/2478/2189 2411/2477/2189 1453/1481/2189 1451/1479/2189
f 2411/2477/2190 1462/1490/2190 1460/1488/2190 1453/1481/2190
f 2409/2475/2191 1466/1494/2191 1463/1491/2191 1462/1490/2191
f 2339/2397/2192 1471/1499/2192 1467/1495/2192 1466/1494/2192
f 2295/2350/2193 2293/2348/2193 1546/1577/2193 1544/1575/2193
f 1792/1831/2194 1788/1827/2194 73/20/2194 72/19/2194
f 1791/1830/2195 221/190/2195 220/189/2195 1787/1826/2195
f 1785/1824/2196 1784/1823/2196 216/186/2196 215/183/2196
f 1785/1824/2197 215/183/2197 232/202/2197 1779/1818/2197
f 1784/1823/2198 219/188/2198 223/192/2198 216/186/2198
f 1784/1823/2199 1783/1822/2199 220/189/2199 219/188/2199
f 1779/1818/2200 232/202/2200 231/201/2200 1776/1815/2200
f 1774/1813/2201 1772/1811/2201 236/207/2201 235/206/2201
f 1770/1809/2202 1769/1808/2202 233/204/2202 236/207/2202
f 1769/1808/2203 76/23/2203 75/22/2203 233/204/2203
f 1769/1808/2204 1767/1806/2204 1766/1805/2204 76/23/2204
f 1610/1641/2205 1608/1639/2205 1607/1638/2205 119/72/2205
f 1535/2481/2206 2415/2482/2206 2416/2483/2206 2417/2484/2206
f 1535/2481/2207 2417/2484/2207 1530/1558/2207 1529/1557/2207
f 1535/1566/2208 1534/1565/2208 2418/2485/2208 2415/2486/2208
f 2418/2485/2209 989/2487/2209 2419/2488/2209 2415/2486/2209
f 2418/2485/2210 1534/1565/2210 994/1011/2210 992/1009/2210
f 2418/2485/2211 992/1009/2211 990/1007/2211 989/2487/2211
f 2419/2489/2212 989/1005/2212 987/1002/2212 986/1001/2212
f 2419/2489/2213 986/1001/2213 2420/2490/2213 2421/2491/2213
f 2419/2489/2214 2421/2491/2214 2416/2483/2214 2415/2482/2214
f 2421/2491/2215 2420/2490/2215 2422/2492/2215 2423/2493/2215
f 2421/2491/2216 2423/2493/2216 2424/2494/2216 2416/2483/2216
f 2424/2494/2217 2423/2493/2217 2425/2495/2217 2426/2496/2217
f 2424/2494/2218 2426/2496/2218 2427/2497/2218 2428/2498/2218
f 2424/2494/2219 2428/2498/2219 2417/2484/2219 2416/2483/2219
f 2428/2498/2220 2427/2497/2220 2429/2499/2220 2430/2500/2220
f 2428/2498/2221 2430/2500/2221 1530/1558/2221 2417/2484/2221
f 2430/2500/2222 2429/2499/2222 2431/2501/2222 1525/1553/2222
f 2430/2500/2223 1525/1553/2223 1524/1552/2223 1530/1558/2223
f 2431/2501/2224 2429/2499/2224 2432/2502/2224 2433/2503/2224
f 2431/2501/2225 2433/2503/2225 2434/2504/2225 1520/1548/2225
f 2431/2501/2226 1520/1548/2226 1519/1547/2226 1525/1553/2226
f 2434/2504/2227 2433/2503/2227 2435/2505/2227 2436/2506/2227
f 2434/2504/2228 2436/2506/2228 2437/2507/2228 1515/1543/2228
f 2434/2504/2229 1515/1543/2229 1514/1542/2229 1520/1548/2229
f 2437/2507/2230 2436/2506/2230 2438/2508/2230 2439/2509/2230
f 2437/2507/2231 2439/2509/2231 2440/2510/2231 1510/1538/2231
f 2437/2507/2232 1510/1538/2232 1509/1537/2232 1515/1543/2232
f 2440/2510/2233 2439/2509/2233 2441/2511/2233 2442/2512/2233
f 2440/2510/2234 2442/2512/2234 2443/2513/2234 1505/1533/2234
f 2440/2510/2235 1505/1533/2235 1504/1532/2235 1510/1538/2235
f 2443/2513/2236 2442/2512/2236 2444/2514/2236 2445/2515/2236
f 2443/2513/2237 2445/2515/2237 2446/2516/2237 1500/1528/2237
f 2443/2513/2238 1500/1528/2238 1499/1527/2238 1505/1533/2238
f 2446/2516/2239 2445/2515/2239 2447/2517/2239 2448/2518/2239
f 2446/2516/2240 2448/2518/2240 2449/2519/2240 1495/1523/2240
f 2446/2516/2241 1495/1523/2241 1494/1522/2241 1500/1528/2241
f 2449/2519/2242 2448/2518/2242 2450/2520/2242 2451/2521/2242
f 2449/2519/2243 2451/2521/2243 2452/2522/2243 1490/1518/2243
f 2449/2519/2244 1490/1518/2244 1489/1517/2244 1495/1523/2244
f 2452/2522/2245 2451/2521/2245 2453/2523/2245 2454/2524/2245
f 2452/2522/2246 2454/2524/2246 2455/2525/2246 1485/1513/2246
f 2452/2522/2247 1485/1513/2247 1484/1512/2247 1490/1518/2247
f 2455/2525/2248 2454/2524/2248 2456/2526/2248 2457/2527/2248
f 2455/2525/2249 2457/2527/2249 2458/2528/2249 1480/1508/2249
f 2455/2525/2250 1480/1508/2250 1479/1507/2250 1485/1513/2250
f 2458/2528/2251 2457/2527/2251 2459/2529/2251 2460/2530/2251
f 2458/2528/2252 2460/2530/2252 2461/2531/2252 1475/1503/2252
f 2458/2528/2253 1475/1503/2253 1474/1502/2253 1480/1508/2253
f 2461/2531/2254 2460/2530/2254 2462/2532/2254 2463/2533/2254
f 2461/2531/2255 2463/2533/2255 2464/2534/2255 1470/1498/2255
f 2461/2531/2256 1470/1498/2256 1469/1497/2256 1475/1503/2256
f 2464/2534/2257 2463/2533/2257 2465/2535/2257 2466/2536/2257
f 2464/2534/2258 2466/2536/2258 4/32/2258 89/37/2258
f 2464/2534/2259 89/37/2259 1465/1493/2259 1470/1498/2259
f 2466/2536/2260 2465/2535/2260 2467/2537/2260 2468/2538/2260
f 2466/2536/2261 2468/2538/2261 90/38/2261 4/32/2261
f 2468/2538/2262 2467/2537/2262 306/288/2262 2469/2539/2262
f 2468/2538/2263 2469/2539/2263 2470/2540/2263 90/38/2263
f 2470/2540/2264 2469/2539/2264 311/294/2264 310/293/2264
f 2470/2540/2265 310/293/2265 1243/1264/2265 2471/2541/2265
f 2470/2540/2266 2471/2541/2266 91/39/2266 90/38/2266
f 2471/2541/2267 1243/1264/2267 1242/1263/2267 1248/1269/2267
f 2471/2541/2268 1248/1269/2268 1256/1277/2268 91/39/2268
f 2469/2539/2269 306/288/2269 305/287/2269 311/294/2269
f 2467/2537/2270 2472/2542/2270 38/281/2270 306/288/2270
f 2467/2537/2271 2465/2535/2271 2473/2543/2271 2472/2542/2271
f 2473/2543/2272 2474/2544/2272 2475/2545/2272 2472/2542/2272
f 2473/2543/2273 2465/2535/2273 2463/2533/2273 2462/2532/2273
f 2473/2543/2274 2462/2532/2274 2476/2546/2274 2474/2544/2274
f 2476/2546/2275 2477/2547/2275 2478/2548/2275 2474/2544/2275
f 2476/2546/2276 2462/2532/2276 2460/2530/2276 2459/2529/2276
f 2476/2546/2277 2459/2529/2277 2479/2549/2277 2477/2547/2277
f 2479/2549/2278 2480/2550/2278 2481/2551/2278 2477/2547/2278
f 2479/2549/2279 2459/2529/2279 2457/2527/2279 2456/2526/2279
f 2479/2549/2280 2456/2526/2280 2482/2552/2280 2480/2550/2280
f 2482/2552/2281 2483/2553/2281 2484/2554/2281 2480/2550/2281
f 2482/2552/2282 2456/2526/2282 2454/2524/2282 2453/2523/2282
f 2482/2552/2283 2453/2523/2283 2485/2555/2283 2483/2553/2283
f 2485/2555/2284 2486/2556/2284 2487/2557/2284 2483/2553/2284
f 2485/2555/2285 2453/2523/2285 2451/2521/2285 2450/2520/2285
f 2485/2555/2286 2450/2520/2286 2488/2558/2286 2486/2556/2286
f 2488/2558/2287 2489/2559/2287 2490/2560/2287 2486/2556/2287
f 2488/2558/2288 2450/2520/2288 2448/2518/2288 2447/2517/2288
f 2488/2558/2289 2447/2517/2289 2491/2561/2289 2489/2559/2289
f 2491/2561/2290 2492/2562/2290 2493/2563/2290 2489/2559/2290
f 2491/2561/2291 2447/2517/2291 2445/2515/2291 2444/2514/2291
f 2491/2561/2292 2444/2514/2292 2494/2564/2292 2492/2562/2292
f 2494/2564/2293 2495/2565/2293 2496/2566/2293 2492/2562/2293
f 2494/2564/2294 2444/2514/2294 2442/2512/2294 2441/2511/2294
f 2494/2564/2295 2441/2511/2295 2497/2567/2295 2495/2565/2295
f 2497/2567/2296 2498/2568/2296 2499/2569/2296 2495/2565/2296
f 2497/2567/2297 2441/2511/2297 2439/2509/2297 2438/2508/2297
f 2497/2567/2298 2438/2508/2298 2500/2570/2298 2498/2568/2298
f 2500/2570/2299 2501/2571/2299 2502/2572/2299 2498/2568/2299
f 2500/2570/2300 2438/2508/2300 2436/2506/2300 2435/2505/2300
f 2500/2570/2301 2435/2505/2301 2503/2573/2301 2501/2571/2301
f 2503/2573/2302 2504/2574/2302 2505/2575/2302 2501/2571/2302
f 2503/2573/2303 2435/2505/2303 2433/2503/2303 2432/2502/2303
f 2503/2573/2304 2432/2502/2304 2506/2576/2304 2504/2574/2304
f 2506/2576/2305 289/269/2305 288/268/2305 2504/2574/2305
f 2506/2576/2306 2432/2502/2306 2429/2499/2306 2427/2497/2306
f 2506/2576/2307 2427/2497/2307 2426/2496/2307 289/269/2307
f 2505/2575/2308 293/273/2308 2507/2577/2308 2508/2578/2308
f 2505/2575/2309 2508/2578/2309 2502/2572/2309 2501/2571/2309
f 2505/2575/2310 2504/2574/2310 288/268/2310 293/273/2310
f 2508/2578/2311 2507/2577/2311 2509/2579/2311 2510/2580/2311
f 2508/2578/2312 2510/2580/2312 2511/2581/2312 2502/2572/2312
f 2511/2581/2313 2510/2580/2313 2512/2582/2313 2513/2583/2313
f 2511/2581/2314 2513/2583/2314 2514/2584/2314 2499/2569/2314
f 2511/2581/2315 2499/2569/2315 2498/2568/2315 2502/2572/2315
f 2514/2584/2316 2513/2583/2316 2515/2585/2316 2516/2586/2316
f 2514/2584/2317 2516/2586/2317 2517/2587/2317 2496/2566/2317
f 2514/2584/2318 2496/2566/2318 2495/2565/2318 2499/2569/2318
f 2517/2587/2319 2516/2586/2319 2518/2588/2319 2519/2589/2319
f 2517/2587/2320 2519/2589/2320 2520/2590/2320 2493/2563/2320
f 2517/2587/2321 2493/2563/2321 2492/2562/2321 2496/2566/2321
f 2520/2590/2322 2519/2589/2322 2521/2591/2322 2522/2592/2322
f 2520/2590/2323 2522/2592/2323 2523/2593/2323 2490/2560/2323
f 2520/2590/2324 2490/2560/2324 2489/2559/2324 2493/2563/2324
f 2523/2593/2325 2522/2592/2325 2524/2594/2325 2525/2595/2325
f 2523/2593/2326 2525/2595/2326 2526/2596/2326 2487/2557/2326
f 2523/2593/2327 2487/2557/2327 2486/2556/2327 2490/2560/2327
f 2526/2596/2328 2525/2595/2328 2527/2597/2328 2528/2598/2328
f 2526/2596/2329 2528/2598/2329 2529/2599/2329 2484/2554/2329
f 2526/2596/2330 2484/2554/2330 2483/2553/2330 2487/2557/2330
f 2529/2599/2331 2528/2598/2331 2530/2600/2331 2531/2601/2331
f 2529/2599/2332 2531/2601/2332 2532/2602/2332 2481/2551/2332
f 2529/2599/2333 2481/2551/2333 2480/2550/2333 2484/2554/2333
f 2532/2602/2334 2531/2601/2334 2533/2603/2334 2534/2604/2334
f 2532/2602/2335 2534/2604/2335 2535/2605/2335 2478/2548/2335
f 2532/2602/2336 2478/2548/2336 2477/2547/2336 2481/2551/2336
f 2535/2605/2337 2534/2604/2337 2536/2606/2337 2537/2607/2337
f 2535/2605/2338 2537/2607/2338 300/282/2338 2475/2545/2338
f 2535/2605/2339 2475/2545/2339 2474/2544/2339 2478/2548/2339
f 2537/2607/2340 2536/2606/2340 2538/2608/2340 2539/2609/2340
f 2537/2607/2341 2539/2609/2341 301/283/2341 300/282/2341
f 2539/2609/2342 2538/2608/2342 2540/2610/2342 2541/2611/2342
f 2539/2609/2343 2541/2611/2343 2542/2612/2343 301/283/2343
f 2542/2612/2344 2541/2611/2344 2543/2613/2344 2544/2614/2344
f 2542/2612/2345 2544/2614/2345 2545/2615/2345 2546/2616/2345
f 2542/2612/2346 2546/2616/2346 302/284/2346 301/283/2346
f 2546/2616/2347 2545/2615/2347 2547/2617/2347 2548/2618/2347
f 2546/2616/2348 2548/2618/2348 303/285/2348 302/284/2348
f 2548/2618/2349 2547/2617/2349 2549/2619/2349 2550/2620/2349
f 2548/2618/2350 2550/2620/2350 2551/2621/2350 303/285/2350
f 2551/2621/2351 2552/2622/2351 2553/2623/2351 2554/2624/2351
f 2551/2621/2352 2554/2624/2352 304/286/2352 303/285/2352
f 2551/2621/2353 2550/2620/2353 2555/2625/2353 2552/2622/2353
f 2555/2625/2354 2556/2626/2354 2557/2627/2354 2552/2622/2354
f 2555/2625/2355 2550/2620/2355 2549/2619/2355 2558/2628/2355
f 2555/2625/2356 2558/2628/2356 2559/2629/2356 2556/2626/2356
f 2559/2629/2357 2560/2630/2357 2561/2631/2357 2556/2626/2357
f 2559/2629/2358 2558/2628/2358 2562/2632/2358 2563/2633/2358
f 2559/2629/2359 2563/2633/2359 2564/2634/2359 2560/2630/2359
f 2564/2634/2360 2565/2635/2360 2566/2636/2360 2560/2630/2360
f 2564/2634/2361 2563/2633/2361 2567/2637/2361 2568/2638/2361
f 2564/2634/2362 2568/2638/2362 2569/2639/2362 2565/2635/2362
f 2569/2639/2363 2570/2640/2363 2571/2641/2363 2565/2635/2363
f 2569/2639/2364 2568/2638/2364 2572/2642/2364 2573/2643/2364
f 2569/2639/2365 2573/2643/2365 2574/2644/2365 2570/2640/2365
f 2574/2644/2366 2575/2645/2366 2576/2646/2366 2570/2640/2366
f 2574/2644/2367 2573/2643/2367 2577/2647/2367 2578/2648/2367
f 2574/2644/2368 2578/2648/2368 2579/2649/2368 2575/2645/2368
f 2579/2649/2369 2580/2650/2369 2581/2651/2369 2575/2645/2369
f 2579/2649/2370 2578/2648/2370 2582/2652/2370 2583/2653/2370
f 2579/2649/2371 2583/2653/2371 2584/2654/2371 2580/2650/2371
f 2584/2654/2372 915/929/2372 2585/2655/2372 2580/2650/2372
f 2584/2654/2373 2583/2653/2373 2586/2656/2373 2587/2657/2373
f 2584/2654/2374 2587/2657/2374 916/930/2374 915/929/2374
f 2587/2657/2375 2586/2656/2375 2588/2658/2375 2589/2659/2375
f 2587/2657/2376 2589/2659/2376 917/931/2376 916/930/2376
f 2589/2659/2377 2588/2658/2377 2590/2660/2377 2591/2661/2377
f 2589/2659/2378 2591/2661/2378 919/933/2378 917/931/2378
f 2591/2661/2379 2590/2660/2379 2592/2662/2379 2593/2663/2379
f 2591/2661/2380 2593/2663/2380 921/935/2380 919/933/2380
f 2593/2663/2381 2592/2662/2381 2594/2664/2381 2595/2665/2381
f 2593/2663/2382 2595/2665/2382 923/937/2382 921/935/2382
f 2595/2665/2383 2594/2664/2383 404/402/2383 403/401/2383
f 2595/2665/2384 403/401/2384 925/939/2384 923/937/2384
f 2594/2664/2385 2592/2662/2385 2596/2666/2385 2597/2667/2385
f 2594/2664/2386 2597/2667/2386 405/403/2386 404/402/2386
f 2597/2667/2387 2596/2666/2387 2598/2668/2387 2599/2669/2387
f 2597/2667/2388 2599/2669/2388 2600/2670/2388 405/403/2388
f 2600/2670/2389 2599/2669/2389 2601/2671/2389 2602/2672/2389
f 2600/2670/2390 2602/2672/2390 2603/2673/2390 2604/2674/2390
f 2600/2670/2391 2604/2674/2391 399/397/2391 405/403/2391
f 2604/2674/2392 2603/2673/2392 128/84/2392 127/83/2392
f 2604/2674/2393 127/83/2393 400/398/2393 399/397/2393
f 2603/2673/2394 2602/2672/2394 2605/2675/2394 2606/2676/2394
f 2603/2673/2395 2606/2676/2395 332/317/2395 128/84/2395
f 2606/2676/2396 2605/2675/2396 2607/2677/2396 139/97/2396
f 2606/2676/2397 139/97/2397 138/96/2397 332/317/2397
f 2607/2677/2398 2605/2675/2398 2608/2678/2398 2609/2679/2398
f 2607/2677/2399 2609/2679/2399 2610/2680/2399 2611/2681/2399
f 2607/2677/2400 2611/2681/2400 135/93/2400 139/97/2400
f 2611/2681/2401 2610/2680/2401 2612/2682/2401 2613/2683/2401
f 2611/2681/2402 2613/2683/2402 136/94/2402 135/93/2402
f 2613/2683/2403 2612/2682/2403 2614/2684/2403 2615/2685/2403
f 2613/2683/2404 2615/2685/2404 2616/2686/2404 136/94/2404
f 2616/2686/2405 2617/2687/2405 137/95/2405 136/94/2405
f 2616/2686/2406 2615/2685/2406 2618/2688/2406 2619/2689/2406
f 2616/2686/2407 2619/2689/2407 2620/2690/2407 2617/2687/2407
f 2620/2690/2408 2621/2691/2408 2622/2692/2408 2617/2687/2408
f 2620/2690/2409 2619/2689/2409 2623/2693/2409 2624/2694/2409
f 2620/2690/2410 2624/2694/2410 2625/2695/2410 2621/2691/2410
f 2625/2695/2411 2626/2696/2411 2627/2697/2411 2621/2691/2411
f 2625/2695/2412 2624/2694/2412 2628/2698/2412 2629/2699/2412
f 2625/2695/2413 2629/2699/2413 2630/2700/2413 2626/2696/2413
f 2630/2700/2414 2631/2701/2414 2632/2702/2414 2626/2696/2414
f 2630/2700/2415 2629/2699/2415 2633/2703/2415 2634/2704/2415
f 2630/2700/2416 2634/2704/2416 2635/2705/2416 2631/2701/2416
f 2635/2705/2417 2636/2706/2417 2637/2707/2417 2631/2701/2417
f 2635/2705/2418 2634/2704/2418 2638/2708/2418 2639/2709/2418
f 2635/2705/2419 2639/2709/2419 2640/2710/2419 2636/2706/2419
f 2640/2710/2420 2641/2711/2420 2642/2712/2420 2636/2706/2420
f 2640/2710/2421 2639/2709/2421 2643/2713/2421 2644/2714/2421
f 2640/2710/2422 2644/2714/2422 2645/2715/2422 2641/2711/2422
f 2645/2715/2423 2646/2716/2423 2647/2717/2423 2641/2711/2423
f 2645/2715/2424 2644/2714/2424 2648/2718/2424 2649/2719/2424
f 2645/2715/2425 2649/2719/2425 2650/2720/2425 2646/2716/2425
f 2650/2720/2426 2651/2721/2426 2652/2722/2426 2646/2716/2426
f 2650/2720/2427 2649/2719/2427 2653/2723/2427 2654/2724/2427
f 2650/2720/2428 2654/2724/2428 2655/2725/2428 2651/2721/2428
f 2655/2725/2429 2656/2726/2429 2657/2727/2429 2651/2721/2429
f 2655/2725/2430 2654/2724/2430 2658/2728/2430 2659/2729/2430
f 2655/2725/2431 2659/2729/2431 970/984/2431 2656/2726/2431
f 2659/2729/2432 2658/2728/2432 2660/2730/2432 973/987/2432
f 2659/2729/2433 973/987/2433 971/985/2433 970/984/2433
f 2660/2730/2434 2658/2728/2434 2661/2731/2434 2662/2732/2434
f 2660/2730/2435 2662/2732/2435 2663/2733/2435 2664/2734/2435
f 2660/2730/2436 2664/2734/2436 974/988/2436 973/987/2436
f 2664/2734/2437 2663/2733/2437 279/257/2437 34/251/2437
f 2664/2734/2438 34/251/2438 276/254/2438 974/988/2438
f 2663/2733/2439 2662/2732/2439 2665/2735/2439 2666/2736/2439
f 2663/2733/2440 2666/2736/2440 2667/2737/2440 279/257/2440
f 2667/2737/2441 2666/2736/2441 2668/2738/2441 2512/2582/2441
f 2667/2737/2442 2512/2582/2442 2510/2580/2442 2509/2579/2442
f 2667/2737/2443 2509/2579/2443 280/258/2443 279/257/2443
f 2668/2738/2444 2666/2736/2444 2665/2735/2444 2669/2739/2444
f 2668/2738/2445 2669/2739/2445 2670/2740/2445 2515/2585/2445
f 2668/2738/2446 2515/2585/2446 2513/2583/2446 2512/2582/2446
f 2670/2740/2447 2669/2739/2447 2671/2741/2447 2672/2742/2447
f 2670/2740/2448 2672/2742/2448 2673/2743/2448 2518/2588/2448
f 2670/2740/2449 2518/2588/2449 2516/2586/2449 2515/2585/2449
f 2673/2743/2450 2672/2742/2450 2674/2744/2450 2675/2745/2450
f 2673/2743/2451 2675/2745/2451 2676/2746/2451 2521/2591/2451
f 2673/2743/2452 2521/2591/2452 2519/2589/2452 2518/2588/2452
f 2676/2746/2453 2675/2745/2453 2677/2747/2453 2678/2748/2453
f 2676/2746/2454 2678/2748/2454 2679/2749/2454 2524/2594/2454
f 2676/2746/2455 2524/2594/2455 2522/2592/2455 2521/2591/2455
f 2679/2749/2456 2678/2748/2456 2680/2750/2456 2681/2751/2456
f 2679/2749/2457 2681/2751/2457 2682/2752/2457 2527/2597/2457
f 2679/2749/2458 2527/2597/2458 2525/2595/2458 2524/2594/2458
f 2682/2752/2459 2681/2751/2459 2683/2753/2459 2684/2754/2459
f 2682/2752/2460 2684/2754/2460 2685/2755/2460 2530/2600/2460
f 2682/2752/2461 2530/2600/2461 2528/2598/2461 2527/2597/2461
f 2685/2755/2462 2684/2754/2462 2686/2756/2462 2687/2757/2462
f 2685/2755/2463 2687/2757/2463 2688/2758/2463 2533/2603/2463
f 2685/2755/2464 2533/2603/2464 2531/2601/2464 2530/2600/2464
f 2688/2758/2465 2687/2757/2465 2689/2759/2465 2690/2760/2465
f 2688/2758/2466 2690/2760/2466 2538/2608/2466 2536/2606/2466
f 2688/2758/2467 2536/2606/2467 2534/2604/2467 2533/2603/2467
f 2690/2760/2468 2689/2759/2468 2691/2761/2468 2692/2762/2468
f 2690/2760/2469 2692/2762/2469 2540/2610/2469 2538/2608/2469
f 2692/2762/2470 2691/2761/2470 2693/2763/2470 2694/2764/2470
f 2692/2762/2471 2694/2764/2471 2695/2765/2471 2540/2610/2471
f 2695/2765/2472 2694/2764/2472 2696/2766/2472 2697/2767/2472
f 2695/2765/2473 2697/2767/2473 2698/2768/2473 2543/2613/2473
f 2695/2765/2474 2543/2613/2474 2541/2611/2474 2540/2610/2474
f 2698/2768/2475 2697/2767/2475 2699/2769/2475 2700/2770/2475
f 2698/2768/2476 2700/2770/2476 2701/2771/2476 2702/2772/2476
f 2698/2768/2477 2702/2772/2477 2544/2614/2477 2543/2613/2477
f 2702/2772/2478 2701/2771/2478 2703/2773/2478 2704/2774/2478
f 2702/2772/2479 2704/2774/2479 2545/2615/2479 2544/2614/2479
f 2704/2774/2480 2703/2773/2480 371/362/2480 2705/2775/2480
f 2704/2774/2481 2705/2775/2481 2547/2617/2481 2545/2615/2481
f 2705/2775/2482 371/362/2482 370/361/2482 2706/2776/2482
f 2705/2775/2483 2706/2776/2483 2549/2619/2483 2547/2617/2483
f 2706/2776/2484 2562/2632/2484 2558/2628/2484 2549/2619/2484
f 2706/2776/2485 370/361/2485 374/365/2485 2562/2632/2485
f 2703/2773/2486 2701/2771/2486 2707/2777/2486 2708/2778/2486
f 2703/2773/2487 2708/2778/2487 372/363/2487 371/362/2487
f 2708/2778/2488 2707/2777/2488 2709/2779/2488 2710/2780/2488
f 2708/2778/2489 2710/2780/2489 375/366/2489 372/363/2489
f 2710/2780/2490 2711/2781/2490 2712/2782/2490 375/366/2490
f 2710/2780/2491 2709/2779/2491 2713/2783/2491 2711/2781/2491
f 2713/2783/2492 2714/2784/2492 2715/2785/2492 2711/2781/2492
f 2713/2783/2493 2709/2779/2493 2716/2786/2493 2717/2787/2493
f 2713/2783/2494 2717/2787/2494 2718/2788/2494 2714/2784/2494
f 2718/2788/2495 2719/2789/2495 2720/2790/2495 2714/2784/2495
f 2718/2788/2496 2717/2787/2496 2721/2791/2496 2722/2792/2496
f 2718/2788/2497 2722/2792/2497 2723/2793/2497 2719/2789/2497
f 2723/2793/2498 2724/2794/2498 2725/2795/2498 2719/2789/2498
f 2723/2793/2499 2722/2792/2499 2726/2796/2499 2598/2668/2499
f 2723/2793/2500 2598/2668/2500 2596/2666/2500 2724/2794/2500
f 2726/2796/2501 2722/2792/2501 2721/2791/2501 2727/2797/2501
f 2726/2796/2502 2727/2797/2502 2608/2678/2502 2601/2671/2502
f 2726/2796/2503 2601/2671/2503 2599/2669/2503 2598/2668/2503
f 2727/2797/2504 2721/2791/2504 2728/2798/2504 2729/2799/2504
f 2727/2797/2505 2729/2799/2505 2609/2679/2505 2608/2678/2505
f 2729/2799/2506 2728/2798/2506 2730/2800/2506 2731/2801/2506
f 2729/2799/2507 2731/2801/2507 2610/2680/2507 2609/2679/2507
f 2731/2801/2508 2730/2800/2508 2699/2769/2508 2732/2802/2508
f 2731/2801/2509 2732/2802/2509 2612/2682/2509 2610/2680/2509
f 2732/2802/2510 2699/2769/2510 2697/2767/2510 2696/2766/2510
f 2732/2802/2511 2696/2766/2511 2614/2684/2511 2612/2682/2511
f 2730/2800/2512 2728/2798/2512 2716/2786/2512 2733/2803/2512
f 2730/2800/2513 2733/2803/2513 2700/2770/2513 2699/2769/2513
f 2733/2803/2514 2716/2786/2514 2709/2779/2514 2707/2777/2514
f 2733/2803/2515 2707/2777/2515 2701/2771/2515 2700/2770/2515
f 2728/2798/2516 2721/2791/2516 2717/2787/2516 2716/2786/2516
f 2725/2795/2517 2588/2658/2517 2586/2656/2517 2734/2804/2517
f 2725/2795/2518 2734/2804/2518 2720/2790/2518 2719/2789/2518
f 2725/2795/2519 2724/2794/2519 2590/2660/2519 2588/2658/2519
f 2734/2804/2520 2586/2656/2520 2583/2653/2520 2582/2652/2520
f 2734/2804/2521 2582/2652/2521 2735/2805/2521 2720/2790/2521
f 2735/2805/2522 2582/2652/2522 2578/2648/2522 2577/2647/2522
f 2735/2805/2523 2577/2647/2523 2736/2806/2523 2715/2785/2523
f 2735/2805/2524 2715/2785/2524 2714/2784/2524 2720/2790/2524
f 2736/2806/2525 2577/2647/2525 2573/2643/2525 2572/2642/2525
f 2736/2806/2526 2572/2642/2526 2737/2807/2526 2712/2782/2526
f 2736/2806/2527 2712/2782/2527 2711/2781/2527 2715/2785/2527
f 2737/2807/2528 2572/2642/2528 2568/2638/2528 2567/2637/2528
f 2737/2807/2529 2567/2637/2529 374/365/2529 373/364/2529
f 2737/2807/2530 373/364/2530 375/366/2530 2712/2782/2530
f 2724/2794/2531 2596/2666/2531 2592/2662/2531 2590/2660/2531
f 2696/2766/2532 2694/2764/2532 2693/2763/2532 2614/2684/2532
f 2693/2763/2533 2618/2688/2533 2615/2685/2533 2614/2684/2533
f 2693/2763/2534 2691/2761/2534 2738/2808/2534 2618/2688/2534
f 2738/2808/2535 2623/2693/2535 2619/2689/2535 2618/2688/2535
f 2738/2808/2536 2691/2761/2536 2689/2759/2536 2739/2809/2536
f 2738/2808/2537 2739/2809/2537 2740/2810/2537 2623/2693/2537
f 2740/2810/2538 2628/2698/2538 2624/2694/2538 2623/2693/2538
f 2740/2810/2539 2739/2809/2539 2686/2756/2539 2741/2811/2539
f 2740/2810/2540 2741/2811/2540 2742/2812/2540 2628/2698/2540
f 2742/2812/2541 2633/2703/2541 2629/2699/2541 2628/2698/2541
f 2742/2812/2542 2741/2811/2542 2683/2753/2542 2743/2813/2542
f 2742/2812/2543 2743/2813/2543 2744/2814/2543 2633/2703/2543
f 2744/2814/2544 2638/2708/2544 2634/2704/2544 2633/2703/2544
f 2744/2814/2545 2743/2813/2545 2680/2750/2545 2745/2815/2545
f 2744/2814/2546 2745/2815/2546 2746/2816/2546 2638/2708/2546
f 2746/2816/2547 2643/2713/2547 2639/2709/2547 2638/2708/2547
f 2746/2816/2548 2745/2815/2548 2677/2747/2548 2747/2817/2548
f 2746/2816/2549 2747/2817/2549 2748/2818/2549 2643/2713/2549
f 2748/2818/2550 2648/2718/2550 2644/2714/2550 2643/2713/2550
f 2748/2818/2551 2747/2817/2551 2674/2744/2551 2749/2819/2551
f 2748/2818/2552 2749/2819/2552 2750/2820/2552 2648/2718/2552
f 2750/2820/2553 2653/2723/2553 2649/2719/2553 2648/2718/2553
f 2750/2820/2554 2749/2819/2554 2671/2741/2554 2751/2821/2554
f 2750/2820/2555 2751/2821/2555 2661/2731/2555 2653/2723/2555
f 2751/2821/2556 2671/2741/2556 2669/2739/2556 2665/2735/2556
f 2751/2821/2557 2665/2735/2557 2662/2732/2557 2661/2731/2557
f 2749/2819/2558 2674/2744/2558 2672/2742/2558 2671/2741/2558
f 2747/2817/2559 2677/2747/2559 2675/2745/2559 2674/2744/2559
f 2745/2815/2560 2680/2750/2560 2678/2748/2560 2677/2747/2560
f 2743/2813/2561 2683/2753/2561 2681/2751/2561 2680/2750/2561
f 2741/2811/2562 2686/2756/2562 2684/2754/2562 2683/2753/2562
f 2739/2809/2563 2689/2759/2563 2687/2757/2563 2686/2756/2563
f 2661/2731/2564 2658/2728/2564 2654/2724/2564 2653/2723/2564
f 2657/2727/2565 2752/2822/2565 2753/2823/2565 2754/2824/2565
f 2657/2727/2566 2754/2824/2566 2652/2722/2566 2651/2721/2566
f 2657/2727/2567 2656/2726/2567 2755/2825/2567 2752/2822/2567
f 2755/2825/2568 963/977/2568 962/976/2568 2752/2822/2568
f 2755/2825/2569 2656/2726/2569 970/984/2569 968/982/2569
f 2755/2825/2570 968/982/2570 965/979/2570 963/977/2570
f 2754/2824/2571 2753/2823/2571 2756/2826/2571 2757/2827/2571
f 2754/2824/2572 2757/2827/2572 2758/2828/2572 2652/2722/2572
f 2758/2828/2573 2757/2827/2573 2759/2829/2573 2760/2830/2573
f 2758/2828/2574 2760/2830/2574 2761/2831/2574 2647/2717/2574
f 2758/2828/2575 2647/2717/2575 2646/2716/2575 2652/2722/2575
f 2761/2831/2576 2760/2830/2576 2762/2832/2576 2763/2833/2576
f 2761/2831/2577 2763/2833/2577 2764/2834/2577 2642/2712/2577
f 2761/2831/2578 2642/2712/2578 2641/2711/2578 2647/2717/2578
f 2764/2834/2579 2763/2833/2579 2765/2835/2579 2766/2836/2579
f 2764/2834/2580 2766/2836/2580 2767/2837/2580 2637/2707/2580
f 2764/2834/2581 2637/2707/2581 2636/2706/2581 2642/2712/2581
f 2767/2837/2582 2766/2836/2582 2768/2838/2582 2769/2839/2582
f 2767/2837/2583 2769/2839/2583 2770/2840/2583 2632/2702/2583
f 2767/2837/2584 2632/2702/2584 2631/2701/2584 2637/2707/2584
f 2770/2840/2585 2769/2839/2585 329/314/2585 328/313/2585
f 2770/2840/2586 328/313/2586 331/316/2586 2627/2697/2586
f 2770/2840/2587 2627/2697/2587 2626/2696/2587 2632/2702/2587
f 2769/2839/2588 2768/2838/2588 125/79/2588 329/314/2588
f 2768/2838/2589 2771/2841/2589 126/80/2589 125/79/2589
f 2768/2838/2590 2766/2836/2590 2765/2835/2590 2771/2841/2590
f 2771/2841/2591 2772/2842/2591 2773/2843/2591 126/80/2591
f 2771/2841/2592 2765/2835/2592 2774/2844/2592 2772/2842/2592
f 2774/2844/2593 2775/2845/2593 2776/2846/2593 2772/2842/2593
f 2774/2844/2594 2765/2835/2594 2763/2833/2594 2762/2832/2594
f 2774/2844/2595 2762/2832/2595 2777/2847/2595 2775/2845/2595
f 2777/2847/2596 2778/2848/2596 2779/2849/2596 2775/2845/2596
f 2777/2847/2597 2762/2832/2597 2760/2830/2597 2759/2829/2597
f 2777/2847/2598 2759/2829/2598 2780/2850/2598 2778/2848/2598
f 2780/2850/2599 2781/2851/2599 2782/2852/2599 2778/2848/2599
f 2780/2850/2600 2759/2829/2600 2757/2827/2600 2756/2826/2600
f 2780/2850/2601 2756/2826/2601 2783/2853/2601 2781/2851/2601
f 2783/2853/2602 956/970/2602 954/968/2602 2781/2851/2602
f 2783/2853/2603 2756/2826/2603 2753/2823/2603 961/975/2603
f 2783/2853/2604 961/975/2604 958/972/2604 956/970/2604
f 2782/2852/2605 952/966/2605 951/965/2605 2784/2854/2605
f 2782/2852/2606 2784/2854/2606 2779/2849/2606 2778/2848/2606
f 2782/2852/2607 2781/2851/2607 954/968/2607 952/966/2607
f 2784/2854/2608 951/965/2608 950/964/2608 2785/2855/2608
f 2784/2854/2609 2785/2855/2609 2786/2856/2609 2779/2849/2609
f 2786/2856/2610 2785/2855/2610 2787/2857/2610 2788/2858/2610
f 2786/2856/2611 2788/2858/2611 2789/2859/2611 2776/2846/2611
f 2786/2856/2612 2776/2846/2612 2775/2845/2612 2779/2849/2612
f 2789/2859/2613 2788/2858/2613 2790/2860/2613 2791/2861/2613
f 2789/2859/2614 2791/2861/2614 2792/2862/2614 2773/2843/2614
f 2789/2859/2615 2773/2843/2615 2772/2842/2615 2776/2846/2615
f 2792/2862/2616 2791/2861/2616 409/408/2616 2793/2863/2616
f 2792/2862/2617 2793/2863/2617 121/75/2617 120/74/2617
f 2792/2862/2618 120/74/2618 126/80/2618 2773/2843/2618
f 2793/2863/2619 409/408/2619 408/407/2619 2794/2864/2619
f 2793/2863/2620 2794/2864/2620 406/404/2620 121/75/2620
f 2794/2864/2621 408/407/2621 412/411/2621 2795/2865/2621
f 2794/2864/2622 2795/2865/2622 407/405/2622 406/404/2622
f 2795/2865/2623 2796/2866/2623 2797/2867/2623 407/405/2623
f 2795/2865/2624 412/411/2624 2798/2868/2624 2796/2866/2624
f 2798/2868/2625 2799/2869/2625 2800/2870/2625 2796/2866/2625
f 2798/2868/2626 412/411/2626 411/410/2626 2801/2871/2626
f 2798/2868/2627 2801/2871/2627 2802/2872/2627 2799/2869/2627
f 2802/2872/2628 937/951/2628 936/950/2628 2799/2869/2628
f 2802/2872/2629 2801/2871/2629 2803/2873/2629 2804/2874/2629
f 2802/2872/2630 2804/2874/2630 939/953/2630 937/951/2630
f 2804/2874/2631 2803/2873/2631 2805/2875/2631 2806/2876/2631
f 2804/2874/2632 2806/2876/2632 941/955/2632 939/953/2632
f 2806/2876/2633 2805/2875/2633 2807/2877/2633 947/961/2633
f 2806/2876/2634 947/961/2634 945/959/2634 941/955/2634
f 2807/2877/2635 2805/2875/2635 2808/2878/2635 2787/2857/2635
f 2807/2877/2636 2787/2857/2636 2785/2855/2636 950/964/2636
f 2807/2877/2637 950/964/2637 948/962/2637 947/961/2637
f 2808/2878/2638 2805/2875/2638 2803/2873/2638 413/412/2638
f 2808/2878/2639 413/412/2639 410/409/2639 2790/2860/2639
f 2808/2878/2640 2790/2860/2640 2788/2858/2640 2787/2857/2640
f 2803/2873/2641 2801/2871/2641 411/410/2641 413/412/2641
f 2800/2870/2642 932/946/2642 930/944/2642 929/943/2642
f 2800/2870/2643 929/943/2643 2797/2867/2643 2796/2866/2643
f 2800/2870/2644 2799/2869/2644 936/950/2644 932/946/2644
f 2797/2867/2645 929/943/2645 927/941/2645 402/400/2645
f 2797/2867/2646 402/400/2646 54/396/2646 407/405/2646
f 2791/2861/2647 2790/2860/2647 410/409/2647 409/408/2647
f 2753/2823/2648 2752/2822/2648 962/976/2648 961/975/2648
f 2627/2697/2649 331/316/2649 2622/2692/2649 2621/2691/2649
f 2622/2692/2650 331/316/2650 330/315/2650 140/98/2650
f 2622/2692/2651 140/98/2651 137/95/2651 2617/2687/2651
f 2608/2678/2652 2605/2675/2652 2602/2672/2652 2601/2671/2652
f 2585/2655/2653 909/923/2653 907/921/2653 906/920/2653
f 2585/2655/2654 906/920/2654 2581/2651/2654 2580/2650/2654
f 2585/2655/2655 915/929/2655 913/927/2655 909/923/2655
f 2581/2651/2656 906/920/2656 904/918/2656 2809/2879/2656
f 2581/2651/2657 2809/2879/2657 2576/2646/2657 2575/2645/2657
f 2809/2879/2658 904/918/2658 903/917/2658 2810/2880/2658
f 2809/2879/2659 2810/2880/2659 2811/2881/2659 2576/2646/2659
f 2811/2881/2660 2810/2880/2660 2812/2882/2660 2813/2883/2660
f 2811/2881/2661 2813/2883/2661 2814/2884/2661 2571/2641/2661
f 2811/2881/2662 2571/2641/2662 2570/2640/2662 2576/2646/2662
f 2814/2884/2663 2813/2883/2663 2815/2885/2663 2816/2886/2663
f 2814/2884/2664 2816/2886/2664 2817/2887/2664 2566/2636/2664
f 2814/2884/2665 2566/2636/2665 2565/2635/2665 2571/2641/2665
f 2817/2887/2666 2816/2886/2666 2818/2888/2666 2819/2889/2666
f 2817/2887/2667 2819/2889/2667 2820/2890/2667 2561/2631/2667
f 2817/2887/2668 2561/2631/2668 2560/2630/2668 2566/2636/2668
f 2820/2890/2669 2819/2889/2669 2821/2891/2669 2822/2892/2669
f 2820/2890/2670 2822/2892/2670 2823/2893/2670 2557/2627/2670
f 2820/2890/2671 2557/2627/2671 2556/2626/2671 2561/2631/2671
f 2823/2893/2672 2822/2892/2672 2824/2894/2672 2825/2895/2672
f 2823/2893/2673 2825/2895/2673 2826/2896/2673 2553/2623/2673
f 2823/2893/2674 2553/2623/2674 2552/2622/2674 2557/2627/2674
f 2826/2896/2675 2825/2895/2675 2827/2897/2675 313/296/2675
f 2826/2896/2676 313/296/2676 39/289/2676 312/295/2676
f 2826/2896/2677 312/295/2677 2554/2624/2677 2553/2623/2677
f 2827/2897/2678 2828/2898/2678 2829/2899/2678 2830/2900/2678
f 2827/2897/2679 2830/2900/2679 314/297/2679 313/296/2679
f 2827/2897/2680 2825/2895/2680 2824/2894/2680 2828/2898/2680
f 2830/2900/2681 2829/2899/2681 2831/2901/2681 2832/2902/2681
f 2830/2900/2682 2832/2902/2682 1231/1252/2682 314/297/2682
f 2832/2902/2683 2831/2901/2683 369/359/2683 1226/1247/2683
f 2832/2902/2684 1226/1247/2684 1225/1246/2684 1231/1252/2684
f 2831/2901/2685 2833/2903/2685 367/357/2685 369/359/2685
f 2831/2901/2686 2829/2899/2686 2834/2904/2686 2833/2903/2686
f 2834/2904/2687 2835/2905/2687 2836/2906/2687 2833/2903/2687
f 2834/2904/2688 2829/2899/2688 2828/2898/2688 2837/2907/2688
f 2834/2904/2689 2837/2907/2689 2838/2908/2689 2835/2905/2689
f 2838/2908/2690 2839/2909/2690 351/339/2690 2835/2905/2690
f 2838/2908/2691 2837/2907/2691 2840/2910/2691 2841/2911/2691
f 2838/2908/2692 2841/2911/2692 2842/2912/2692 2839/2909/2692
f 2842/2912/2693 2843/2913/2693 2844/2914/2693 2839/2909/2693
f 2842/2912/2694 2841/2911/2694 2845/2915/2694 2846/2916/2694
f 2842/2912/2695 2846/2916/2695 2847/2917/2695 2843/2913/2695
f 2847/2917/2696 891/905/2696 889/903/2696 2843/2913/2696
f 2847/2917/2697 2846/2916/2697 2848/2918/2697 2849/2919/2697
f 2847/2917/2698 2849/2919/2698 893/907/2698 891/905/2698
f 2849/2919/2699 2848/2918/2699 2815/2885/2699 2850/2920/2699
f 2849/2919/2700 2850/2920/2700 895/909/2700 893/907/2700
f 2850/2920/2701 2815/2885/2701 2813/2883/2701 2812/2882/2701
f 2850/2920/2702 2812/2882/2702 902/916/2702 895/909/2702
f 2848/2918/2703 2846/2916/2703 2845/2915/2703 2818/2888/2703
f 2848/2918/2704 2818/2888/2704 2816/2886/2704 2815/2885/2704
f 2845/2915/2705 2841/2911/2705 2840/2910/2705 2821/2891/2705
f 2845/2915/2706 2821/2891/2706 2819/2889/2706 2818/2888/2706
f 2844/2914/2707 887/901/2707 357/345/2707 352/340/2707
f 2844/2914/2708 352/340/2708 351/339/2708 2839/2909/2708
f 2844/2914/2709 2843/2913/2709 889/903/2709 887/901/2709
f 2840/2910/2710 2837/2907/2710 2828/2898/2710 2824/2894/2710
f 2840/2910/2711 2824/2894/2711 2822/2892/2711 2821/2891/2711
f 2836/2906/2712 350/338/2712 349/337/2712 368/358/2712
f 2836/2906/2713 368/358/2713 367/357/2713 2833/2903/2713
f 2836/2906/2714 2835/2905/2714 351/339/2714 350/338/2714
f 2812/2882/2715 2810/2880/2715 903/917/2715 902/916/2715
f 2567/2637/2716 2563/2633/2716 2562/2632/2716 374/365/2716
f 2554/2624/2717 312/295/2717 305/287/2717 304/286/2717
f 2509/2579/2718 2507/2577/2718 2851/2921/2718 280/258/2718
f 2851/2921/2719 2852/2922/2719 277/255/2719 280/258/2719
f 2851/2921/2720 2507/2577/2720 293/273/2720 292/272/2720
f 2851/2921/2721 292/272/2721 291/271/2721 2852/2922/2721
f 2852/2922/2722 2853/2923/2722 278/256/2722 277/255/2722
f 2852/2922/2723 291/271/2723 2854/2924/2723 2853/2923/2723
f 2854/2924/2724 2422/2492/2724 2855/2925/2724 2853/2923/2724
f 2854/2924/2725 291/271/2725 290/270/2725 2425/2495/2725
f 2854/2924/2726 2425/2495/2726 2423/2493/2726 2422/2492/2726
f 2855/2925/2727 983/997/2727 981/995/2727 980/994/2727
f 2855/2925/2728 980/994/2728 278/256/2728 2853/2923/2728
f 2855/2925/2729 2422/2492/2729 2420/2490/2729 983/997/2729
f 2475/2545/2730 300/282/2730 38/281/2730 2472/2542/2730
f 2426/2496/2731 2425/2495/2731 290/270/2731 289/269/2731
f 2420/2490/2732 986/1001/2732 984/998/2732 983/997/2732
f 1459/1487/2733 1458/1486/2733 87/35/2733 86/34/2733
f 1459/1487/2734 86/34/2734 1262/1283/2734 1261/1282/2734
f 1459/1487/2735 1261/1282/2735 1268/1289/2735 1456/1484/2735
f 1446/1474/2736 1444/1472/2736 226/196/2736 225/195/2736
f 1442/1470/2737 1441/1469/2737 227/197/2737 226/196/2737
f 1366/1391/2738 1091/1111/2738 1087/1104/2738 1086/1103/2738
f 1362/1387/2739 1094/1386/2739 1092/1112/2739 1091/1111/2739
f 1358/1381/2740 1097/1118/2740 1095/1116/2740 1094/1115/2740
f 1348/1369/2741 1347/1368/2741 1101/1122/2741 1099/1120/2741
f 1347/1368/2742 1343/1364/2742 1342/1363/2742 2856/2926/2742
f 1347/1368/2743 2856/2926/2743 1103/1124/2743 1101/1122/2743
f 2856/2926/2744 1342/1363/2744 2857/2927/2744 2858/2928/2744
f 2856/2926/2745 2858/2928/2745 1105/1126/2745 1103/1124/2745
f 2858/2928/2746 2857/2927/2746 2859/2929/2746 2860/2930/2746
f 2858/2928/2747 2860/2930/2747 1107/1128/2747 1105/1126/2747
f 2860/2930/2748 2859/2929/2748 1119/1140/2748 1117/1138/2748
f 2860/2930/2749 1117/1138/2749 1115/1136/2749 1107/1128/2749
f 2859/2929/2750 2857/2927/2750 1337/1358/2750 2861/2931/2750
f 2859/2929/2751 2861/2931/2751 2862/2932/2751 1119/1140/2751
f 2862/2932/2752 2861/2931/2752 1332/1353/2752 2863/2933/2752
f 2862/2932/2753 2863/2933/2753 2864/2934/2753 1122/1143/2753
f 2862/2932/2754 1122/1143/2754 1120/1141/2754 1119/1140/2754
f 2864/2934/2755 2863/2933/2755 1327/1348/2755 2865/2935/2755
f 2864/2934/2756 2865/2935/2756 2866/2936/2756 1125/1146/2756
f 2864/2934/2757 1125/1146/2757 1123/1144/2757 1122/1143/2757
f 2866/2936/2758 2865/2935/2758 1322/1343/2758 2867/2937/2758
f 2866/2936/2759 2867/2937/2759 2868/2938/2759 1128/1149/2759
f 2866/2936/2760 1128/1149/2760 1126/1147/2760 1125/1146/2760
f 2868/2938/2761 2867/2937/2761 1317/1338/2761 2869/2939/2761
f 2868/2938/2762 2869/2939/2762 2870/2940/2762 2871/2941/2762
f 2868/2938/2763 2871/2941/2763 1129/1150/2763 1128/1149/2763
f 2871/2941/2764 2870/2940/2764 2872/2942/2764 1133/1154/2764
f 2871/2941/2765 1133/1154/2765 1130/1151/2765 1129/1150/2765
f 2872/2942/2766 2870/2940/2766 2873/2943/2766 2874/2944/2766
f 2872/2942/2767 2874/2944/2767 1140/1161/2767 1136/1157/2767
f 2872/2942/2768 1136/1157/2768 1134/1155/2768 1133/1154/2768
f 2874/2944/2769 2873/2943/2769 1307/1328/2769 2875/2945/2769
f 2874/2944/2770 2875/2945/2770 1141/1162/2770 1140/1161/2770
f 2875/2945/2771 1307/1328/2771 1303/1324/2771 1302/1323/2771
f 2875/2945/2772 1302/1323/2772 1143/1164/2772 1141/1162/2772
f 2873/2943/2773 1312/1333/2773 1308/1329/2773 1307/1328/2773
f 2873/2943/2774 2870/2940/2774 2869/2939/2774 1312/1333/2774
f 2869/2939/2775 1317/1338/2775 1313/1334/2775 1312/1333/2775
f 2867/2937/2776 1322/1343/2776 1318/1339/2776 1317/1338/2776
f 2865/2935/2777 1327/1348/2777 1323/1344/2777 1322/1343/2777
f 2863/2933/2778 1332/1353/2778 1328/1349/2778 1327/1348/2778
f 2861/2931/2779 1337/1358/2779 1333/1354/2779 1332/1353/2779
f 2857/2927/2780 1342/1363/2780 1338/1359/2780 1337/1358/2780
f 1302/1323/2781 1298/1319/2781 1145/1166/2781 1143/1164/2781
f 1294/1315/2782 1148/1169/2782 1146/1167/2782 1145/1166/2782
f 1290/1311/2783 1152/1173/2783 1149/1170/2783 1148/1169/2783
f 1286/1307/2784 1155/1176/2784 1153/1174/2784 1152/1173/2784
f 1282/1303/2785 1159/1180/2785 1156/1177/2785 1155/1176/2785
f 1275/1296/2786 200/166/2786 199/165/2786 1272/1293/2786
f 1262/1283/2787 86/34/2787 85/33/2787 1255/1276/2787
f 1256/1277/2788 1255/1276/2788 85/33/2788 91/39/2788
f 1250/1271/2789 1249/1270/2789 2876/2946/2789 1182/1203/2789
f 2876/2946/2790 1249/1270/2790 2877/2947/2790 2878/2948/2790
f 2876/2946/2791 2878/2948/2791 1187/1208/2791 1185/1206/2791
f 2876/2946/2792 1185/1206/2792 1183/1204/2792 1182/1203/2792
f 2878/2948/2793 2877/2947/2793 2879/2949/2793 2880/2950/2793
f 2878/2948/2794 2880/2950/2794 1189/1210/2794 1187/1208/2794
f 2880/2950/2795 2879/2949/2795 2881/2951/2795 102/53/2795
f 2880/2950/2796 102/53/2796 101/52/2796 1189/1210/2796
f 2881/2951/2797 2879/2949/2797 2882/2952/2797 2883/2953/2797
f 2881/2951/2798 2883/2953/2798 2884/2954/2798 2885/2955/2798
f 2881/2951/2799 2885/2955/2799 103/54/2799 102/53/2799
f 2885/2955/2800 2884/2954/2800 2886/2956/2800 2887/2957/2800
f 2885/2955/2801 2887/2957/2801 104/55/2801 103/54/2801
f 2887/2957/2802 2886/2956/2802 180/144/2802 179/143/2802
f 2887/2957/2803 179/143/2803 178/142/2803 104/55/2803
f 2886/2956/2804 2884/2954/2804 2888/2958/2804 2889/2959/2804
f 2886/2956/2805 2889/2959/2805 2890/2960/2805 180/144/2805
f 2890/2960/2806 2889/2959/2806 2891/2961/2806 2892/2962/2806
f 2890/2960/2807 2892/2962/2807 2893/2963/2807 2894/2964/2807
f 2890/2960/2808 2894/2964/2808 181/145/2808 180/144/2808
f 2894/2964/2809 2893/2963/2809 2895/2965/2809 2896/2966/2809
f 2894/2964/2810 2896/2966/2810 182/146/2810 181/145/2810
f 2896/2966/2811 1197/1218/2811 1195/1216/2811 182/146/2811
f 2896/2966/2812 2895/2965/2812 2897/2967/2812 1197/1218/2812
f 2897/2967/2813 1201/1222/2813 1198/1219/2813 1197/1218/2813
f 2897/2967/2814 2895/2965/2814 2898/2968/2814 2899/2969/2814
f 2897/2967/2815 2899/2969/2815 2900/2970/2815 1201/1222/2815
f 2900/2970/2816 1206/1227/2816 1202/1223/2816 1201/1222/2816
f 2900/2970/2817 2899/2969/2817 393/389/2817 1213/1234/2817
f 2900/2970/2818 1213/1234/2818 1211/1232/2818 1206/1227/2818
f 2899/2969/2819 2898/2968/2819 391/387/2819 393/389/2819
f 2898/2968/2820 2895/2965/2820 2893/2963/2820 2901/2971/2820
f 2898/2968/2821 2901/2971/2821 392/388/2821 391/387/2821
f 2901/2971/2822 2902/2972/2822 2903/2973/2822 392/388/2822
f 2901/2971/2823 2893/2963/2823 2892/2962/2823 2902/2972/2823
f 2903/2973/2824 1227/1248/2824 1223/1244/2824 1222/1243/2824
f 2903/2973/2825 1222/1243/2825 388/384/2825 392/388/2825
f 2903/2973/2826 2902/2972/2826 2904/2974/2826 1227/1248/2826
f 2904/2974/2827 1232/1253/2827 1228/1249/2827 1227/1248/2827
f 2904/2974/2828 2902/2972/2828 2892/2962/2828 2891/2961/2828
f 2904/2974/2829 2891/2961/2829 2905/2975/2829 1232/1253/2829
f 2905/2975/2830 1235/1256/2830 1233/1254/2830 1232/1253/2830
f 2905/2975/2831 2891/2961/2831 2889/2959/2831 2888/2958/2831
f 2905/2975/2832 2888/2958/2832 2906/2976/2832 1235/1256/2832
f 2906/2976/2833 1239/1260/2833 1236/1257/2833 1235/1256/2833
f 2906/2976/2834 2888/2958/2834 2884/2954/2834 2883/2953/2834
f 2906/2976/2835 2883/2953/2835 2882/2952/2835 1239/1260/2835
f 2882/2952/2836 1244/1265/2836 1240/1261/2836 1239/1260/2836
f 2882/2952/2837 2879/2949/2837 2877/2947/2837 1244/1265/2837
f 2877/2947/2838 1249/1270/2838 1245/1266/2838 1244/1265/2838
f 1243/1264/2839 310/293/2839 309/292/2839 1238/1259/2839
f 1231/1252/2840 1230/1251/2840 307/290/2840 314/297/2840
f 1226/1247/2841 369/359/2841 366/356/2841 1221/1242/2841
f 1222/1243/2842 1219/1240/2842 389/385/2842 388/384/2842
f 1215/1236/2843 1214/1235/2843 390/386/2843 389/385/2843
f 1214/1235/2844 1213/1234/2844 393/389/2844 390/386/2844
f 1205/1226/2845 878/892/2845 2907/2977/2845 317/301/2845
f 1205/1226/2846 317/301/2846 316/300/2846 1200/1221/2846
f 1205/1226/2847 1204/1225/2847 879/893/2847 878/892/2847
f 2907/2977/2848 872/886/2848 870/884/2848 2908/2978/2848
f 2907/2977/2849 2908/2978/2849 315/299/2849 317/301/2849
f 2907/2977/2850 878/892/2850 876/890/2850 872/886/2850
f 2908/2978/2851 870/884/2851 868/882/2851 867/881/2851
f 2908/2978/2852 867/881/2852 209/176/2852 315/299/2852
f 1195/1216/2853 1193/1214/2853 177/141/2853 182/146/2853
f 1193/1214/2854 1192/1213/2854 178/142/2854 177/141/2854
f 1192/1213/2855 105/56/2855 104/55/2855 178/142/2855
f 1115/1136/2856 1110/1131/2856 1108/1129/2856 1107/1128/2856
f 1076/1093/2857 1074/1091/2857 1063/1080/2857 1062/1079/2857
f 1074/1091/2858 1070/1087/2858 1065/1082/2858 1063/1080/2858
f 1045/1062/2859 1043/1060/2859 162/124/2859 161/123/2859
f 1041/1058/2860 2909/2979/2860 163/125/2860 162/124/2860
f 1041/1058/2861 1038/1055/2861 1036/1053/2861 2909/2979/2861
f 2909/2979/2862 1036/1053/2862 1034/1051/2862 1033/1050/2862
f 2909/2979/2863 1033/1050/2863 166/128/2863 163/125/2863
f 980/994/2864 978/992/2864 274/252/2864 278/256/2864
f 927/941/2865 925/939/2865 403/401/2865 402/400/2865
f 902/916/2866 898/912/2866 896/910/2866 895/909/2866
f 867/881/2867 865/879/2867 210/177/2867 209/176/2867
f 865/879/2868 863/877/2868 211/178/2868 210/177/2868
f 863/877/2869 862/876/2869 347/334/2869 211/178/2869
f 862/876/2870 861/875/2870 344/331/2870 347/334/2870
f 861/875/2871 189/155/2871 193/159/2871 344/331/2871
f 861/875/2872 859/873/2872 190/156/2872 189/155/2872
f 856/870/2873 854/868/2873 191/157/2873 190/156/2873
f 854/868/2874 852/866/2874 194/160/2874 191/157/2874
f 850/864/2875 849/863/2875 195/161/2875 194/160/2875
f 816/830/2876 813/827/2876 807/821/2876 806/820/2876
f 773/784/2877 711/714/2877 709/712/2877 708/711/2877
f 762/770/2878 742/750/2878 738/746/2878 736/744/2878
f 729/736/2879 727/733/2879 712/715/2879 711/714/2879
f 727/733/2880 725/729/2880 713/716/2880 712/715/2880
f 725/729/2881 723/726/2881 715/718/2881 713/716/2881
f 700/703/2882 698/701/2882 697/700/2882 82/29/2882
f 659/662/2883 658/661/2883 282/261/2883 281/260/2883
f 639/639/2884 260/235/2884 31/231/2884 634/634/2884
f 601/601/2885 599/599/2885 363/352/2885 360/349/2885
f 597/597/2886 596/596/2886 361/350/2886 363/352/2886
f 574/574/2887 572/572/2887 571/571/2887 398/395/2887
f 543/543/2888 541/541/2888 59/3/2888 58/2/2888
f 541/541/2889 385/380/2889 384/379/2889 59/3/2889
f 472/472/2890 170/133/2890 169/132/2890 467/467/2890
f 451/451/2891 450/450/2891 175/138/2891 174/137/2891
f 416/416/2892 415/415/2892 109/61/2892 108/60/2892
f 406/404/2893 401/399/2893 122/76/2893 121/75/2893
f 401/399/2894 400/398/2894 123/77/2894 122/76/2894
f 400/398/2895 127/83/2895 12/81/2895 123/77/2895
f 384/379/2896 383/378/2896 60/4/2896 59/3/2896
f 380/373/2897 379/372/2897 345/332/2897 341/328/2897
f 347/334/2898 346/333/2898 206/173/2898 211/178/2898
f 346/333/2899 345/332/2899 207/174/2899 206/173/2899
f 332/317/2900 138/96/2900 140/98/2900 330/315/2900
f 299/280/2901 296/277/2901 283/262/2901 282/261/2901
f 285/264/2902 284/263/2902 272/249/2902 271/248/2902
f 263/238/2903 248/221/2903 247/220/2903 257/232/2903
f 243/215/2904 231/201/2904 229/199/2904 241/213/2904
f 242/214/2905 241/213/2905 229/199/2905 228/198/2905
f 234/205/2906 75/22/2906 3/18/2906 74/21/2906
f 160/121/2907 147/107/2907 150/110/2907 154/115/2907
usemtl Материал
f 2910/2980/2908 2918/2981/2908 2919/2982/2908 2920/2983/2908
f 2910/2980/2909 2921/2984/2909 2922/2985/2909 2918/2981/2909
f 2910/2980/2910 2920/2983/2910 2923/2986/2910 2921/2984/2910
f 2911/2987/2911 2924/2988/2911 2925/2989/2911 2926/2990/2911
f 2911/2987/2912 2927/2991/2912 2928/2992/2912 2924/2988/2912
f 2911/2987/2913 2926/2990/2913 2929/2993/2913 2927/2991/2913
f 2912/2994/2914 2930/2995/2914 2931/2996/2914 2932/2997/2914
f 2912/2994/2915 2933/2998/2915 2934/2999/2915 2930/2995/2915
f 2912/2994/2916 2932/2997/2916 2935/3000/2916 2933/2998/2916
f 2913/3001/2917 2936/3002/2917 2937/3003/2917 2938/3004/2917
f 2913/3001/2918 2938/3004/2918 2939/3005/2918 2940/3006/2918
f 2913/3001/2919 2940/3006/2919 2941/3007/2919 2936/3002/2919
f 2914/3008/2920 2942/3009/2920 2943/3010/2920 2944/3011/2920
f 2914/3008/2921 2944/3011/2921 2945/3012/2921 2946/3013/2921
f 2914/3008/2922 2946/3013/2922 2947/3014/2922 2942/3009/2922
f 2915/3015/2923 2948/3016/2923 2949/3017/2923 2950/3018/2923
f 2915/3015/2924 2951/3019/2924 2952/3020/2924 2948/3016/2924
f 2915/3015/2925 2950/3018/2925 2953/3021/2925 2951/3019/2925
f 2916/3022/2926 2954/3023/2926 2955/3024/2926 2956/3025/2926
f 2916/3026/2927 2956/3027/2927 2957/3028/2927 2958/3029/2927
f 2917/3030/2928 2959/3031/2928 2960/3032/2928 2961/3033/2928
f 2917/3030/2929 2961/3033/2929 2962/3034/2929 2963/3035/2929
f 2917/3030/2930 2963/3035/2930 2964/3036/2930 2959/3031/2930
f 2964/3036/2931 2965/3037/2931 2925/2989/2931 2924/2988/2931
f 2964/3036/2932 2924/2988/2932 2928/2992/2932 2959/3031/2932
f 2964/3036/2933 2963/3035/2933 2931/2996/2933 2965/3037/2933
f 2965/3037/2934 2966/3038/2934 2967/3039/2934 2925/2989/2934
f 2965/3037/2935 2931/2996/2935 2930/2995/2935 2966/3038/2935
f 2967/3039/2936 2968/3040/2936 2969/3041/2936 2970/3042/2936
f 2967/3039/2937 2970/3042/2937 2926/2990/2937 2925/2989/2937
f 2967/3039/2938 2966/3038/2938 2971/3043/2938 2968/3040/2938
f 2971/3043/2939 2972/3044/2939 2949/3017/2939 2968/3040/2939
f 2971/3043/2940 2966/3038/2940 2930/2995/2940 2934/2999/2940
f 2971/3043/2941 2934/2999/2941 2973/3045/2941 2972/3044/2941
f 2973/3045/2942 2937/3003/2942 2974/3046/2942 2972/3044/2942
f 2973/3045/2943 2934/2999/2943 2933/2998/2943 2975/3047/2943
f 2973/3045/2944 2975/3047/2944 2938/3004/2944 2937/3003/2944
f 2975/3047/2945 2933/2998/2945 2935/3000/2945 2976/3048/2945
f 2975/3047/2946 2976/3048/2946 2939/3005/2946 2938/3004/2946
f 2976/3048/2947 2935/3000/2947 2977/3049/2947 2978/3050/2947
f 2976/3048/2948 2978/3050/2948 2979/3051/2948 2939/3005/2948
f 2979/3051/2949 2947/3052/2949 2940/3006/2949 2939/3005/2949
f 2979/3053/2950 2978/3054/2950 2980/3055/2950 2981/3056/2950
f 2979/3053/2951 2981/3056/2951 2942/3009/2951 2947/3014/2951
f 2981/3056/2952 2980/3055/2952 2982/3057/2952 2983/3058/2952
f 2981/3056/2953 2983/3058/2953 2943/3010/2953 2942/3009/2953
f 2983/3058/2954 2982/3057/2954 2984/3059/2954 2985/3060/2954
f 2983/3058/2955 2985/3060/2955 2922/2985/2955 2943/3010/2955
f 2985/3060/2956 2984/3059/2956 2955/3024/2956 2986/3061/2956
f 2985/3060/2957 2986/3061/2957 2918/2981/2957 2922/2985/2957
f 2986/3061/2958 2955/3024/2958 2954/3023/2958 2987/3062/2958
f 2986/3061/2959 2987/3062/2959 2919/2982/2959 2918/2981/2959
f 2987/3063/2960 2954/3064/2960 2988/3065/2960 2989/3066/2960
f 2987/3063/2961 2989/3066/2961 2990/3067/2961 2919/3068/2961
f 2990/3067/2962 2991/3069/2962 2920/3070/2962 2919/3068/2962
f 2990/3067/2963 2989/3066/2963 2992/3071/2963 2952/3020/2963
f 2990/3067/2964 2952/3020/2964 2951/3019/2964 2991/3069/2964
f 2992/3071/2965 2989/3066/2965 2988/3065/2965 2993/3072/2965
f 2992/3071/2966 2993/3072/2966 2970/3042/2966 2969/3041/2966
f 2992/3071/2967 2969/3041/2967 2948/3016/2967 2952/3020/2967
f 2993/3072/2968 2988/3065/2968 2958/3029/2968 2929/2993/2968
f 2993/3072/2969 2929/2993/2969 2926/2990/2969 2970/3042/2969
f 2991/3069/2970 2994/3073/2970 2923/3074/2970 2920/3070/2970
f 2991/3069/2971 2951/3019/2971 2953/3021/2971 2994/3073/2971
f 2994/3073/2972 2995/3075/2972 2945/3076/2972 2923/3074/2972
f 2994/3073/2973 2953/3021/2973 2996/3077/2973 2995/3075/2973
f 2996/3077/2974 2936/3002/2974 2941/3007/2974 2995/3075/2974
f 2996/3077/2975 2953/3021/2975 2950/3018/2975 2974/3046/2975
f 2996/3077/2976 2974/3046/2976 2937/3003/2976 2936/3002/2976
f 2995/3075/2977 2941/3007/2977 2946/3078/2977 2945/3076/2977
f 2988/3065/2978 2954/3064/2978 2916/3026/2978 2958/3029/2978
f 2984/3059/2979 2982/3057/2979 2997/3079/2979 2998/3080/2979
f 2984/3059/2980 2998/3080/2980 2956/3025/2980 2955/3024/2980
f 2998/3081/2981 2997/3082/2981 2960/3032/2981 2999/3083/2981
f 2998/3081/2982 2999/3083/2982 2957/3028/2982 2956/3027/2982
f 2999/3083/2983 2960/3032/2983 2959/3031/2983 2928/2992/2983
f 2999/3083/2984 2928/2992/2984 2927/2991/2984 2957/3028/2984
f 2997/3079/2985 2982/3057/2985 2980/3055/2985 3000/3084/2985
f 2997/3082/2986 3000/3085/2986 2961/3033/2986 2960/3032/2986
f 3000/3084/2987 2980/3055/2987 2978/3054/2987 2977/3086/2987
f 3000/3085/2988 2977/3087/2988 2962/3034/2988 2961/3033/2988
f 2977/3049/2989 2935/3000/2989 2932/2997/2989 2962/3034/2989
f 2974/3046/2990 2950/3018/2990 2949/3017/2990 2972/3044/2990
f 2969/3041/2991 2968/3040/2991 2949/3017/2991 2948/3016/2991
f 2963/3035/2992 2962/3034/2992 2932/2997/2992 2931/2996/2992
f 2958/3029/2993 2957/3028/2993 2927/2991/2993 2929/2993/2993
f 2947/3052/2994 2946/3078/2994 2941/3007/2994 2940/3006/2994
f 2945/3012/2995 2944/3011/2995 2921/2984/2995 2923/2986/2995
f 2944/3011/2996 2943/3010/2996 2922/2985/2996 2921/2984/2996
f 3001/3088/2997 3008/3089/2997 3009/3090/2997 3010/3091/2997
f 3001/3088/2998 3011/3092/2998 3012/3093/2998 3008/3089/2998
f 3001/3088/2999 3010/3091/2999 3013/3094/2999 3011/3092/2999
f 3002/3095/3000 3014/3096/3000 3015/3097/3000 3016/3098/3000
f 3002/3095/3001 3017/3099/3001 3018/3100/3001 3014/3096/3001
f 3002/3095/3002 3016/3098/3002 3019/3101/3002 3017/3099/3002
f 3003/3102/3003 3020/3103/3003 3021/3104/3003 3022/3105/3003
f 3003/3102/3004 3023/3106/3004 3024/3107/3004 3020/3103/3004
f 3003/3102/3005 3022/3105/3005 3025/3108/3005 3023/3106/3005
f 3004/3109/3006 3026/3110/3006 3027/3111/3006 3028/3112/3006
f 3004/3109/3007 3028/3112/3007 3029/3113/3007 3030/3114/3007
f 3004/3109/3008 3030/3114/3008 3031/3115/3008 3026/3110/3008
f 3005/3116/3009 3032/3117/3009 3033/3118/3009 3034/3119/3009
f 3005/3116/3010 3035/3120/3010 3036/3121/3010 3032/3117/3010
f 3005/3116/3011 3034/3119/3011 3037/3122/3011 3035/3120/3011
f 3006/3123/3012 3038/3124/3012 3039/3125/3012 3040/3126/3012
f 3006/3123/3013 3041/3127/3013 3042/3128/3013 3038/3124/3013
f 3006/3129/3014 3040/3130/3014 3043/3131/3014 3041/3132/3014
f 3007/3133/3015 3044/3134/3015 3045/3135/3015 3046/3136/3015
f 3007/3133/3016 3047/3137/3016 3048/3138/3016 3044/3134/3016
f 3007/3133/3017 3046/3136/3017 3049/3139/3017 3047/3137/3017
f 3050/3140/3018 3051/3141/3018 3052/3142/3018 3053/3143/3018
f 3053/3143/3019 3052/3142/3019 3054/3144/3019 3055/3145/3019
f 3053/3143/3020 3055/3145/3020 3056/3146/3020 3057/3147/3020
f 3053/3143/3021 3057/3147/3021 3058/3148/3021 3050/3140/3021
f 3058/3148/3022 3057/3147/3022 3059/3149/3022 3060/3150/3022
f 3058/3148/3023 3060/3150/3023 3061/3151/3023 3062/3152/3023
f 3058/3148/3024 3062/3152/3024 3051/3141/3024 3050/3140/3024
f 3062/3152/3025 3061/3151/3025 3063/3153/3025 3064/3154/3025
f 3062/3152/3026 3064/3154/3026 3065/3155/3026 3051/3141/3026
f 3065/3155/3027 3066/3156/3027 3052/3142/3027 3051/3141/3027
f 3065/3155/3028 3064/3154/3028 3024/3107/3028 3067/3157/3028
f 3065/3155/3029 3067/3157/3029 3068/3158/3029 3066/3156/3029
f 3068/3158/3030 3069/3159/3030 3070/3160/3030 3066/3156/3030
f 3068/3158/3031 3067/3157/3031 3071/3161/3031 3072/3162/3031
f 3068/3158/3032 3072/3162/3032 3073/3163/3032 3069/3159/3032
f 3073/3163/3033 3074/3164/3033 3075/3165/3033 3069/3159/3033
f 3073/3163/3034 3072/3162/3034 3076/3166/3034 3077/3167/3034
f 3073/3163/3035 3077/3167/3035 3078/3168/3035 3074/3164/3035
f 3078/3168/3036 3079/3169/3036 3080/3170/3036 3074/3164/3036
f 3078/3168/3037 3077/3167/3037 3081/3171/3037 3082/3172/3037
f 3078/3168/3038 3082/3172/3038 3039/3125/3038 3079/3169/3038
f 3082/3172/3039 3081/3171/3039 3083/3173/3039 3084/3174/3039
f 3082/3172/3040 3084/3174/3040 3040/3126/3040 3039/3125/3040
f 3084/3175/3041 3083/3176/3041 3085/3177/3041 3086/3178/3041
f 3084/3175/3042 3086/3178/3042 3043/3131/3042 3040/3130/3042
f 3086/3178/3043 3085/3177/3043 3087/3179/3043 3088/3180/3043
f 3086/3178/3044 3088/3180/3044 3089/3181/3044 3043/3131/3044
f 3089/3181/3045 3090/3182/3045 3041/3132/3045 3043/3131/3045
f 3089/3181/3046 3088/3180/3046 3091/3183/3046 3092/3184/3046
f 3089/3181/3047 3092/3184/3047 3093/3185/3047 3090/3182/3047
f 3093/3186/3048 3094/3187/3048 3095/3188/3048 3090/3189/3048
f 3093/3185/3049 3092/3184/3049 3016/3098/3049 3015/3097/3049
f 3093/3186/3050 3015/3190/3050 3096/3191/3050 3094/3187/3050
f 3096/3191/3051 3097/3192/3051 3098/3193/3051 3094/3187/3051
f 3096/3191/3052 3015/3190/3052 3014/3194/3052 3099/3195/3052
f 3096/3191/3053 3099/3195/3053 3100/3196/3053 3097/3192/3053
f 3100/3196/3054 3101/3197/3054 3102/3198/3054 3097/3192/3054
f 3100/3196/3055 3099/3195/3055 3103/3199/3055 3104/3200/3055
f 3100/3196/3056 3104/3200/3056 3105/3201/3056 3101/3197/3056
f 3105/3201/3057 3106/3202/3057 3107/3203/3057 3101/3197/3057
f 3105/3201/3058 3104/3200/3058 3108/3204/3058 3109/3205/3058
f 3105/3201/3059 3109/3205/3059 3059/3149/3059 3106/3202/3059
f 3109/3205/3060 3108/3204/3060 3110/3206/3060 3111/3207/3060
f 3109/3205/3061 3111/3207/3061 3060/3150/3061 3059/3149/3061
f 3111/3207/3062 3110/3206/3062 3112/3208/3062 3113/3209/3062
f 3111/3207/3063 3113/3209/3063 3061/3151/3063 3060/3150/3063
f 3113/3209/3064 3112/3208/3064 3114/3210/3064 3115/3211/3064
f 3113/3209/3065 3115/3211/3065 3063/3153/3065 3061/3151/3065
f 3115/3211/3066 3114/3210/3066 3116/3212/3066 3021/3104/3066
f 3115/3211/3067 3021/3104/3067 3020/3103/3067 3063/3153/3067
f 3116/3212/3068 3114/3210/3068 3011/3213/3068 3013/3214/3068
f 3116/3212/3069 3013/3214/3069 3117/3215/3069 3118/3216/3069
f 3116/3212/3070 3118/3216/3070 3022/3105/3070 3021/3104/3070
f 3118/3216/3071 3119/3217/3071 3025/3108/3071 3022/3105/3071
f 3118/3216/3072 3117/3215/3072 3120/3218/3072 3119/3217/3072
f 3120/3218/3073 3121/3219/3073 3122/3220/3073 3119/3217/3073
f 3120/3221/3074 3117/3222/3074 3123/3223/3074 3033/3118/3074
f 3120/3221/3075 3033/3118/3075 3032/3117/3075 3121/3224/3075
f 3123/3223/3076 3117/3222/3076 3013/3094/3076 3010/3091/3076
f 3123/3223/3077 3010/3091/3077 3009/3090/3077 3124/3225/3077
f 3123/3223/3078 3124/3225/3078 3034/3119/3078 3033/3118/3078
f 3124/3225/3079 3009/3090/3079 3125/3226/3079 3126/3227/3079
f 3124/3225/3080 3126/3227/3080 3037/3122/3080 3034/3119/3080
f 3126/3227/3081 3125/3226/3081 3127/3228/3081 3128/3229/3081
f 3126/3227/3082 3128/3229/3082 3129/3230/3082 3037/3122/3082
f 3129/3230/3083 3091/3183/3083 3088/3180/3083 3087/3179/3083
f 3129/3230/3084 3087/3179/3084 3035/3120/3084 3037/3122/3084
f 3129/3230/3085 3128/3229/3085 3019/3101/3085 3091/3183/3085
f 3128/3229/3086 3127/3228/3086 3017/3099/3086 3019/3101/3086
f 3127/3228/3087 3130/3231/3087 3018/3100/3087 3017/3099/3087
f 3127/3228/3088 3125/3226/3088 3131/3232/3088 3130/3231/3088
f 3131/3232/3089 3132/3233/3089 3133/3234/3089 3130/3231/3089
f 3131/3232/3090 3125/3226/3090 3009/3090/3090 3008/3089/3090
f 3131/3232/3091 3008/3089/3091 3012/3093/3091 3132/3233/3091
f 3133/3235/3092 3108/3204/3092 3104/3200/3092 3103/3199/3092
f 3133/3234/3093 3103/3236/3093 3018/3100/3093 3130/3231/3093
f 3133/3235/3094 3132/3237/3094 3110/3206/3094 3108/3204/3094
f 3132/3237/3095 3012/3238/3095 3112/3208/3095 3110/3206/3095
f 3122/3220/3096 3134/3239/3096 3076/3166/3096 3135/3240/3096
f 3122/3220/3097 3135/3240/3097 3025/3108/3097 3119/3217/3097
f 3122/3220/3098 3121/3219/3098 3136/3241/3098 3134/3239/3098
f 3136/3241/3099 3083/3173/3099 3081/3171/3099 3134/3239/3099
f 3136/3242/3100 3121/3224/3100 3032/3117/3100 3036/3121/3100
f 3136/3242/3101 3036/3121/3101 3085/3177/3101 3083/3176/3101
f 3135/3240/3102 3076/3166/3102 3072/3162/3102 3071/3161/3102
f 3135/3240/3103 3071/3161/3103 3023/3106/3103 3025/3108/3103
f 3134/3239/3104 3081/3171/3104 3077/3167/3104 3076/3166/3104
f 3114/3210/3105 3112/3208/3105 3012/3238/3105 3011/3213/3105
f 3107/3203/3106 3137/3243/3106 3138/3244/3106 3139/3245/3106
f 3107/3203/3107 3139/3245/3107 3102/3198/3107 3101/3197/3107
f 3107/3203/3108 3106/3202/3108 3056/3146/3108 3137/3243/3108
f 3139/3245/3109 3138/3244/3109 3029/3113/3109 3028/3112/3109
f 3139/3245/3110 3028/3112/3110 3027/3111/3110 3102/3198/3110
f 3138/3244/3111 3044/3134/3111 3048/3138/3111 3029/3113/3111
f 3138/3244/3112 3137/3243/3112 3045/3135/3112 3044/3134/3112
f 3137/3243/3113 3056/3146/3113 3055/3145/3113 3045/3135/3113
f 3106/3202/3114 3059/3149/3114 3057/3147/3114 3056/3146/3114
f 3103/3199/3115 3099/3195/3115 3014/3194/3115 3018/3246/3115
f 3102/3198/3116 3027/3111/3116 3098/3193/3116 3097/3192/3116
f 3098/3193/3117 3027/3111/3117 3026/3110/3117 3140/3247/3117
f 3098/3193/3118 3140/3247/3118 3095/3188/3118 3094/3187/3118
f 3140/3247/3119 3026/3110/3119 3031/3115/3119 3141/3248/3119
f 3140/3247/3120 3141/3248/3120 3042/3128/3120 3095/3188/3120
f 3141/3248/3121 3031/3115/3121 3142/3249/3121 3143/3250/3121
f 3141/3248/3122 3143/3250/3122 3038/3124/3122 3042/3128/3122
f 3143/3250/3123 3142/3249/3123 3080/3170/3123 3079/3169/3123
f 3143/3250/3124 3079/3169/3124 3039/3125/3124 3038/3124/3124
f 3142/3249/3125 3031/3115/3125 3030/3114/3125 3144/3251/3125
f 3142/3249/3126 3144/3251/3126 3145/3252/3126 3080/3170/3126
f 3145/3252/3127 3144/3251/3127 3048/3138/3127 3047/3137/3127
f 3145/3252/3128 3047/3137/3128 3049/3139/3128 3075/3165/3128
f 3145/3252/3129 3075/3165/3129 3074/3164/3129 3080/3170/3129
f 3144/3251/3130 3030/3114/3130 3029/3113/3130 3048/3138/3130
f 3095/3188/3131 3042/3128/3131 3041/3127/3131 3090/3189/3131
f 3092/3184/3132 3091/3183/3132 3019/3101/3132 3016/3098/3132
f 3087/3179/3133 3085/3177/3133 3036/3121/3133 3035/3120/3133
f 3075/3165/3134 3049/3139/3134 3070/3160/3134 3069/3159/3134
f 3071/3161/3135 3067/3157/3135 3024/3107/3135 3023/3106/3135
f 3070/3160/3136 3049/3139/3136 3046/3136/3136 3054/3144/3136
f 3070/3160/3137 3054/3144/3137 3052/3142/3137 3066/3156/3137
f 3064/3154/3138 3063/3153/3138 3020/3103/3138 3024/3107/3138
f 3055/3145/3139 3054/3144/3139 3046/3136/3139 3045/3135/3139
